OrganisationURL,OrganisationLabel,SiteReference,PreviouslyPartof,SiteNameAddress,SiteplanURL,CoordinateReferenceSystem,GeoX,GeoY,Hectares,OwnershipStatus,Deliverable,PlanningStatus,PermissionTyne,PermissionDate,PlanningHistory,ProposedForPIP,MinNetDwellings,DevelopmentDescription,Part2,NonHousingDevelopment,NetDwellingsRangeFrom,NetDwellingsRangeTo,HazardousSubstances,SiteInformation,Notes,FirstAddedDateBR,LastUpdatedDate,,,,,,,,,,
http://opendatacommunities.org/id/county-council/newcastle-upon-tyne,Newcastle upon Tyne,1008,,BT Depot  Ponteland Road  NE1 2YF,https://www.newcastle.gov.uk/sites/default/files/planning/policy/Brownfield%20Register%20Map%202019.pdf,OSGB36,-1.662791104,54.99898904,0.88,Not Owned by a Public Authority,,Not Permissioned,,,,,32,,,,32,39,,,,2018-12-17,2018-12-17,,,,,,,,,,
http://opendatacommunities.org/id/county-council/newcastle-upon-tyne,Newcastle upon Tyne,1009,,Walkergate Hospital  Benfield Road,https://www.newcastle.gov.uk/sites/default/files/planning/policy/Brownfield%20Register%20Map%202019.pdf,OSGB36,-1.56106,54.9874,3.19,Owned by a Public Authority,,Pending decision,,,,,65,Outline Planning Application for residential development of up to 72 no dwellings (Class C3) with associated infrastructure with all matters reserved except for access,,,65,79,,,,2017-12-19,2019-12-23,,,,,,,,,,
http://opendatacommunities.org/id/county-council/newcastle-upon-tyne,Newcastle upon Tyne,1026,,Gap Plant (East of Free Trade) St Lawrence Road,https://www.newcastle.gov.uk/sites/default/files/planning/policy/Brownfield%20Register%20Map%202019.pdf,OSGB36,-1.586263439,54.97094358,0.4,Not Owned by a Public Authority,,Not Permissioned,,,,,79,,,,79,97,,,,2017-12-19,2019-12-11,,,,,,,,,,
http://opendatacommunities.org/id/county-council/newcastle-upon-tyne,Newcastle upon Tyne,1029,,Land between Kirk Street and Bolam Street,https://www.newcastle.gov.uk/sites/default/files/planning/policy/Brownfield%20Register%20Map%202019.pdf,OSGB36,-1.571903991,54.97023798,0.29,Not Owned by a Public Authority,,Not Permissioned,,,,,13,,,,13,15,,,,2018-12-17,2018-12-20,,,,,,,,,,
http://opendatacommunities.org/id/county-council/newcastle-upon-tyne,Newcastle upon Tyne,1072,,Former scrap metal site  Saint Lawrence Road,https://www.newcastle.gov.uk/sites/default/files/planning/policy/Brownfield%20Register%20Map%202019.pdf,OSGB36,-1.572217447,54.96713062,0.93,Owned by a Public Authority,,Not Permissioned,,,,,45,,,,45,55,,,,2018-12-17,2019-12-23,,,,,,,,,,
http://opendatacommunities.org/id/county-council/newcastle-upon-tyne,Newcastle upon Tyne,1102,,CD2 - The Stack PH and land to the west,https://www.newcastle.gov.uk/sites/default/files/planning/policy/Brownfield%20Register%20Map%202019.pdf,OSGB36,-1.544741053,54.96827553,0.91,Owned by a Public Authority,,Not Permissioned,,,,,25,,,,25,31,,,,2017-12-19,2018-12-25,,,,,,,,,,
http://opendatacommunities.org/id/county-council/newcastle-upon-tyne,Newcastle upon Tyne,1103,,Site of 1243 - 1293 Walker Road  Walker,https://www.newcastle.gov.uk/sites/default/files/planning/policy/Brownfield%20Register%20Map%202019.pdf,OSGB36,-1.555702744,54.96532216,0.49,Owned by a Public Authority,,Pending decision,,,,,20,,,,20,24,,,,2017-12-19,2019-12-23,,,,,,,,,,
http://opendatacommunities.org/id/county-council/newcastle-upon-tyne,Newcastle upon Tyne,1121,,CD7 - Land at 1450-1560 Walker Road,https://www.newcastle.gov.uk/sites/default/files/planning/policy/Brownfield%20Register%20Map%202019.pdf,OSGB36,-1.549152742,54.96581468,0.26,Owned by a Public Authority,,Not Permissioned,,,,,9,,,,9,11,,,,2017-12-19,2019-12-23,,,,,,,,,,
http://opendatacommunities.org/id/county-council/newcastle-upon-tyne,Newcastle upon Tyne,1124,,Land at Felling View  Caldbeck Avenue  Caldbeck Close  Walker,https://www.newcastle.gov.uk/sites/default/files/planning/policy/Brownfield%20Register%20Map%202019.pdf,OSGB36,-1.5532348,54.96225296,4.13,Owned by a Public Authority,,Not Permissioned,,,,,158,,,,158,194,,,,2017-12-19,2019-12-23,,,,,,,,,,
http://opendatacommunities.org/id/county-council/newcastle-upon-tyne,Newcastle upon Tyne,1129,,CW2 - Lamb Street,https://www.newcastle.gov.uk/sites/default/files/planning/policy/Brownfield%20Register%20Map%202019.pdf,OSGB36,-1.543377694,54.97117386,1.06,Owned by a Public Authority,,Not Permissioned,,,,,27,,,,27,33,,,,2017-12-19,2018-12-29,,,,,,,,,,
http://opendatacommunities.org/id/county-council/newcastle-upon-tyne,Newcastle upon Tyne,1140,,Site of Byker Buildings  Byker Bank,https://www.newcastle.gov.uk/sites/default/files/planning/policy/Brownfield%20Register%20Map%202019.pdf,OSGB36,-1.588485978,54.97502643,0.28,Owned by a Public Authority,,Not Permissioned,,,,,9,,,,9,11,,,,2017-12-19,2018-12-30,,,,,,,,,,
http://opendatacommunities.org/id/county-council/newcastle-upon-tyne,Newcastle upon Tyne,1144,,Anglo Swedish Engineering  Glasshouse Street,https://www.newcastle.gov.uk/sites/default/files/planning/policy/Brownfield%20Register%20Map%202019.pdf,OSGB36,-1.577535429,54.96539415,0.12,Not Owned by a Public Authority,,Not Permissioned,,,,,7,,,,7,9,,,,2017-12-19,2018-12-31,,,,,,,,,,
http://opendatacommunities.org/id/county-council/newcastle-upon-tyne,Newcastle upon Tyne,1148,,Land east of Pottery Bank (PB6 - Phase 3),https://www.newcastle.gov.uk/sites/default/files/planning/policy/Brownfield%20Register%20Map%202019.pdf,OSGB36,-1.547497557,54.96356919,1.12,Owned by a Public Authority,,Not Permissioned,,,,,39,,,,39,47,,,,2017-12-19,2019-01-01,,,,,,,,,,
http://opendatacommunities.org/id/county-council/newcastle-upon-tyne,Newcastle upon Tyne,1191,,Land at St Lawrence Square,https://www.newcastle.gov.uk/sites/default/files/planning/policy/Brownfield%20Register%20Map%202019.pdf,OSGB36,-1.584913656,54.97147159,0.9,Not Owned by a Public Authority,,Not Permissioned,,,,,36,,,,36,44,,,,2018-12-17,2019-01-02,,,,,,,,,,
http://opendatacommunities.org/id/county-council/newcastle-upon-tyne,Newcastle upon Tyne,1294,,Land to the west of Roman Avenue  Byker,https://www.newcastle.gov.uk/sites/default/files/planning/policy/Brownfield%20Register%20Map%202019.pdf,OSGB36,-1.56282661,54.98000051,0.43,Not Owned by a Public Authority,,Permissioned,Full planning permission,04/10/2019,,,22,Erection of 24 no 2 bedroom dwellings (16 houses and 8 flats) with associated car parking  hard and soft landscaping (amended plans received 14 August 2019),,,22,26,,,,2017-12-19,2019-12-23,,,,,,,,,,
http://opendatacommunities.org/id/county-council/newcastle-upon-tyne,Newcastle upon Tyne,1490,,Calder Industrial Materials  Skinnerburn Road  Newcastle,https://www.newcastle.gov.uk/sites/default/files/planning/policy/Brownfield%20Register%20Map%202019.pdf,OSGB36,-1.623789366,54.96234241,6.2,Not Owned by a Public Authority,,Pending decision,,,,,630,,,,630,770,,,,2018-12-17,2019-01-09,,,,,,,,,,
http://opendatacommunities.org/id/county-council/newcastle-upon-tyne,Newcastle upon Tyne,1515,,Loadman Street  Elswick  Newcastle - Combination of 1515 and 5897,https://www.newcastle.gov.uk/sites/default/files/planning/policy/Brownfield%20Register%20Map%202019.pdf,OSGB36,-1.64375843,54.9651493,5.97,Owned by a Public Authority,Yes,Pending decision,,,,,171,,,,171,188,,,,2017-12-19,2019-12-23,,,,,,,,,,
http://opendatacommunities.org/id/county-council/newcastle-upon-tyne,Newcastle upon Tyne,1616,,Caroline Street and Maria Street,https://www.newcastle.gov.uk/sites/default/files/planning/policy/Brownfield%20Register%20Map%202019.pdf,OSGB36,-1.654378042,54.96896683,1.25,Owned by a Public Authority,,Pending decision,,,,,59,Erection of 65 homes (Class C3)  28 no 1 bedroom flats  29 no 2 bedroom dwellings and 8 no 4 bedroom dwellings  associated landscaping  parking  access  engineering works and drainage and stopping up of adopted highway  as amended by plans received on 19/11/19,,,59,72,,,,2018-12-17,2019-12-23,,,,,,,,,,
http://opendatacommunities.org/id/county-council/newcastle-upon-tyne,Newcastle upon Tyne,1668,,Maranar House 28 - 30 Mosley Street Newcastle upon Tyne NE1 1DF,https://www.newcastle.gov.uk/sites/default/files/planning/policy/Brownfield%20Register%20Map%202019.pdf,OSGB36,-1.610871,54.970537,0.02,Not Owned by a Public Authority,Yes,Permissioned,Full planning permission,04/06/2018,,,10,Conversion from office and storage accommodation to form 7 x 2 bed apartments and 4 x 1 bed apartments (Class C3)  as amended by plans received 19  21  23 February  30 April  11 and 15 May 2018,,,10,12,,,,2018-12-17,2019-01-14,,,,,,,,,,
http://opendatacommunities.org/id/county-council/newcastle-upon-tyne,Newcastle upon Tyne,1674,,Cuthbert House  Pilgrim Street,https://www.newcastle.gov.uk/sites/default/files/planning/policy/Brownfield%20Register%20Map%202019.pdf,OSGB36,-1.607772,54.971111,0.13,Not Owned by a Public Authority,,Permissioned,Other,11/05/2018,,,289,Notification of Prior Approval: Change of use of offices (Class B1a) to 274 residential units (Class C3),,,289,353,,,,2018-12-17,2019-01-16,,,,,,,,,,
http://opendatacommunities.org/id/county-council/newcastle-upon-tyne,Newcastle upon Tyne,1782,,Wingrove House  Ponteland Road,https://www.newcastle.gov.uk/sites/default/files/planning/policy/Brownfield%20Register%20Map%202019.pdf,OSGB36,-1.653212418,54.9897898,0.28,Not Owned by a Public Authority,,Not Permissioned,,,,,23,,,,23,28,,,,2017-12-19,2019-12-23,,,,,,,,,,
http://opendatacommunities.org/id/county-council/newcastle-upon-tyne,Newcastle upon Tyne,2572,,Site of 22-140 Roundhill Avenue,https://www.newcastle.gov.uk/sites/default/files/planning/policy/Brownfield%20Register%20Map%202019.pdf,OSGB36,-1.67048639,54.99359359,1.11,Owned by a Public Authority,Yes,Permissioned,Full planning permission,20/03/2019,,,43,Erection of 48 residential dwellings (Class C3)  creation of new access with associated landscaping and visitor/communal parking (Amended Plans received 23.01.2019  08.02.2019  12.02.2019 and 28.02.2019),,,43,53,,,,2017-12-19,2019-12-23,,,,,,,,,,
http://opendatacommunities.org/id/county-council/newcastle-upon-tyne,Newcastle upon Tyne,2788,,Princes Bingo Hall  Rokeby Street,https://www.newcastle.gov.uk/sites/default/files/planning/policy/Brownfield%20Register%20Map%202019.pdf,OSGB36,-1.709941731,54.97799101,0.18,Not Owned by a Public Authority,,Not Permissioned,,,,,8,,,,8,10,,,,2017-12-19,2019-01-19,,,,,,,,,,
http://opendatacommunities.org/id/county-council/newcastle-upon-tyne,Newcastle upon Tyne,3027,,Throckley Water Treatment Works  Hexham Road  Newburn,https://www.newcastle.gov.uk/sites/default/files/planning/policy/Brownfield%20Register%20Map%202019.pdf,OSGB36,-1.76292231,54.99651696,1.56,Not Owned by a Public Authority,,Not Permissioned,,,,,54,,,,54,66,,,,2017-12-19,2019-01-21,,,,,,,,,,
http://opendatacommunities.org/id/county-council/newcastle-upon-tyne,Newcastle upon Tyne,3032,,Salter's Road  Gosforth,https://www.newcastle.gov.uk/sites/default/files/planning/policy/Brownfield%20Register%20Map%202019.pdf,OSGB36,-1.62864099,55.00487858,1.33,Owned by a Public Authority,,Pending decision,,,,,52,,,,52,64,,,,2018-12-17,2019-12-23,,,,,,,,,,
http://opendatacommunities.org/id/county-council/newcastle-upon-tyne,Newcastle upon Tyne,3038,,Land east of Gretna Road Benwell Village  Benwell  Newcastle,https://www.newcastle.gov.uk/sites/default/files/planning/policy/Brownfield%20Register%20Map%202019.pdf,OSGB36,-1.675008711,54.97494484,0.15,Not Owned by a Public Authority,Yes,Permissioned,Full planning permission,06/07/2017,,,11,Erection of 12 dwellings (Class C3) comprising of  5 no. houses  7 no. flats with associated landscaping  car parking and creation of new access off Gretna Road,,,11,13,,,,2017-12-19,2019-01-23,,,,,,,,,,
http://opendatacommunities.org/id/county-council/newcastle-upon-tyne,Newcastle upon Tyne,3040,,Crawhall Road,https://www.newcastle.gov.uk/sites/default/files/planning/policy/Brownfield%20Register%20Map%202019.pdf,OSGB36,-1.597044951,54.97465173,0.26,Not Owned by a Public Authority,Yes,Permissioned,Full planning permission,27/06/2017,,,121,Demolition of vacant industrial and commercial buildings and erection of 134 PRS apartments (Class C3) with communal spaces  landscaped courtyard  below ground level car parking  cycle storage and external improvements including hard landscaping as supplemented by information received 15.02.2017  13.03.2017  05.04.2017 and 19.04.2017 and supplemented by drawings and information received 26.04.2017.,,,121,147,,,,2017-12-19,2019-01-24,,,,,,,,,,
http://opendatacommunities.org/id/county-council/newcastle-upon-tyne,Newcastle upon Tyne,3051,,Newbiggin Hall shopping centre,https://www.newcastle.gov.uk/sites/default/files/planning/policy/Brownfield%20Register%20Map%202019.pdf,OSGB36,-1.686963584,55.00655061,1.22,Mixed Ownership,Yes,Permissioned,Full planning permission,22/03/2019,,,39,Demolition and clearance of the existing neighbourhood centre buildings/infrastructure and the erection of 604.5sqm of commercial/retail buildings (Class A1)  69.5sqm of commercial/retail buildings (Classes A1 A2 and A3)  139sqm of commercial/retail buildings (Classes A1 A2 A3 and A5)  and 43 residential units (Class C3) including associated access  infrastructure  landscaping and stopping up and diversion of existing highways and footpaths.,,,39,47,,,,2017-12-19,2019-12-23,,,,,,,,,,
http://opendatacommunities.org/id/county-council/newcastle-upon-tyne,Newcastle upon Tyne,3064,,Maling Street,https://www.newcastle.gov.uk/sites/default/files/planning/policy/Brownfield%20Register%20Map%202019.pdf,OSGB36,-1.588034056,54.97212893,0.3,Owned by a Public Authority,,Not Permissioned,,,,,31,,,,31,37,,,,2017-12-19,2019-01-26,,,,,,,,,,
http://opendatacommunities.org/id/county-council/newcastle-upon-tyne,Newcastle upon Tyne,3068,,Cement Works and land at junction of  Forth Banks and Pottery Lane  Newcastle,https://www.newcastle.gov.uk/sites/default/files/planning/policy/Brownfield%20Register%20Map%202019.pdf,OSGB36,-1.61748,54.96564,0.53,Not Owned by a Public Authority,Yes,Permissioned,Full planning permission,10/11/2015,,,255,Erection of 7/9 storey residential development (3 blocks) comprising of 280 apartments (Class C3) retail unit (Class A1/A3) associated car parking  cycle storage  access  hard and soft landscaping following demolition of existing building,,,,,,,,2019-12-23,2019-12-23,,,,,,,,,,
http://opendatacommunities.org/id/county-council/newcastle-upon-tyne,Newcastle upon Tyne,3069,,GD Metal Recycling  Quality Row,https://www.newcastle.gov.uk/sites/default/files/planning/policy/Brownfield%20Register%20Map%202019.pdf,OSGB36,-1.587907115,54.97360537,1.57,Not Owned by a Public Authority,,Not Permissioned,,,,,72,,,,72,88,,,,2017-12-19,2019-01-27,,,,,,,,,,
http://opendatacommunities.org/id/county-council/newcastle-upon-tyne,Newcastle upon Tyne,3078,,Land at Melbury Road,https://www.newcastle.gov.uk/sites/default/files/planning/policy/Brownfield%20Register%20Map%202019.pdf,OSGB36,-1.587823418,54.99226975,0.63,Not Owned by a Public Authority,,Not Permissioned,,,,,5,,,,5,6,,,,2017-12-19,2019-01-29,,,,,,,,,,
http://opendatacommunities.org/id/county-council/newcastle-upon-tyne,Newcastle upon Tyne,3090,,Newburn Social Services Area Office  Newburn Road,https://www.newcastle.gov.uk/sites/default/files/planning/policy/Brownfield%20Register%20Map%202019.pdf,OSGB36,-1.742713,54.984896,0.56,Owned by a Public Authority,,Not Permissioned,,,,,21,,,,21,25,,,,2017-12-19,2019-01-30,,,,,,,,,,
http://opendatacommunities.org/id/county-council/newcastle-upon-tyne,Newcastle upon Tyne,3177,,15 - 21 Nun Street  Newcastle upon Tyne,https://www.newcastle.gov.uk/sites/default/files/planning/policy/Brownfield%20Register%20Map%202019.pdf,OSGB36,-1.61513,54.97232,0.02,Not Owned by a Public Authority,Yes,Permissioned,Full planning permission,18/04/2019,,,7,Conversion of first and second floors and roof space from offices (Class B1) to form 5 no. 1 bedroom apartments and 3 no. 2 bedroom apartments (Class C3) with bin storage at ground floor.  Alterations to Nun Street elevation  installation of roof lights  flush window and mechanical extracts and redecoration of windows as supplemented and amended by drawings and information received 10.04.2019 and 12.04.2019.,,,,,,,,2019-12-23,2019-12-23,,,,,,,,,,
http://opendatacommunities.org/id/county-council/newcastle-upon-tyne,Newcastle upon Tyne,3371,,Former Denhofer Wines  47 Bath Lane,https://www.newcastle.gov.uk/sites/default/files/planning/policy/Brownfield%20Register%20Map%202019.pdf,OSGB36,-1.62217836,54.97181265,0.03,Not Owned by a Public Authority,Yes,Permissioned,Full planning permission,27/04/2018,,,19,Erection of 7 storey building containing 16no. 2 bed and 5No. 1 bed residential apartments (Class C3) with associated cycle parking,,,19,23,,,,2018-12-17,2019-01-31,,,,,,,,,,
http://opendatacommunities.org/id/county-council/newcastle-upon-tyne,Newcastle upon Tyne,3372,,27 Rutherford Street,https://www.newcastle.gov.uk/sites/default/files/planning/policy/Brownfield%20Register%20Map%202019.pdf,OSGB36,-1.621972525,54.97123087,0.1,Not Owned by a Public Authority,Yes,Permissioned,Full planning permission,08/05/2017,,,146,Erection of a 26 storey residential building  providing 162 units with associated cycle parking  landscaping and highway works following demolition of existing warehouse,,,146,178,,,,2017-12-19,2019-02-01,,,,,,,,,,
http://opendatacommunities.org/id/county-council/newcastle-upon-tyne,Newcastle upon Tyne,3378,,Land south of Broomy Hill Road and north of The By-Way,https://www.newcastle.gov.uk/sites/default/files/planning/policy/Brownfield%20Register%20Map%202019.pdf,OSGB36,-1.755502413,54.9926751,0.22,Owned by a Public Authority,,Not Permissioned,,,,,5,Development of former garage plots and adjacent space for the erection of six dwellings (comprising four terraced and two bungalows) and stopping up of highway,,,,,,,,2019-12-23,2019-12-23,,,,,,,,,,
http://opendatacommunities.org/id/county-council/newcastle-upon-tyne,Newcastle upon Tyne,3399,,CD3 - Site of 262-314 Church Street  Walker,https://www.newcastle.gov.uk/sites/default/files/planning/policy/Brownfield%20Register%20Map%202019.pdf,OSGB36,-1.543470418,54.96779558,0.36,Owned by a Public Authority,,Not Permissioned,,,,,17,,,,17,21,,,,2017-12-19,2019-02-02,,,,,,,,,,
http://opendatacommunities.org/id/county-council/newcastle-upon-tyne,Newcastle upon Tyne,4157,,Portman House Portland Road Newcastle upon Tyne NE2 1AQ,https://www.newcastle.gov.uk/sites/default/files/planning/policy/Brownfield%20Register%20Map%202019.pdf,OSGB36,-1.597323,54.977196,0.05,Not Owned by a Public Authority,,Permissioned,Other,29/08/2017,,,31,Notification of Prior Approval: Change of use of floors 1-5 from offices (Class B1) to 34 self contained residential apartments (Class C3),,,31,37,,,,2018-12-17,2019-02-04,,,,,,,,,,
http://opendatacommunities.org/id/county-council/newcastle-upon-tyne,Newcastle upon Tyne,4213,,West Benwell Terraces,https://www.newcastle.gov.uk/sites/default/files/planning/policy/Brownfield%20Register%20Map%202019.pdf,OSGB36,-1.67241917,54.97247134,2.95,Owned by a Public Authority,,Not Permissioned,,,,,77,,,,77,94,,,,2017-12-19,2019-02-05,,,,,,,,,,
http://opendatacommunities.org/id/county-council/newcastle-upon-tyne,Newcastle upon Tyne,4214,,Land at Westfield Road  Benwell,https://www.newcastle.gov.uk/sites/default/files/planning/policy/Brownfield%20Register%20Map%202019.pdf,OSGB36,-1.672678262,54.97074469,2.02,Owned by a Public Authority,,Not Permissioned,,,,,49,,,,49,59,,,,2017-12-19,2019-02-06,,,,,,,,,,
http://opendatacommunities.org/id/county-council/newcastle-upon-tyne,Newcastle upon Tyne,4253,,Site of 25-161 Dovercourt Road and 1540-1572 Walker Road  Walker,https://www.newcastle.gov.uk/sites/default/files/planning/policy/Brownfield%20Register%20Map%202019.pdf,OSGB36,-1.546053079,54.96697002,1.63,Owned by a Public Authority,,Not Permissioned,,,,,72,,,,72,88,,,,2017-12-19,2019-02-07,,,,,,,,,,
http://opendatacommunities.org/id/county-council/newcastle-upon-tyne,Newcastle upon Tyne,4263,,PB3 - Belmont Methodist Church  Enslin Street  Walker,https://www.newcastle.gov.uk/sites/default/files/planning/policy/Brownfield%20Register%20Map%202019.pdf,OSGB36,-1.554825164,54.9645001,0.27,Owned by a Public Authority,,Not Permissioned,,,,,14,,,,14,17,,,,2017-12-19,2019-02-09,,,,,,,,,,
http://opendatacommunities.org/id/county-council/newcastle-upon-tyne,Newcastle upon Tyne,4282,,CF1 - Site of Wharrier Street Primary School  Walker,https://www.newcastle.gov.uk/sites/default/files/planning/policy/Brownfield%20Register%20Map%202019.pdf,OSGB36,-1.553873124,54.96849498,1.17,Owned by a Public Authority,,Permissioned,Full planning permission,30/08/2019,,,32,Erection of residential development comprising of 36 dwellings (Class C3) with associated access  hard and soft landscaping. (As Amended),,,32,40,,,,2017-12-19,2019-12-23,,,,,,,,,,
http://opendatacommunities.org/id/county-council/newcastle-upon-tyne,Newcastle upon Tyne,4286,,Land to the south of Brockwell House  Blakelaw,https://www.newcastle.gov.uk/sites/default/files/planning/policy/Brownfield%20Register%20Map%202019.pdf,OSGB36,-1.66934,54.99538,0.62,Owned by a Public Authority,Yes,Permissioned,Other,14/03/2018,,,22,Outline Application for the erection of up to 24 no. accessible and adaptable houses for affordable rent (Class C3) including demolition of garage blocks and stopping up of highways  (Amended Description),,,22,26,,,,2017-12-19,2019-12-23,,,,,,,,,,
http://opendatacommunities.org/id/county-council/newcastle-upon-tyne,Newcastle upon Tyne,4289,,Quay Timber Site,https://www.newcastle.gov.uk/sites/default/files/planning/policy/Brownfield%20Register%20Map%202019.pdf,OSGB36,-1.589752412,54.97329004,0.25,Not Owned by a Public Authority,,Not Permissioned,,,,,45,,,,45,55,,,,2017-12-19,2019-02-12,,,,,,,,,,
http://opendatacommunities.org/id/county-council/newcastle-upon-tyne,Newcastle upon Tyne,4290,,Ince Building  Hume Street,https://www.newcastle.gov.uk/sites/default/files/planning/policy/Brownfield%20Register%20Map%202019.pdf,OSGB36,-1.58883548,54.97303126,0.09,Not Owned by a Public Authority,,Not Permissioned,,,,,20,,,,20,24,,,,2017-12-19,2019-12-23,,,,,,,,,,
http://opendatacommunities.org/id/county-council/newcastle-upon-tyne,Newcastle upon Tyne,4332,,Land south of Skinnerburn Road,https://www.newcastle.gov.uk/sites/default/files/planning/policy/Brownfield%20Register%20Map%202019.pdf,OSGB36,-1.629519781,54.96062245,0.22,Owned by a Public Authority,,Not Permissioned,,,,,38,,,,38,46,,,,2017-12-19,2019-02-14,,,,,,,,,,
http://opendatacommunities.org/id/county-council/newcastle-upon-tyne,Newcastle upon Tyne,4430,,PB9 - Pottery Bank Site Walker  Newcastle - Combination of 4430 and 4431,https://www.newcastle.gov.uk/sites/default/files/planning/policy/Brownfield%20Register%20Map%202019.pdf,OSGB36,-1.550672443,54.96293858,2.45,Owned by a Public Authority,,Not Permissioned,,,,,66,,,,66,80,,,,2017-12-19,2019-02-15,,,,,,,,,,
http://opendatacommunities.org/id/county-council/newcastle-upon-tyne,Newcastle upon Tyne,4654,,Land at former Heaton Depot and Heaton Down Yard  Marleen Avenue  Heaton,https://www.newcastle.gov.uk/sites/default/files/planning/policy/Brownfield%20Register%20Map%202019.pdf,OSGB36,-1.572287756,54.98431837,4.2,Owned by a Public Authority,,Not Permissioned,,,,,135,,,,135,165,,,,2017-12-19,2019-02-16,,,,,,,,,,
http://opendatacommunities.org/id/county-council/newcastle-upon-tyne,Newcastle upon Tyne,4709,,Newcastle City Heliport,https://www.newcastle.gov.uk/sites/default/files/planning/policy/Brownfield%20Register%20Map%202019.pdf,OSGB36,-1.627959588,54.9614954,2.31,Not Owned by a Public Authority,,Not Permissioned,,,,,153,,,,153,187,,,,2017-12-19,2019-02-17,,,,,,,,,,
http://opendatacommunities.org/id/county-council/newcastle-upon-tyne,Newcastle upon Tyne,4759,,Kelly Plant  Foundry Lane  Newcastle,https://www.newcastle.gov.uk/sites/default/files/planning/policy/Brownfield%20Register%20Map%202019.pdf,OSGB36,-1.590305037,54.97527397,0.1,Not Owned by a Public Authority,,Not Permissioned,,,,,9,,,,9,11,,,,2017-12-19,2019-02-18,,,,,,,,,,
http://opendatacommunities.org/id/county-council/newcastle-upon-tyne,Newcastle upon Tyne,5004,,Land to the south of Ayton Street  Byker,https://www.newcastle.gov.uk/sites/default/files/planning/policy/Brownfield%20Register%20Map%202019.pdf,OSGB36,-1.571848395,54.97073917,0.25,Owned by a Public Authority,,Not Permissioned,,,,,9,,,,9,11,,,,2017-12-19,2019-12-23,,,,,,,,,,
http://opendatacommunities.org/id/county-council/newcastle-upon-tyne,Newcastle upon Tyne,5203,,Newburn Riverside,https://www.newcastle.gov.uk/sites/default/files/planning/policy/Brownfield%20Register%20Map%202019.pdf,OSGB36,-1.721526239,54.97256978,36.28,Not Owned by a Public Authority,,Not Permissioned,,,,,900,,,,900,1100,,,,2017-12-19,2019-02-22,,,,,,,,,,
http://opendatacommunities.org/id/county-council/newcastle-upon-tyne,Newcastle upon Tyne,5245,,Site of former Cowgate Leisure Centre  Springfield Road,https://www.newcastle.gov.uk/sites/default/files/planning/policy/Brownfield%20Register%20Map%202019.pdf,OSGB36,-1.66076,54.9986,0.47,Owned by a Public Authority,,Not Permissioned,,,,,15,,,,15,19,,,,2017-12-19,2019-02-24,,,,,,,,,,
http://opendatacommunities.org/id/county-council/newcastle-upon-tyne,Newcastle upon Tyne,5305,,Land to the east of Matthew Bank,https://www.newcastle.gov.uk/sites/default/files/planning/policy/Brownfield%20Register%20Map%202019.pdf,OSGB36,-1.605217388,54.99983201,2.27,Owned by a Public Authority,,Not Permissioned,,,,,47,,,,47,57,,,,2017-12-19,2019-02-25,,,,,,,,,,
http://opendatacommunities.org/id/county-council/newcastle-upon-tyne,Newcastle upon Tyne,5312,,7 Portland Terrace  Shieldfield,https://www.newcastle.gov.uk/sites/default/files/planning/policy/Brownfield%20Register%20Map%202019.pdf,OSGB36,-1.603367414,54.98230547,0.02,Not Owned by a Public Authority,,Not Permissioned,,,,,5,,,,,,,,,2019-12-23,2019-12-23,,,,,,,,,,
http://opendatacommunities.org/id/county-council/newcastle-upon-tyne,Newcastle upon Tyne,5404,,6 and 8 Spring Street and 60 and 62 Pitt Street,https://www.newcastle.gov.uk/sites/default/files/planning/policy/Brownfield%20Register%20Map%202019.pdf,OSGB36,-1.626205307,54.97475519,0.05,Not Owned by a Public Authority,,Not Permissioned,,,,,9,,,,9,11,,,,2017-12-19,2019-12-23,,,,,,,,,,
http://opendatacommunities.org/id/county-council/newcastle-upon-tyne,Newcastle upon Tyne,5421,,Land at Chalfront Road,https://www.newcastle.gov.uk/sites/default/files/planning/policy/Brownfield%20Register%20Map%202019.pdf,OSGB36,-1.553294533,54.9673343,0.69,Not Owned by a Public Authority,Yes,Permissioned,Full planning permission,30/03/2017,,,36,Erection of 40 no dwellings (comprising of 32 no 2 and 3 bedroom two-storey houses and 8 no 1 bedroom apartments) with associated landscaping  highways and access (as amended by plans received 10 November 2016),,,36,44,,,,2017-12-19,2019-02-28,,,,,,,,,,
http://opendatacommunities.org/id/county-council/newcastle-upon-tyne,Newcastle upon Tyne,5425,,Sandyford House  South Jesmond  Newcastle,https://www.newcastle.gov.uk/sites/default/files/planning/policy/Brownfield%20Register%20Map%202019.pdf,OSGB36,-1.60487549,54.98110979,0.07,Not Owned by a Public Authority,Yes,Permissioned,Full planning permission,20/07/2018,,,51,Proposed extension and external alterations to Sandyford House  including the erection of four additional storeys to the existing building and 14 storey extensions to east and north elevations and change of use from offices (Class B1) to create 57 apartments (Class C3) on parts of the first to thirteenth floors and change of use of and extension to ground and lower ground floors to create commercial retail/financial and professional services/restaurant/drinking establishment units (Class A1 and/or A2 and /or A3 and/or A4) with erection of an associated cycle storage building to the east and landscaping works as amended.,,change of use of and extension to ground and lower ground floors to create commercial retail/financial and professional services/restaurant/drinking establishment units (Class A1 and/or A2 and /or A3 and/or A4) with erection of an associated cycle storage building to the east and landscaping works as amended.,51,63,,,,2017-12-19,2019-03-01,,,,,,,,,,
http://opendatacommunities.org/id/county-council/newcastle-upon-tyne,Newcastle upon Tyne,5466,,Coniston Court  Slatyford Lane,https://www.newcastle.gov.uk/sites/default/files/planning/policy/Brownfield%20Register%20Map%202019.pdf,OSGB36,-1.675780688,54.98786129,0.44,Owned by a Public Authority,Yes,Permissioned,Other,24/08/2018,,,31,Outline Application: Demolition of existing sheltered housing building and erection of up to 34 residential units for older persons (Class C3) with all matters reserved and stopping up of footpath between Slatyford Lane and Silver Lonnen.,,,31,37,,,,2017-12-19,2019-12-23,,,,,,,,,,
http://opendatacommunities.org/id/county-council/newcastle-upon-tyne,Newcastle upon Tyne,5507,,Former Newburn Hotel  Station Road  Newcastle,https://www.newcastle.gov.uk/sites/default/files/planning/policy/Brownfield%20Register%20Map%202019.pdf,OSGB36,-1.74362925,54.98232223,0.08,Not Owned by a Public Authority,,Not Permissioned,,,,,8,,,,8,10,,,,2017-12-19,2019-03-03,,,,,,,,,,
http://opendatacommunities.org/id/county-council/newcastle-upon-tyne,Newcastle upon Tyne,5527,,Former Salvation Army City Temple  144 - 146 Westgate Road,https://www.newcastle.gov.uk/sites/default/files/planning/policy/Brownfield%20Register%20Map%202019.pdf,OSGB36,-1.621504716,54.97101161,0.09,Not Owned by a Public Authority,,Not Permissioned,,,,,24,,,,24,30,,,,2017-12-19,2019-03-04,,,,,,,,,,
http://opendatacommunities.org/id/county-council/newcastle-upon-tyne,Newcastle upon Tyne,5658,,Land on Dunstanburgh Road /Allendale Road  Byker,https://www.newcastle.gov.uk/sites/default/files/planning/policy/Brownfield%20Register%20Map%202019.pdf,OSGB36,-1.5691,54.9718,0.29,Owned by a Public Authority,,Not Permissioned,,,,,12,,,,,,,,,2019-12-23,2019-12-23,,,,,,,,,,
http://opendatacommunities.org/id/county-council/newcastle-upon-tyne,Newcastle upon Tyne,5681,,Eldon House Regent Farm Road Gosforth Newcastle upon Tyne,https://www.newcastle.gov.uk/sites/default/files/planning/policy/Brownfield%20Register%20Map%202019.pdf,OSGB36,-1.624187,55.011628,0.08,Not Owned by a Public Authority,,Permissioned,Other,26/09/2017,,,59,Notification of Prior Approval: Change of use of offices (Class B1a) to 66 residential dwellings (Class C3),,,59,73,,,,2018-12-17,2019-03-06,,,,,,,,,,
http://opendatacommunities.org/id/county-council/newcastle-upon-tyne,Newcastle upon Tyne,5682,,Arden House  Regent Farm Road  Gosforth,https://www.newcastle.gov.uk/sites/default/files/planning/policy/Brownfield%20Register%20Map%202019.pdf,OSGB36,-1.622687362,55.01127828,0.08,Not Owned by a Public Authority,,Not Permissioned,,,,,65,,,,65,79,,,,2017-12-19,2019-12-23,,,,,,,,,,
http://opendatacommunities.org/id/county-council/newcastle-upon-tyne,Newcastle upon Tyne,5683,,Dobson House  Regent Farm Road  Gosforth,https://www.newcastle.gov.uk/sites/default/files/planning/policy/Brownfield%20Register%20Map%202019.pdf,OSGB36,-1.623196945,55.01110859,0.16,Not Owned by a Public Authority,,Not Permissioned,,,,,32,,,,32,40,,,,2017-12-19,2019-12-23,,,,,,,,,,
http://opendatacommunities.org/id/county-council/newcastle-upon-tyne,Newcastle upon Tyne,5684,,Eldon House East  Regent Farm Road  Gosforth,https://www.newcastle.gov.uk/sites/default/files/planning/policy/Brownfield%20Register%20Map%202019.pdf,OSGB36,-1.623537128,55.01140641,0.1,Not Owned by a Public Authority,Yes,Permissioned,Other,26/09/2017,,,59,Notification of Prior Approval: Change of use of offices (Class B1a) to 66 residential dwellings (Class C3),,,59,73,,,,2017-12-19,2019-03-09,,,,,,,,,,
http://opendatacommunities.org/id/county-council/newcastle-upon-tyne,Newcastle upon Tyne,5685,,Horsley House  Regent Farm Road,https://www.newcastle.gov.uk/sites/default/files/planning/policy/Brownfield%20Register%20Map%202019.pdf,OSGB36,-1.625044566,55.0118592,0.15,Not Owned by a Public Authority,,Permissioned,Other,26/09/2017,,,106,Notification of Prior Approval: Change of use of offices (Class B1a) to 118 residential dwellings (Class C3),,,106,130,,,,2017-12-19,2019-03-10,,,,,,,,,,
http://opendatacommunities.org/id/county-council/newcastle-upon-tyne,Newcastle upon Tyne,5687,,86 - 88 Shields Road,https://www.newcastle.gov.uk/sites/default/files/planning/policy/Brownfield%20Register%20Map%202019.pdf,OSGB36,-1.583258938,54.97663712,0.01,Not Owned by a Public Authority,,Not Permissioned,,,,,7,,,,7,9,,,,2017-12-19,2019-03-11,,,,,,,,,,
http://opendatacommunities.org/id/county-council/newcastle-upon-tyne,Newcastle upon Tyne,5694,,Rialto Apartments  Melbourne Street,https://www.newcastle.gov.uk/sites/default/files/planning/policy/Brownfield%20Register%20Map%202019.pdf,OSGB36,-1.603780312,54.97255838,0.01,Not Owned by a Public Authority,,Not Permissioned,,,,,6,,,,6,8,,,,2017-12-19,2019-03-12,,,,,,,,,,
http://opendatacommunities.org/id/county-council/newcastle-upon-tyne,,5695,,Throckley Nursing Home  Ponteland Road  Throckley,https://www.newcastle.gov.uk/sites/default/files/planning/policy/Brownfield%20Register%20Map%202019.pdf,OSGB36,-1.75489934,54.99636183,0.21,Not Owned by a Public Authority,,Not Permissioned,,,,,23,,,,23,28,,,,2017-12-19,2019-03-13,,,,,,,,,,
http://opendatacommunities.org/id/county-council/newcastle-upon-tyne,Newcastle upon Tyne,5696,,5 Mill Lane  Elswick,https://www.newcastle.gov.uk/sites/default/files/planning/policy/Brownfield%20Register%20Map%202019.pdf,OSGB36,-1.642,54.9691,0.03,Not Owned by a Public Authority,,Permissioned,,20/08/2018,,,6,Conversion of 2 No. flats to 3 No. flats at 1st floor  installation of 3 No. dormers to north  1 No. dormer to the south  2 No. dormers to the east and 1 No. dormer to the west and creation of 4 No. flats to loft (as mended by plans received 13 August 2018).,,,,,,,,2019-12-23,2019-12-23,,,,,,,,,,
http://opendatacommunities.org/id/county-council/newcastle-upon-tyne,Newcastle upon Tyne,5713,,Union Chambers  41 Grainger Street,https://www.newcastle.gov.uk/sites/default/files/planning/policy/Brownfield%20Register%20Map%202019.pdf,OSGB36,-1.616070981,54.9707413,0.06,Not Owned by a Public Authority,,Not Permissioned,,,,,11,,,,11,13,,,,2017-12-19,2019-12-12,,,,,,,,,,
http://opendatacommunities.org/id/county-council/newcastle-upon-tyne,Newcastle upon Tyne,5772,,Abigail House Nursing And Residential Home  173 West Avenue  Westerhope,https://www.newcastle.gov.uk/sites/default/files/planning/policy/Brownfield%20Register%20Map%202019.pdf,OSGB36,-1.693612085,54.99595394,0.12,Not Owned by a Public Authority,Yes,Not Permissioned,,,,,8,Change of use of residential care home to 9 No. apartments (Class C3)  erection of two storey extension to rear  alterations to elevations  provision of 12 car parking spaces  cycle storage & associated works as amended by plans received 29 January 2016.,,,8,10,,,,2017-12-19,2019-12-23,,,,,,,,,,
http://opendatacommunities.org/id/county-council/newcastle-upon-tyne,Newcastle upon Tyne,5796,,32 - 34 Wingrove Road,https://www.newcastle.gov.uk/sites/default/files/planning/policy/Brownfield%20Register%20Map%202019.pdf,OSGB36,-1.647514246,54.97589728,0.02,Not Owned by a Public Authority,Yes,Not Permissioned,,,,,5,Change of use of part of care home (Class C2) to 6 no apartments (Class C3) with associated car parking and bin storage as amended.,,,5,7,,,,2017-12-19,2019-12-23,,,,,,,,,,
http://opendatacommunities.org/id/county-council/newcastle-upon-tyne,Newcastle upon Tyne,5816,,Land To Rear of 160 West Avenue  Westerhope,https://www.newcastle.gov.uk/sites/default/files/planning/policy/Brownfield%20Register%20Map%202019.pdf,OSGB36,-1.694120729,54.99652537,0.13,Not Owned by a Public Authority,Yes,Not Permissioned,,,,,5,Erection of 5 no terraced/semi-detached dwellings with associated hard and soft landscaping following demolition of existing buildings.,,,5,6,,,,2017-12-19,2019-12-23,,,,,,,,,,
http://opendatacommunities.org/id/county-council/newcastle-upon-tyne,Newcastle upon Tyne,5842,,Eastgate House  Manors,https://www.newcastle.gov.uk/sites/default/files/planning/policy/Brownfield%20Register%20Map%202019.pdf,OSGB36,-1.605045708,54.97332046,0.24,Not Owned by a Public Authority,,Pending decision,,,,,68,Demolition of office building (Class B1) and erection of 7 and 8 storey building for student accommodation (34 x Class C3 and  41 x Class C4) with 2 roof terraces  associated car parking  cycle parking  access arrangements  servicing and landscaped amenity space and commercial A1/A3 unit at ground floor.,,,,,,,,2019-12-23,2019-12-23,,,,,,,,,,
http://opendatacommunities.org/id/county-council/newcastle-upon-tyne,Newcastle upon Tyne,5858,,Gas Holder site to East of Pottery Bank  Walker  Newcastle,https://www.newcastle.gov.uk/sites/default/files/planning/policy/Brownfield%20Register%20Map%202019.pdf,OSGB36,-1.546529311,54.96467518,1.55,Not Owned by a Public Authority,,Not Permissioned,,,,,54,,,,54,66,,,,2017-12-19,2019-03-20,,,,,,,,,,
http://opendatacommunities.org/id/county-council/newcastle-upon-tyne,Newcastle upon Tyne,5860,,35 Grosvenor Place,https://www.newcastle.gov.uk/sites/default/files/planning/policy/Brownfield%20Register%20Map%202019.pdf,OSGB36,-1.603090227,54.99109193,0.03,Not Owned by a Public Authority,Yes,Not Permissioned,,,,,5,,,,5,7,,,,2017-12-19,2019-12-23,,,,,,,,,,
http://opendatacommunities.org/id/county-council/newcastle-upon-tyne,Newcastle upon Tyne,5861,,37 Grosvenor Place,https://www.newcastle.gov.uk/sites/default/files/planning/policy/Brownfield%20Register%20Map%202019.pdf,OSGB36,-1.603053197,54.99119266,0.03,Not Owned by a Public Authority,Yes,Not Permissioned,,,,,5,,,,5,7,,,,2017-12-19,2019-12-23,,,,,,,,,,
http://opendatacommunities.org/id/county-council/newcastle-upon-tyne,Newcastle upon Tyne,5863,,Manor View House  Kings Manor  Newcastle upon Tyne  NE1 6PA,https://www.newcastle.gov.uk/sites/default/files/planning/policy/Brownfield%20Register%20Map%202019.pdf,OSGB36,-1.60605,54.97347,0.2,Not Owned by a Public Authority,Yes,Permissioned,Full planning permission,28/10/2019,,,85,Outline Planning Application: Demolition of existing building and erection of a student accommodation building of up to 8 and 9 storeys (up to 56.8m AOD and 59.8m AOD) and ancillary facilities with all matters reserved except scale as amended by plans received 28 September and 18 October 2016,,,85,103,,,,2018-12-17,2019-12-23,,,,,,,,,,
http://opendatacommunities.org/id/county-council/newcastle-upon-tyne,Newcastle upon Tyne,5864,,Uptin House  Stepney Road,https://www.newcastle.gov.uk/sites/default/files/planning/policy/Brownfield%20Register%20Map%202019.pdf,OSGB36,-1.59565058,54.97670673,0.19,Not Owned by a Public Authority,,Not Permissioned,,,,,100,,,,100,122,,,,2017-12-19,2019-12-23,,,,,,,,,,
http://opendatacommunities.org/id/county-council/newcastle-upon-tyne,Newcastle upon Tyne,5870,,Newcastle Technopole  Kings Manor,https://www.newcastle.gov.uk/sites/default/files/planning/policy/Brownfield%20Register%20Map%202019.pdf,OSGB36,-1.605828664,54.97385062,0.21,Not Owned by a Public Authority,,Permissioned,Full planning permission,30/08/2018,,,146,The erection of student accommodation in two buildings 8-12 storeys high comprising 535 bed spaces within a total of 162 apartments (75 apartments Class C3 and 87 apartments Class C4)  including management suite  62 cycle spaces  associated access arrangements  servicing and external landscaping,,,146,178,,,,2017-12-19,2019-12-23,,,,,,,,,,
http://opendatacommunities.org/id/county-council/newcastle-upon-tyne,Newcastle upon Tyne,5877,,43-45 Benwell Grove,https://www.newcastle.gov.uk/sites/default/files/planning/policy/Brownfield%20Register%20Map%202019.pdf,OSGB36,-1.652173023,54.97522231,0.03,Not Owned by a Public Authority,Yes,Permissioned,Full planning permission,30/09/2016,,,5,Demolition of 43-45 Benwell Grove and erection of 2.5 storey building to form 3 commercial units with roller shutters on ground floor commercial units only (Classes A1  A2 and A3) on ground floor with 6 residential units (Class C3) on first floor and in roof space with ATM machine located on West Road elevation (as amended by plans received 25 August 2016 and 30 August 2016),,3 commercial units with roller shutters on ground floor commercial units only (Classes A1  A2 and A3) on ground floor,5,7,,,,2017-12-19,2019-03-26,,,,,,,,,,
http://opendatacommunities.org/id/county-council/newcastle-upon-tyne,Newcastle upon Tyne,5894,,Land Between Broadmead Way  Whickham View  Muswell Hill And Yewcroft Avenue,https://www.newcastle.gov.uk/sites/default/files/planning/policy/Brownfield%20Register%20Map%202019.pdf,OSGB36,-1.684518626,54.97469319,1.26,Owned by a Public Authority,Yes,Permissioned,Full planning permission,01/02/2017,,,38,Erection of 42 single storey 1 and 2 bedroom bungalows with associated landscaping and parking.,,,38,46,,,,2017-12-19,2019-12-23,,,,,,,,,,
http://opendatacommunities.org/id/county-council/newcastle-upon-tyne,Newcastle upon Tyne,5909,,Land at Formerly 48 Chillingham Road,https://www.newcastle.gov.uk/sites/default/files/planning/policy/Brownfield%20Register%20Map%202019.pdf,OSGB36,-1.57462,54.98171,0.16,Not Owned by a Public Authority,,Not Permissioned,,,,,54,,,,54,66,,,,2017-12-19,2019-12-23,,,,,,,,,,
http://opendatacommunities.org/id/county-council/newcastle-upon-tyne,Newcastle upon Tyne,5910,,2 Saint James Boulevard  Newcastle,https://www.newcastle.gov.uk/sites/default/files/planning/policy/Brownfield%20Register%20Map%202019.pdf,OSGB36,-1.62224,54.9731,0.11,Not Owned by a Public Authority,,Permissioned,Outline Planning Permission,22/10/2019,,,207,Outline Application for the demolition of existing buildings and erection of a 10 to 12 storey student accommodation building comprising 350 student bedspaces in 230 units (211 x class C3 units  11 x class C4 units and 8 x sui generis units) with plant and ancillary facilities including gym  cinema  study room and laundry facilities  service area including cycle parking and refuse storage and including access  appearance  layout and scale as amended by plans and information received 14  17 and 30 August; 3  7  18 and 27 September; 1 and 10 October; 21 and 28 November; 6 December 2018  23 January and 6  19 and 27 March  11 and 25 April  9 and 16 May  17 June and 5 July 2019,,,,,,,,2019-12-23,2019-12-23,,,,,,,,,,
http://opendatacommunities.org/id/county-council/newcastle-upon-tyne,Newcastle upon Tyne,5933,,Land at Clumber Street North  Elswick,https://www.newcastle.gov.uk/sites/default/files/planning/policy/Brownfield%20Register%20Map%202019.pdf,OSGB36,-1.63866748,54.96530795,0.5,Owned by a Public Authority,Yes,Permissioned,Full planning permission,06/07/2017,,,18,Outline Application:  Erection of 20 Affordable Rented Assisted Living apartments for older people with Dementia (Class C3) comprising 14 no. one and 6 no. two bedroom units; a maximum of three storeys high,,,18,22,,,,2017-12-19,2019-03-29,,,,,,,,,,
http://opendatacommunities.org/id/county-council/newcastle-upon-tyne,Newcastle upon Tyne,5964,,Eagle Star House Regent Farm Road Gosforth Newcastle upon Tyne,https://www.newcastle.gov.uk/sites/default/files/planning/policy/Brownfield%20Register%20Map%202019.pdf,OSGB36,-1.622337,55.010436,0.05,Not Owned by a Public Authority,,Permissioned,Full planning permission,08/02/2019,,,34,Four storey extension to the existing building  thirteen storey extension to east elevation and twelve storey extension to west elevation to provide 38 apartments (Use Class C3); external alterations to the existing building including the provision of balconies; and alterations to landscaping and parking provision (as amended by plans received 11 December 2018 and 8 January 2019),,,34,42,,,,2018-12-17,2019-12-23,,,,,,,,,,
http://opendatacommunities.org/id/county-council/newcastle-upon-tyne,Newcastle upon Tyne,5966,,Central Newcastle High School 3 And 5 Eskdale Terrace Newcastle upon Tyne NE2 4DJ,https://www.newcastle.gov.uk/sites/default/files/planning/policy/Brownfield%20Register%20Map%202019.pdf,OSGB36,-1.60672,54.9835,0.04,Not Owned by a Public Authority,Yes,Permissioned,Full planning permission,21/08/2017,,,6,Change of use of educational use (Class D1) to 2 no 1 bedroom flats and 5 no 2 bedroom flats (Class C3)  2 dormer extensions to front  1 rooflight to rear  provision of cycle and refuse storage  as amended by plans received 31 July 2017 (amended description),,,6,8,,,,2018-12-17,2019-04-01,,,,,,,,,,
http://opendatacommunities.org/id/county-council/newcastle-upon-tyne,Newcastle upon Tyne,5983,,West Jesmond Avenue,https://www.newcastle.gov.uk/sites/default/files/planning/policy/Brownfield%20Register%20Map%202019.pdf,OSGB36,-1.60845,54.99237,0.17,Not Owned by a Public Authority,,Not Permissioned,,,,,9,,,,9,11,,,,2018-12-17,2019-04-02,,,,,,,,,,
http://opendatacommunities.org/id/county-council/newcastle-upon-tyne,Newcastle upon Tyne,5990,,Whickham View  Scotswood,https://www.newcastle.gov.uk/sites/default/files/planning/policy/Brownfield%20Register%20Map%202019.pdf,OSGB36,-1.67751,54.97418,0.66,Not Owned by a Public Authority,,Not Permissioned,,,,,77,,,,77,94,,,,2018-12-17,2019-04-03,,,,,,,,,,
http://opendatacommunities.org/id/county-council/newcastle-upon-tyne,Newcastle upon Tyne,5994,,Key House Tankerville Place Newcastle upon Tyne NE2 3AT,https://www.newcastle.gov.uk/sites/default/files/planning/policy/Brownfield%20Register%20Map%202019.pdf,OSGB36,-1.60714,54.98912,0.06,Not Owned by a Public Authority,,Permissioned,Other,02/02/2018,,,14,Notification of Prior Approval: Change of use of offices (Class B1a) to 15 studio apartments (Class C3),,,14,17,,,,2018-12-17,2019-04-04,,,,,,,,,,
http://opendatacommunities.org/id/county-council/newcastle-upon-tyne,Newcastle upon Tyne,6004,,"47 Bath Lane
Newcastle upon Tyne NE4 5SP",https://www.newcastle.gov.uk/sites/default/files/planning/policy/Brownfield%20Register%20Map%202019.pdf,OSGB36,-1.62221,54.97171,0.06,Not Owned by a Public Authority,Yes,Permissioned,Full planning permission,27/04/2018,,,19,Erection of 7 storey building containing 16no. 2 bed and 5No. 1 bed residential apartments (Class C3) with associated cycle parking,,,19,23,,,,2018-12-17,2019-04-05,,,,,,,,,,
http://opendatacommunities.org/id/county-council/newcastle-upon-tyne,Newcastle upon Tyne,6007,,Central Newcastle High School Eskdale Terrace Newcastle upon Tyne NE2 4DJ,https://www.newcastle.gov.uk/sites/default/files/planning/policy/Brownfield%20Register%20Map%202019.pdf,OSGB36,-1.606789,54.98397,0.3,Not Owned by a Public Authority,Yes,Permissioned,Full planning permission,18/05/2018,,,57,Demolition of existing buildings and re development to provide 63 retirement apartments (class C3) with shared facilities  alterations to front boundary walls  piers and gates  provision of 40 car parking spaces  cycle parking  refuse storage  first floor amenity deck and boundary treatment to rear as amended by plans received 25 January and 16 February 2018,,,57,69,,,,2018-12-17,2019-04-06,,,,,,,,,,
http://opendatacommunities.org/id/county-council/newcastle-upon-tyne,Newcastle upon Tyne,6011,,Ron Eager House 214 Westgate Road Newcastle upon Tyne NE4 6AN,https://www.newcastle.gov.uk/sites/default/files/planning/policy/Brownfield%20Register%20Map%202019.pdf,OSGB36,-1.625312,54.971382,0.02,Not Owned by a Public Authority,,Permissioned,Full planning permission,24/05/2018,,,5,Change of use from offices (Class B1) to 2 No. studios and 3 No. flats (Class C3)  erection of cycle shelter and provision of refuse storage,,,5,6,,,,2018-12-17,2019-12-23,,,,,,,,,,
http://opendatacommunities.org/id/county-council/newcastle-upon-tyne,Newcastle upon Tyne,6016,,Saint Annes Convent 7-8 Summerhill Grove,https://www.newcastle.gov.uk/sites/default/files/planning/policy/Brownfield%20Register%20Map%202019.pdf,OSGB36,-1.6274,54.96971,0.07,Not Owned by a Public Authority,,Not Permissioned,,,,,8,,,,8,10,,,,2018-12-17,2019-04-08,,,,,,,,,,
http://opendatacommunities.org/id/county-council/newcastle-upon-tyne,Newcastle upon Tyne,6019,,Former LTH Warehouse  Pitt Street/Wellington Street,https://www.newcastle.gov.uk/sites/default/files/planning/policy/Brownfield%20Register%20Map%202019.pdf,OSGB36,-1.62597,54.97478,0.05,Not Owned by a Public Authority,Yes,Permissioned,Full planning permission,18/07/2018,,,57,Demolition of warehouse (Class B8) and erection of building 3-9 storeys high comprising of 63 studio apartments (Class C3)  public realm and landscaping  access and servicing arrangements and other associated works as amended by plans received 1 December 2017  16 March 2018 and details received 26 and 29 March 2018,,,57,69,,,,2018-12-17,2019-04-10,,,,,,,,,,
http://opendatacommunities.org/id/county-council/newcastle-upon-tyne,Newcastle upon Tyne,6022,,73-78 Clayton Street,https://www.newcastle.gov.uk/sites/default/files/planning/policy/Brownfield%20Register%20Map%202019.pdf,OSGB36,-1.61686,54.97127,0.16,Not Owned by a Public Authority,,Not Permissioned,,,,,20,,,,20,24,,,,2018-12-17,2019-04-11,,,,,,,,,,
http://opendatacommunities.org/id/county-council/newcastle-upon-tyne,Newcastle upon Tyne,6025,,Site of Former Cemex Materials,https://www.newcastle.gov.uk/sites/default/files/planning/policy/Brownfield%20Register%20Map%202019.pdf,OSGB36,-1.61748,54.96509,0.74,Not Owned by a Public Authority,,Not Permissioned,,,,,86,,,,86,105,,,,2018-12-17,2019-12-23,,,,,,,,,,
http://opendatacommunities.org/id/county-council/newcastle-upon-tyne,Newcastle upon Tyne,6028,,Durant and Turner Hall,https://www.newcastle.gov.uk/sites/default/files/planning/policy/Brownfield%20Register%20Map%202019.pdf,OSGB36,-1.6076,54.97578,0.33,Not Owned by a Public Authority,,Not Permissioned,,,,,74,,,,74,90,,,,2018-12-17,2019-04-14,,,,,,,,,,
http://opendatacommunities.org/id/county-council/newcastle-upon-tyne,Newcastle upon Tyne,6051,,Land at West Road Garage  Blucher,https://www.newcastle.gov.uk/sites/default/files/planning/policy/Brownfield%20Register%20Map%202019.pdf,OSGB36,-1.72358,54.98923,0.39,Not Owned by a Public Authority,,Not Permissioned,,,,,17,,,,17,21,,,,2018-12-17,2019-04-15,,,,,,,,,,
http://opendatacommunities.org/id/county-council/newcastle-upon-tyne,Newcastle upon Tyne,6081,,46-54 St Andrews Street,https://www.newcastle.gov.uk/sites/default/files/planning/policy/Brownfield%20Register%20Map%202019.pdf,OSGB36,-1.618339828,54.97342424,0.03,Not Owned by a Public Authority,Yes,Permissioned,Full planning permission,20/12/2018,,,18,Conversion of floors 1-4 from HMO's to 9 x 1 bed flats  8 x studios and 3 x 2 bed flats (Class C3) including alterations to elevations and roof  installation of roof lights and provision of associated service areas  refuse storage and cycle parking to ground floor and basement (amended description) as amended by plans received on 21/11/18,,,,,,,,2019-12-23,2019-12-23,,,,,,,,,,
http://opendatacommunities.org/id/county-council/newcastle-upon-tyne,Newcastle upon Tyne,6088,,Land at Scrogg Road,https://www.newcastle.gov.uk/sites/default/files/planning/policy/Brownfield%20Register%20Map%202019.pdf,OSGB36,-1.557606189,54.98021389,0.21,Not Owned by a Public Authority,,Permissioned,Full planning permission,08/03/2019,,,14,Conversion of Willows Lodge into 16 no one bedroom apartments  bin/cycle storage and alterations to elevations as amended by drawings and information received 12.12.2018  amended by drawing received 17.01.2019  supplemented and amended by information received 16.01.2019 and supplemented by information received 17.01.2019  23.01.2109 and 24.01.2019.,,,,,,,,2019-12-23,2019-12-23,,,,,,,,,,
http://opendatacommunities.org/id/county-council/newcastle-upon-tyne,Newcastle upon Tyne,6100,,The Coach House  62-70 The Drive  Gosforth,https://www.newcastle.gov.uk/sites/default/files/planning/policy/Brownfield%20Register%20Map%202019.pdf,OSGB36,-1.62365328,54.99943271,0.28,Not Owned by a Public Authority,Yes,Permissioned,Full planning permission,12/02/2019,,,7,Change of use from office (Class B1) to 8 residential apartments (Class C3)  demolition of existing 1950's extension  erection of new single storey extension to rear elevation  alterations to roof to east and west wings to form first floor  insertion of rooflights  repair and rebuild of rear boundary wall  associated car parking and landscaping.,,,,,,,,2019-12-23,2019-12-23,,,,,,,,,,
http://opendatacommunities.org/id/county-council/newcastle-upon-tyne,Newcastle upon Tyne,6103,,152-156 New Bridge Street,https://www.newcastle.gov.uk/sites/default/files/planning/policy/Brownfield%20Register%20Map%202019.pdf,OSGB36,-1.603115548,54.97413256,0.07,Not Owned by a Public Authority,Yes,Permissioned,Full planning permission,07/10/2019,,,22,Change of use and conversion from offices (Class B1) to create 24 no residential dwellings (Class C3/C4)  erection of 4 storey extension to rear  alterations to elevations  erection of roof extension to create third floor level  insertion of rooflights to north elevation,,,,,,,,2019-12-23,2019-12-23,,,,,,,,,,
http://opendatacommunities.org/id/county-council/newcastle-upon-tyne,Newcastle upon Tyne,6104,,Claremont House  Framlington Place,https://www.newcastle.gov.uk/sites/default/files/planning/policy/Brownfield%20Register%20Map%202019.pdf,OSGB36,-1.6202,54.9821,0.12,Not Owned by a Public Authority,Yes,Not Permissioned,,,,,8,,,,,,,,,2019-12-23,2019-12-23,,,,,,,,,,
http://opendatacommunities.org/id/county-council/newcastle-upon-tyne,Newcastle upon Tyne,6107,,50 Walker Road and land off Saint Lawrence Road,https://www.newcastle.gov.uk/sites/default/files/planning/policy/Brownfield%20Register%20Map%202019.pdf,OSGB36,-1.5862,54.97117,0.06,Not Owned by a Public Authority,Yes,Permissioned,Full planning permission,16/10/2019,,,6,Partial demolition of warehouse (50 Walker Road) and erection of 7no townhouses (Class C3) with associated vehicle access from Saint Lawrence Road,,,,,,,,2019-12-23,2019-12-23,,,,,,,,,,
http://opendatacommunities.org/id/county-council/newcastle-upon-tyne,Newcastle upon Tyne,6108,,Land to the west of Titan Road,https://www.newcastle.gov.uk/sites/default/files/planning/policy/Brownfield%20Register%20Map%202019.pdf,OSGB36,-1.54399,54.97320792,0.11,Not Owned by a Public Authority,,Pending decision,,,,,7,,,,,,,,,2019-12-23,2019-12-23,,,,,,,,,,
http://opendatacommunities.org/id/county-council/newcastle-upon-tyne,Newcastle upon Tyne,6109,,Land at Grainger Park Road  Elswick,https://www.newcastle.gov.uk/sites/default/files/planning/policy/Brownfield%20Register%20Map%202019.pdf,OSGB36,-1.64639,54.973308,0.48,Not Owned by a Public Authority,,Not Permissioned,,,,,23,,,,,,,,,2019-12-23,2019-12-23,,,,,,,,,,
http://opendatacommunities.org/id/county-council/newcastle-upon-tyne,Newcastle upon Tyne,6110,,Land at Aln Crescent  south of Kingston Park Road,https://www.newcastle.gov.uk/sites/default/files/planning/policy/Brownfield%20Register%20Map%202019.pdf,OSGB36,-1.54557,54.97739,0.22,Owned by a Public Authority,,Not Permissioned,,,,,7,,,,,,,,,2019-12-23,2019-12-23,,,,,,,,,,
http://opendatacommunities.org/id/county-council/newcastle-upon-tyne,Newcastle upon Tyne,6112,,Land west of Eastbourne Avenue  north of Middle Street East,https://www.newcastle.gov.uk/sites/default/files/planning/policy/Brownfield%20Register%20Map%202019.pdf,OSGB36,-1.54557,54.97738,0.22,Owned by a Public Authority,,Not Permissioned,,,,,7,,,,,,,,,2019-12-23,2019-12-23,,,,,,,,,,
http://opendatacommunities.org/id/county-council/newcastle-upon-tyne,Newcastle upon Tyne,6115,,Site at Coxlodge And Gosforth Ex-Servicemens Club  Souter Road,https://www.newcastle.gov.uk/sites/default/files/planning/policy/Brownfield%20Register%20Map%202019.pdf,OSGB36,-1.6403,55.0069,0.11,Not Owned by a Public Authority,,Not Permissioned,,,,,5,,,,,,,,,2019-12-23,2019-12-23,,,,,,,,,,
http://opendatacommunities.org/id/county-council/newcastle-upon-tyne,Newcastle upon Tyne,6118,,262 Westgate Road,https://www.newcastle.gov.uk/sites/default/files/planning/policy/Brownfield%20Register%20Map%202019.pdf,OSGB36,-1.627982892,54.9717442,0.03,Not Owned by a Public Authority,,Pending decision,,,,,14,,,,,,,,,2019-12-23,2019-12-23,,,,,,,,,,
http://opendatacommunities.org/id/county-council/newcastle-upon-tyne,Newcastle upon Tyne,6129,,Land on Berry Close  Church Walk  Walker,https://www.newcastle.gov.uk/sites/default/files/planning/policy/Brownfield%20Register%20Map%202019.pdf,OSGB36,-1.5462,54.9745,0.64,Owned by a Public Authority,,not Permissioned,,,,,9,,,,,,,,,2019-12-23,2019-12-23,,,,,,,,,,
http://opendatacommunities.org/id/county-council/newcastle-upon-tyne,Newcastle upon Tyne,6132,,Land to the East of Stepney Lane  Shieldfield  Newcastle,https://www.newcastle.gov.uk/sites/default/files/planning/policy/Brownfield%20Register%20Map%202019.pdf,OSGB36,-1.5953,54.9771,0.74,Not Owned by a Public Authority,,Permissioned,Outline Planning Permission,17/05/2012,,,41,Renewal of Planning Permission: Erection of 4 blocks of student accommodation (973 beds) incorporating retail (Class A1)  professional/financial services (Class A2)  caf/restaurant (Class A3)  health centre (Class D1)  management suite and caf/bar (Class A3/A4)  and erection of office building (Class B1) with associated car parking  hard and soft landscaping and associated highway works. Outline Application: Erection of 5 blocks of student accommodation (960 beds) incorporating retail (Class A1)  professional and financial services (Class A2)  caf/restaurant (Class A3) and energy centre and decked car park,,,,,,,,2019-12-23,2019-12-23,,,,,,,,,,
