OrganisationURI,SiteReference,SiteNameAddress,GeoY,GeoX,SiteplanURL,Hectares,OwnershipStatus,PlanningStatus,PermissionType,PermissionDate,PlanningHistory,Deliverable,NetDwellingsRangeFrom,NetDwellingsRangeTo,HazardousSubstances,Notes,FirstAddedDate,LastUpdatedDate,EndDate
http://opendatacommunities.org/id/unitary-authority/stoke-on-trent,44864,"Former Eagle Pottery, Ivy House Road",347311.4448,389215.5134,https://webmaplayers.stoke.gov.uk/webmaplayers8/Map.aspx?MapName=SHLAA,1.76,not owned by a public authority,permissioned,full planning permission,31/05/2006,,yes,22,22,,,31/12/2017,31/12/2017,
http://opendatacommunities.org/id/unitary-authority/stoke-on-trent,48119,"Edinburgh House, YMCA, Harding Road, Hanley",346742.6396,388383.9141,https://webmaplayers.stoke.gov.uk/webmaplayers8/Map.aspx?MapName=SHLAA,1.49,not owned by a public authority,permissioned,full planning permission,02/05/2008,,yes,40,40,,,31/12/2017,31/12/2017,
http://opendatacommunities.org/id/unitary-authority/stoke-on-trent,51283,"Land off Westport Road, Hall Street & Pack Horse Lane, Burslem,
Stoke-on-Trent, ST6 4BB",349819.1018,386634.6633,https://webmaplayers.stoke.gov.uk/webmaplayers8/Map.aspx?MapName=SHLAA,0.46,not owned by a public authority,permissioned,outline planning permission,30/04/2013,,yes,43,43,,,31/12/2017,31/12/2017,
http://opendatacommunities.org/id/unitary-authority/stoke-on-trent,51841,"Land at, Central Outpatients/Central Pathology Laboratory, Thornburrow
Drive, Hartshill, Stoke-on-Trent",345580.3737,386234.3225,https://webmaplayers.stoke.gov.uk/webmaplayers8/Map.aspx?MapName=SHLAA,2.36,not owned by a public authority,permissioned,outline planning permission,02/04/2015,,yes,69,69,,,31/12/2017,31/12/2017,
http://opendatacommunities.org/id/unitary-authority/stoke-on-trent,52839,"Land at, North Staffordshire Royal Infirmary, Princes Road / Queens Road, Hartshill, Stoke on Trent",345466.0748,386693.742,https://webmaplayers.stoke.gov.uk/webmaplayers8/Map.aspx?MapName=SHLAA,8.75,not owned by a public authority,permissioned,outline planning permission,26/03/2014,,yes,236,236,,,31/12/2017,31/12/2017,
http://opendatacommunities.org/id/unitary-authority/stoke-on-trent,53413,"Land at Trentham Lakes, Stanley Matthews Way, Stoke-on-Trent",341889.5794,388437.8548,https://webmaplayers.stoke.gov.uk/webmaplayers8/Map.aspx?MapName=SHLAA,7.2,not owned by a public authority,permissioned,outline planning permission,31/03/2015,,yes,147,147,,Site is under construction,31/12/2017,05/12/2018,
http://opendatacommunities.org/id/unitary-authority/stoke-on-trent,54289,"Former Simpsons Pottery, Grange Street, Cobridge, Stoke-on-Trent, ST6
2JT",348822.2008,387510.7654,https://webmaplayers.stoke.gov.uk/webmaplayers8/Map.aspx?MapName=SHLAA,0.73,not owned by a public authority,permissioned,full planning permission,05/02/2013,,yes,17,17,,Site is under construction,31/12/2017,26/09/2019,
http://opendatacommunities.org/id/unitary-authority/stoke-on-trent,56801,"Former Falcon Works, Sturgess Street, Stoke-on-Trent, ST4 7QH",344939.2676,387386.1167,https://webmaplayers.stoke.gov.uk/webmaplayers8/Map.aspx?MapName=SHLAA,0.62,not owned by a public authority,permissioned,full planning permission,12/11/2014,,yes,43,43,,,31/12/2017,31/12/2017,
http://opendatacommunities.org/id/unitary-authority/stoke-on-trent,57805,"Land at 31-33 Houghton Street, Hanley, Stoke On Trent, ST1 3BJ",346824.6865,388388.803,https://webmaplayers.stoke.gov.uk/webmaplayers8/Map.aspx?MapName=SHLAA,0.05,not owned by a public authority,permissioned,full planning permission,19/02/2015,,yes,5,5,,,31/12/2017,31/12/2017,
http://opendatacommunities.org/id/unitary-authority/stoke-on-trent,57972,"17/19 Glebe Street, Stoke On Trent, ST4 1JG",345194.4263,387844.122,https://webmaplayers.stoke.gov.uk/webmaplayers8/Map.aspx?MapName=SHLAA,0.02,not owned by a public authority,permissioned,full planning permission,19/11/2015,,yes,7,7,,Site is under construction,31/12/2017,26/09/2019,
http://opendatacommunities.org/id/unitary-authority/stoke-on-trent,58037,"Former Foxley Works, Redhills Road, Milton, Stoke-on-Trent, ST2 7PE",349759.9183,389927.6093,https://webmaplayers.stoke.gov.uk/webmaplayers8/Map.aspx?MapName=SHLAA,0.22,not owned by a public authority,permissioned,outline planning permission,18/09/2015,,yes,5,5,,,31/12/2017,31/12/2017,
http://opendatacommunities.org/id/unitary-authority/stoke-on-trent,58175,"Land between Newport Lane and Lucas Street, Burslem, Stoke-on-Trent, ST6 3PP",349522.3751,386273.3704,https://webmaplayers.stoke.gov.uk/webmaplayers8/Map.aspx?MapName=SHLAA,0.18,not owned by a public authority,permissioned,outline planning permission,25/06/2015,,yes,14,14,,,31/12/2017,31/12/2017,
http://opendatacommunities.org/id/unitary-authority/stoke-on-trent,58354,"Former Stanfield Nursery School, Dollys Lane, Burslem, Stoke-on-Trent, ST6 7AW",350838.027,387232.0228,https://webmaplayers.stoke.gov.uk/webmaplayers8/Map.aspx?MapName=SHLAA,0.5,not owned by a public authority,permissioned,full planning permission,04/03/2016,,yes,40,40,,,31/12/2017,31/12/2017,
http://opendatacommunities.org/id/unitary-authority/stoke-on-trent,58468,"Former Nursing Home, 1 Ricardo Street, Longton, Stoke-on-Trent, ST3 4EU",342279.2858,390852.6432,https://webmaplayers.stoke.gov.uk/webmaplayers8/Map.aspx?MapName=SHLAA,0.12,not owned by a public authority,permissioned,full planning permission,19/08/2015,,yes,10,10,,,31/12/2017,31/12/2017,
http://opendatacommunities.org/id/unitary-authority/stoke-on-trent,58571,"Ubberley Working Mens Club, Ubberley Road, Bucknall, Stoke-on-Trent, ST2 0EF",346632.8011,391259.4725,https://webmaplayers.stoke.gov.uk/webmaplayers8/Map.aspx?MapName=SHLAA,0.23,not owned by a public authority,permissioned,full planning permission,05/11/2015,,yes,13,13,,,31/12/2017,31/12/2017,
http://opendatacommunities.org/id/unitary-authority/stoke-on-trent,58658,"24 - 26 Glover Street, Hanley, Stoke-on-Trent, ST1 2LU",348449.2338,388835.2501,https://webmaplayers.stoke.gov.uk/webmaplayers8/Map.aspx?MapName=SHLAA,0.05,not owned by a public authority,permissioned,full planning permission,11/09/2015,,yes,6,6,,,31/12/2017,31/12/2017,
http://opendatacommunities.org/id/unitary-authority/stoke-on-trent,58748,"Land adjacent 52 Glebedale Road, Fenton, Stoke on Trent, ST4 3AQ",344560.646,389240.153,https://webmaplayers.stoke.gov.uk/webmaplayers8/Map.aspx?MapName=SHLAA,0.43,not owned by a public authority,permissioned,full planning permission,13/11/2015,,yes,22,22,,,31/12/2017,31/12/2017,
http://opendatacommunities.org/id/unitary-authority/stoke-on-trent,58844,"Former St Chads Church, Scotia Road, Tunstall, Stoke-on-Trent, ST6 6EQ",350988.573,386465.1275,https://webmaplayers.stoke.gov.uk/webmaplayers8/Map.aspx?MapName=SHLAA,0.2,not owned by a public authority,permissioned,full planning permission,09/12/2015,,yes,18,18,,,31/12/2017,31/12/2017,
http://opendatacommunities.org/id/unitary-authority/stoke-on-trent,58877,"Former Bucknall Hospital site, Eaves Lane, Stoke-on-Trent, ST2 8LD",347939.7699,391003.7437,https://webmaplayers.stoke.gov.uk/webmaplayers8/Map.aspx?MapName=SHLAA,8.9,not owned by a public authority,permissioned,full planning permission,29/02/2016,,yes,66,66,,Site is under construction,31/12/2017,09/10/2019,
http://opendatacommunities.org/id/unitary-authority/stoke-on-trent,58896,"Chris Shenton Engineering Ltd, Rear of 30 Wilson Road, Hanford, Stoke-on-Trent ST4 4QQ",342117.8827,386878.4005,https://webmaplayers.stoke.gov.uk/webmaplayers8/Map.aspx?MapName=SHLAA,0.25,owned by a public authority,permissioned,outline planning permission,16/12/2015,,yes,6,6,,,31/12/2017,31/12/2017,
http://opendatacommunities.org/id/unitary-authority/stoke-on-trent,58939,"Land at rear of Greenfield Centre, Furlong Road, Tunstall, Stoke-on-Trent, ST6 5UP",351893.1391,385950.2763,https://webmaplayers.stoke.gov.uk/webmaplayers8/Map.aspx?MapName=SHLAA,0.18,not owned by a public authority,permissioned,full planning permission,04/03/2016,,yes,12,12,,,31/12/2017,31/12/2017,
http://opendatacommunities.org/id/unitary-authority/stoke-on-trent,59041,"59 Gilman Street, Hanley, Stoke-on-Trent ST1 3PL",347448.0978,388643.0679,https://webmaplayers.stoke.gov.uk/webmaplayers8/Map.aspx?MapName=SHLAA,0.02,not owned by a public authority,permissioned,full planning permission,19/01/2016,,yes,6,6,,,31/12/2017,31/12/2017,
http://opendatacommunities.org/id/unitary-authority/stoke-on-trent,59042,"Land at Former St. Peters High School, Queen's Road, Hartshill, Stoke-on-Trent, ST4 7LH",345169,386561,https://webmaplayers.stoke.gov.uk/webmaplayers8/Map.aspx?MapName=SHLAA,1.99,Mixed ownership,permissioned,outline planning permission,19/03/2018,,yes,61,61,,,31/12/2017,05/12/2018,
http://opendatacommunities.org/id/unitary-authority/stoke-on-trent,59182,"Ringway House, Bryan Street, Hanley, Stoke-on-Trent, ST1 5AJ",348008.3401,388184.9144,https://webmaplayers.stoke.gov.uk/webmaplayers8/Map.aspx?MapName=SHLAA,0.09,not owned by a public authority,permissioned,full planning permission,25/05/2016,,yes,18,18,,,31/12/2017,31/12/2017,
http://opendatacommunities.org/id/unitary-authority/stoke-on-trent,59223,"Minton Hollins (land) (employment), Shelton Old Road, Stoke",345763.1002,387495.4928,https://webmaplayers.stoke.gov.uk/webmaplayers8/Map.aspx?MapName=SHLAA,2.79,not owned by a public authority,permissioned,full planning permission,,,yes,485,485,,,31/12/2017,31/12/2017,
http://opendatacommunities.org/id/unitary-authority/stoke-on-trent,59462,"Webberley Limited, Percy Street, Hanley, Stoke-on-Trent, ST1 1NG",347541.8063,388404.5532,https://webmaplayers.stoke.gov.uk/webmaplayers8/Map.aspx?MapName=SHLAA,0.06,not owned by a public authority,permissioned,full planning permission,27/04/2016,,yes,12,12,,,31/12/2017,31/12/2017,
http://opendatacommunities.org/id/unitary-authority/stoke-on-trent,59519,"49 Mcgough Street, Tunstall, Stoke-on-Trent, ST6 5DJ",351182.9357,385911.4727,https://webmaplayers.stoke.gov.uk/webmaplayers8/Map.aspx?MapName=SHLAA,0.03,not owned by a public authority,permissioned,full planning permission,09/06/2016,,yes,10,10,,,31/12/2017,31/12/2017,
http://opendatacommunities.org/id/unitary-authority/stoke-on-trent,59852,"Trent Country Club, Birches Head Road, Birches Head, Stoke-on-Trent, ST2 8DD",349238.2797,390258.5065,https://webmaplayers.stoke.gov.uk/webmaplayers8/Map.aspx?MapName=SHLAA,0.29,not owned by a public authority,permissioned,full planning permission,05/09/2016,,yes,12,12,,,31/12/2017,31/12/2017,
http://opendatacommunities.org/id/unitary-authority/stoke-on-trent,60035,"Goldenhill Working Mens Club, Kidsgrove Road, Goldenhill, Stoke-on-Trent, ST6 5SH",353531.8066,385214.5241,https://webmaplayers.stoke.gov.uk/webmaplayers8/Map.aspx?MapName=SHLAA,0.62,not owned by a public authority,permissioned,full planning permission,26/10/2016,,yes,14,14,,,31/12/2017,31/12/2017,
http://opendatacommunities.org/id/unitary-authority/stoke-on-trent,60223,"Unit 2, Victoria House, Paxton Street, Hanley, Stoke-on-Trent, ST1 3SD",346884.7239,388586.5622,https://webmaplayers.stoke.gov.uk/webmaplayers8/Map.aspx?MapName=SHLAA,0.03,not owned by a public authority,permissioned,outline planning permission,11/11/2016,,yes,16,16,,,31/12/2017,31/12/2017,
http://opendatacommunities.org/id/unitary-authority/stoke-on-trent,60371,"The Winchester, Winchester Avenue, Bucknall, Stoke-on-Trent, ST2 0LL",346028.7069,391905.3424,https://webmaplayers.stoke.gov.uk/webmaplayers8/Map.aspx?MapName=SHLAA,0.14,not owned by a public authority,permissioned,full planning permission,25/11/2016,,yes,7,7,,,31/12/2017,31/12/2017,
http://opendatacommunities.org/id/unitary-authority/stoke-on-trent,60389,"Junction of Upper Hillchurch Street & Ratton Street, Hanley, Stoke-on-Trent, ST1 2BX",347914.6679,388586.4846,https://webmaplayers.stoke.gov.uk/webmaplayers8/Map.aspx?MapName=SHLAA,0.04,not owned by a public authority,permissioned,full planning permission,05/12/2016,,yes,6,6,,,31/12/2017,31/12/2017,
http://opendatacommunities.org/id/unitary-authority/stoke-on-trent,60432,"Former Churchill Pottery, off Waterloo Road, Hanley, Stoke on Trent",348612.6887,387807.0101,https://webmaplayers.stoke.gov.uk/webmaplayers8/Map.aspx?MapName=SHLAA,4.41,not owned by a public authority,permissioned,full planning permission,01/03/2017,,yes,129,129,,Site is under construction,31/12/2017,09/10/2019,
http://opendatacommunities.org/id/unitary-authority/stoke-on-trent,60499,"Grosvenor Chambers, Foundry Street, Hanley, Stoke-on-Trent, ST1 5SY",347674.1817,388202.82,https://webmaplayers.stoke.gov.uk/webmaplayers8/Map.aspx?MapName=SHLAA,0.04,not owned by a public authority,permissioned,other,23/12/2016,,yes,10,10,,,31/12/2017,31/12/2017,
http://opendatacommunities.org/id/unitary-authority/stoke-on-trent,60500,"Grosvenor Chambers, Foundry Street, Hanley, Stoke-on-Trent, ST1 5SY",347674.1817,388202.82,https://webmaplayers.stoke.gov.uk/webmaplayers8/Map.aspx?MapName=SHLAA,0.04,not owned by a public authority,permissioned,other,23/12/2016,,yes,18,18,,,31/12/2017,31/12/2017,
http://opendatacommunities.org/id/unitary-authority/stoke-on-trent,60636,"Majestic Chambers, 24 Campbell Place, Stoke-on-Trent, ST4 1LX",345125.7688,387648.1003,https://webmaplayers.stoke.gov.uk/webmaplayers8/Map.aspx?MapName=SHLAA,0.06,not owned by a public authority,permissioned,other,06/02/2017,,yes,26,26,,,31/12/2017,31/12/2017,
http://opendatacommunities.org/id/unitary-authority/stoke-on-trent,60638,"First Floor, 2-8 Queen Street, Burslem, Stoke-on-Trent, ST6 3EF",349767.5909,386895.0575,https://webmaplayers.stoke.gov.uk/webmaplayers8/Map.aspx?MapName=SHLAA,0.1,not owned by a public authority,permissioned,other,03/03/2017,,yes,9,9,,,31/12/2017,31/12/2017,
http://opendatacommunities.org/id/unitary-authority/stoke-on-trent,60777,"Former Tunstall Health Centre, Dunning Street, Tunstall, Stoke On
Trent, ST6 5AP",351450.3719,385858.8091,https://webmaplayers.stoke.gov.uk/webmaplayers8/Map.aspx?MapName=SHLAA,0.47,not owned by a public authority,permissioned,reserved matters approval,11/04/2017,,yes,19,19,,,31/12/2017,09/10/2019,
http://opendatacommunities.org/id/unitary-authority/stoke-on-trent,60831,"Former Dyson Thermal Technologies, Shelton New Road, Hartshill,
Stoke-on-Trent, ST4 6EP",346142.7335,386459.6166,https://webmaplayers.stoke.gov.uk/webmaplayers8/Map.aspx?MapName=SHLAA,4.57,not owned by a public authority,permissioned,reserved matters approval,14/06/2017,,yes,35,35,,Site is under construction,31/12/2017,09/10/2019,
http://opendatacommunities.org/id/unitary-authority/stoke-on-trent,60886,"Former Methodist Church, Sandon Old Road, Meir, Stoke On Trent, ST3 7AB",341377.3868,392942.5858,https://webmaplayers.stoke.gov.uk/webmaplayers8/Map.aspx?MapName=SHLAA,0.14,not owned by a public authority,permissioned,full planning permission,06/04/2017,,yes,5,5,,Site is under construction,31/12/2017,24/09/2019,
http://opendatacommunities.org/id/unitary-authority/stoke-on-trent,60951,"Shelton Pool, Simon Place, Shelton, Stoke on Trent, ST4 2DD and adjacent Shelton Day Centre, Cemetery Road, Shelton, Stoke on Trent, ST4 2DL",346391.1053,387644.8203,https://webmaplayers.stoke.gov.uk/webmaplayers8/Map.aspx?MapName=SHLAA,0.94,not owned by a public authority,permissioned,full planning permission,21/12/2017,,yes,9,9,,,31/12/2017,24/09/2019,
http://opendatacommunities.org/id/unitary-authority/stoke-on-trent,60994,"Queen Elizabeth II Court, Temple Street, Fenton, Stoke-on-Trent",344641,388836,https://webmaplayers.stoke.gov.uk/webmaplayers8/Map.aspx?MapName=SHLAA,0.53,not owned by a public authority,permissioned,full planning permission,25/05/2017,,yes,57,57,,Site is under construction,05/12/2018,05/12/2018,
http://opendatacommunities.org/id/unitary-authority/stoke-on-trent,61254,"Former Victoria Ground, Off Boothen Old Road, Stoke-on-Trent",344609,387902,https://webmaplayers.stoke.gov.uk/webmaplayers8/Map.aspx?MapName=SHLAA,6.96,not owned by a public authority,permissioned,full planning permission,23/10/2018,,yes,138,138,,Site is under construction,05/12/2018,24/09/2019,
http://opendatacommunities.org/id/unitary-authority/stoke-on-trent,61264,"Former St Dominic's School, Hartshill Road, Stoke-on-Trent, ST4
7LY",345758,387032,https://webmaplayers.stoke.gov.uk/webmaplayers8/Map.aspx?MapName=SHLAA,0.13,not owned by a public authority,permissioned,full planning permission,28/09/2017,,yes,5,5,,,05/12/2018,05/12/2018,
http://opendatacommunities.org/id/unitary-authority/stoke-on-trent,61283,"Land off, Leek Road, Northwood, ST1 6AT",347574.2889,389794.9237,https://webmaplayers.stoke.gov.uk/webmaplayers8/Map.aspx?MapName=SHLAA,0.31,not owned by a public authority,permissioned,outline planning permission,03/10/2018,,yes,119,119,,,31/12/2017,09/10/2019,
http://opendatacommunities.org/id/unitary-authority/stoke-on-trent,61450,"Stoke-on-Trent, College Road",346423.2344,388037.3087,https://webmaplayers.stoke.gov.uk/webmaplayers8/Map.aspx?MapName=SHLAA,1.04,not owned by a public authority,permissioned,full planning permission,26/06/2018,,yes,778,778,,,31/12/2017,31/12/2018,
http://opendatacommunities.org/id/unitary-authority/stoke-on-trent,61641,"Abbots House, 103 Abbots Road, Abbey Hulton, Stoke-on-Trent, ST2 8DU",349028,390871,https://webmaplayers.stoke.gov.uk/webmaplayers8/Map.aspx?MapName=SHLAA,0.41,not owned by a public authority,permissioned,full planning permission,21/12/2017,,yes,14,14,,Site is under construction,05/12/2018,27/09/2019,
http://opendatacommunities.org/id/unitary-authority/stoke-on-trent,61688,"Land at Bucknall New Road, Hanley, Stoke-on-Trent",347501.4084,388949.172,https://webmaplayers.stoke.gov.uk/webmaplayers8/Map.aspx?MapName=SHLAA,1.32,not owned by a public authority,permissioned,full planning permission,18/12/2017,,yes,58,58,,Site is under construction,31/12/2017,27/09/2019,
http://opendatacommunities.org/id/unitary-authority/stoke-on-trent,61710,"Land at Broad Street / Potteries Way, Hanley, Stoke-on-Trent",347212,388054,https://webmaplayers.stoke.gov.uk/webmaplayers8/Map.aspx?MapName=SHLAA,0.95,owned by a public authority,permissioned,full planning permission,07/12/2017,,yes,277,277,,Site is under construction,31/12/2017,27/09/2019,
http://opendatacommunities.org/id/unitary-authority/stoke-on-trent,61735,"56 Edensor Road, Longton, Stoke On Trent, ST3 2QE",343138.9199,390740.0057,https://webmaplayers.stoke.gov.uk/webmaplayers8/Map.aspx?MapName=SHLAA,0.06,not owned by a public authority,permissioned,full planning permission,03/01/2018,,yes,8,8,,,31/12/2017,05/12/2018,
http://opendatacommunities.org/id/unitary-authority/stoke-on-trent,61773,"Land at Bycars Road, Burslem, Stoke-on-Trent, ST6 1BY",350357,386895,https://webmaplayers.stoke.gov.uk/webmaplayers8/Map.aspx?MapName=SHLAA,0.9,not owned by a public authority,permissioned,outline planning permission,05/02/2018,,yes,3,3,,,05/12/2018,05/12/2018,
http://opendatacommunities.org/id/unitary-authority/stoke-on-trent,61804,"Eastwood Road, Hanley",346948.6147,388702.5528,https://webmaplayers.stoke.gov.uk/webmaplayers8/Map.aspx?MapName=SHLAA,4.74,not owned by a public authority,permissioned,full planning permission,30/05/2018,,yes,128,128,,,31/12/2017,09/10/2019,
http://opendatacommunities.org/id/unitary-authority/stoke-on-trent,61905,"Trentwood Timber Supplies Ltd, Junction of Stoke Old Road and  Victoria Street, Basford, Stoke-on-Trent,ST4 6HD",346023,385963,https://webmaplayers.stoke.gov.uk/webmaplayers8/Map.aspx?MapName=SHLAA,0.47,not owned by a public authority,permissioned,outline planning permission,29/03/2018,,yes,19,19,,,05/12/2018,05/12/2018,
http://opendatacommunities.org/id/unitary-authority/stoke-on-trent,62106,"Lightwood Tavern, 581 Lightwood Road, Lightwood, Stoke-",341463,392380,https://webmaplayers.stoke.gov.uk/webmaplayers8/Map.aspx?MapName=SHLAA,0.27,not owned by a public authority,permissioned,full planning permission,04/05/2018,,yes,6,6,,,05/12/2018,09/10/2019,
http://opendatacommunities.org/id/unitary-authority/stoke-on-trent,62496,"Site of former Trentham Library, Trentley Road, Trentham, Stoke-on-Trent, ST4 8PH",341348.4492,386980.9558,https://webmaplayers.stoke.gov.uk/webmaplayers8/Map.aspx?MapName=SHLAA,0.25,not owned by a public authority,permissioned,full planning permission,03/08/2018,,yes,6,6,,Site is under construction,31/12/2017,27/09/2019,
http://opendatacommunities.org/id/unitary-authority/stoke-on-trent,62955,"1 Marychurch Road, Bucknall, Stoke-on-Trent, ST2 9BJ",347500.2989,390468.112,https://webmaplayers.stoke.gov.uk/webmaplayers8/Map.aspx?MapName=SHLAA,0.07,not owned by a public authority,permissioned,full planning permission,26/10/2018,,yes,9,9,,,31/12/2017,09/10/2019,
http://opendatacommunities.org/id/unitary-authority/stoke-on-trent,63129,"Land at, Norfolk Street, Norfolk Street, Shelton, Stoke on Trent",346489.1652,387876.7502,https://webmaplayers.stoke.gov.uk/webmaplayers8/Map.aspx?MapName=SHLAA,0.36,not owned by a public authority,permissioned,full planning permission,07/01/2019,,yes,28,28,,,31/12/2017,26/09/2019,
http://opendatacommunities.org/id/unitary-authority/stoke-on-trent,63168,"Swallows Nest, Ufton Close, Blurton, Stoke-on-Trent,  ST3 3NQ",341009,389547,https://webmaplayers.stoke.gov.uk/webmaplayers8/Map.aspx?MapName=SHLAA,0.34,not owned by a public authority,permissioned,outline planning permission,06/12/2018,,yes,10,10,,Site is under construction,05/12/2018,27/09/2019,
http://opendatacommunities.org/id/unitary-authority/stoke-on-trent,63272,"Bird In Hand, 942 London Road, Stoke On Trent, ST4 5NX",343293.7724,386528.9673,https://webmaplayers.stoke.gov.uk/webmaplayers8/Map.aspx?MapName=SHLAA,0.33,not owned by a public authority,permissioned,full planning permission,08/01/2019,,yes,8,8,,,31/12/2017,26/09/2019,
http://opendatacommunities.org/id/unitary-authority/stoke-on-trent,63292,"Former Station P.H., Stanton Road, Meir, Stoke-on-Trent, ST3 6DF",342284.1847,393458.477,https://webmaplayers.stoke.gov.uk/webmaplayers8/Map.aspx?MapName=SHLAA,0.14,not owned by a public authority,permissioned,full planning permission,06/02/2019,,yes,18,18,,,31/12/2017,27/09/2019,
http://opendatacommunities.org/id/unitary-authority/stoke-on-trent,63462,"66 Grove Road, Fenton, Stoke-on-Trent, ST4 3BB",343879.8878,389046.3448,https://webmaplayers.stoke.gov.uk/webmaplayers8/Map.aspx?MapName=SHLAA,0.19,not owned by a public authority,permissioned,full planning permission,07/03/2019,,yes,7,7,,,31/12/2017,09/10/2019,
http://opendatacommunities.org/id/unitary-authority/stoke-on-trent,137,"Broadway House, Broadway, Meir",342850.8326,393183.8031,https://webmaplayers.stoke.gov.uk/webmaplayers8/Map.aspx?MapName=SHLAA,0.92,not owned by a public authority,not permissioned,,,,,37,37,,,31/12/2017,31/12/2017,
http://opendatacommunities.org/id/unitary-authority/stoke-on-trent,142,"California Business Park (employment element but full site area shown), Whieldon Road, Stoke",344143.5946,387977.9857,https://webmaplayers.stoke.gov.uk/webmaplayers8/Map.aspx?MapName=SHLAA,2.95,not owned by a public authority,not permissioned,,,,,165,165,,,31/12/2017,31/12/2017,
http://opendatacommunities.org/id/unitary-authority/stoke-on-trent,186,"Ford Green House, Ford Green Road, Smallthorne",350896.6315,388913.1086,https://webmaplayers.stoke.gov.uk/webmaplayers8/Map.aspx?MapName=SHLAA,0.27,not owned by a public authority,not permissioned,,,,,4,4,,,31/12/2017,31/12/2017,
http://opendatacommunities.org/id/unitary-authority/stoke-on-trent,187,"Foley Goods Yard, Bute Street, Fenton",343926.5155,390358.0669,https://webmaplayers.stoke.gov.uk/webmaplayers8/Map.aspx?MapName=SHLAA,1,not owned by a public authority,not permissioned,,,,,56,56,,,31/12/2017,31/12/2017,
http://opendatacommunities.org/id/unitary-authority/stoke-on-trent,201,"Former Co-op Bakery Site, Newport Lane, Middleport, Stoke-on-Trent",348935.1129,386517.714,https://webmaplayers.stoke.gov.uk/webmaplayers8/Map.aspx?MapName=SHLAA,1.98,not owned by a public authority,not permissioned,,,,,96,96,,,31/12/2017,31/12/2017,
http://opendatacommunities.org/id/unitary-authority/stoke-on-trent,220,"Former Parkside Residential Home, Weston Coyney Road, Stoke on Trent, and Training & Development Centre",343552.4429,392865.3333,https://webmaplayers.stoke.gov.uk/webmaplayers8/Map.aspx?MapName=SHLAA,0.87,owned by a public authority,not permissioned,,,,,22,22,,,31/12/2017,31/12/2017,
http://opendatacommunities.org/id/unitary-authority/stoke-on-trent,222,"Former pottery, Parsonage Street, Tunstall",351792.07,385759.7767,https://webmaplayers.stoke.gov.uk/webmaplayers8/Map.aspx?MapName=SHLAA,0.49,not owned by a public authority,not permissioned,,,,,28,28,,,31/12/2017,31/12/2019,
http://opendatacommunities.org/id/unitary-authority/stoke-on-trent,238,"Former Tuscan Works,Anchor Road,Longton,Stoke on Trent,ST3 1LL",343778.2122,391428.9616,https://webmaplayers.stoke.gov.uk/webmaplayers8/Map.aspx?MapName=SHLAA,3.08,not owned by a public authority,not permissioned,,,,,110,110,,,31/12/2017,31/12/2017,
http://opendatacommunities.org/id/unitary-authority/stoke-on-trent,245,"Heathfield Special School, Chell Heath Road, Chell Heath, Stoke on Trent, ST6 6PD",352247.6647,388036.4667,https://webmaplayers.stoke.gov.uk/webmaplayers8/Map.aspx?MapName=SHLAA,1.08,owned by a public authority,not permissioned,,,,,35,35,,,31/12/2017,31/12/2017,
http://opendatacommunities.org/id/unitary-authority/stoke-on-trent,60680,"Keele Street, Tunstall, Stoke on Trent, ST6 5AR.",351586.9959,385879.0788,https://webmaplayers.stoke.gov.uk/webmaplayers8/Map.aspx?MapName=SHLAA,0.28,not owned by a public authority,permissioned,full planning permission,24/01/2018,,yes,17,17,,,31/12/2017,09/10/2019,
http://opendatacommunities.org/id/unitary-authority/stoke-on-trent,304,"Land at, Furlong Road, Tunstall, Stoke-on-Trent",351891.2339,386435.4483,https://webmaplayers.stoke.gov.uk/webmaplayers8/Map.aspx?MapName=SHLAA,0.91,not owned by a public authority,not permissioned,,,,,33,33,,,31/12/2017,05/12/2018,
http://opendatacommunities.org/id/unitary-authority/stoke-on-trent,310,"Land at, junction of Newport Lane and Furlong Lane, Burslem
Stoke-on-Trent",349444.7631,386343.9595,https://webmaplayers.stoke.gov.uk/webmaplayers8/Map.aspx?MapName=SHLAA,1.86,not owned by a public authority,not permissioned,,,,yes,86,86,,,31/12/2017,05/12/2018,
http://opendatacommunities.org/id/unitary-authority/stoke-on-trent,333,"Land at, Vernon Road, Stoke-on-Trent, ST4 2TP",345871.8791,387607.9697,https://webmaplayers.stoke.gov.uk/webmaplayers8/Map.aspx?MapName=SHLAA,0.28,not owned by a public authority,not permissioned,,,,,14,14,,,31/12/2017,31/12/2017,
http://opendatacommunities.org/id/unitary-authority/stoke-on-trent,364,"Land off, Lichfield Street, Hanley",346723.4481,388611.9772,https://webmaplayers.stoke.gov.uk/webmaplayers8/Map.aspx?MapName=SHLAA,0.44,not owned by a public authority,not permissioned,,,,,33,33,,,31/12/2017,31/12/2017,
http://opendatacommunities.org/id/unitary-authority/stoke-on-trent,370,"Land off, Baron Street, Fenton",344031.4905,390178.7013,https://webmaplayers.stoke.gov.uk/webmaplayers8/Map.aspx?MapName=SHLAA,0.85,not owned by a public authority,not permissioned,,,,,50,50,,,31/12/2017,31/12/2017,
http://opendatacommunities.org/id/unitary-authority/stoke-on-trent,373,"Land off, Hawkins Street, Fenton",344591.2912,388586.6793,https://webmaplayers.stoke.gov.uk/webmaplayers8/Map.aspx?MapName=SHLAA,1.22,not owned by a public authority,not permissioned,,,,,48,48,,,31/12/2017,31/12/2017,
http://opendatacommunities.org/id/unitary-authority/stoke-on-trent,438,"Botteslow Street, Hanley",347064.1638,389071.3106,https://webmaplayers.stoke.gov.uk/webmaplayers8/Map.aspx?MapName=SHLAA,1.2,owned by a public authority,not permissioned,,,,,77,77,,,31/12/2017,31/12/2017,
http://opendatacommunities.org/id/unitary-authority/stoke-on-trent,468,"Pottery, Sutherland Road, Longton",343256.2871,391641.4429,https://webmaplayers.stoke.gov.uk/webmaplayers8/Map.aspx?MapName=SHLAA,0.38,not owned by a public authority,not permissioned,,,,,19,19,,,31/12/2017,31/12/2017,
http://opendatacommunities.org/id/unitary-authority/stoke-on-trent,469,"Potterycrafts Premises,Campbell Road,Stoke on Trent,Staffs. ST4 4ET",344391.1845,387614.0023,https://webmaplayers.stoke.gov.uk/webmaplayers8/Map.aspx?MapName=SHLAA,1.1,not owned by a public authority,not permissioned,,,,,70,70,,,31/12/2017,31/12/2017,
http://opendatacommunities.org/id/unitary-authority/stoke-on-trent,487,"Squires View, Shelton",345455.3756,388236.9743,https://webmaplayers.stoke.gov.uk/webmaplayers8/Map.aspx?MapName=SHLAA,1.85,not owned by a public authority,not permissioned,,,,,100,100,,,31/12/2017,31/12/2017,
http://opendatacommunities.org/id/unitary-authority/stoke-on-trent,494,"School, Wellfield Road, Bentilee",346397.6416,391167.7866,https://webmaplayers.stoke.gov.uk/webmaplayers8/Map.aspx?MapName=SHLAA,3.59,not owned by a public authority,not permissioned,,,,,25,25,,,31/12/2017,31/12/2017,
http://opendatacommunities.org/id/unitary-authority/stoke-on-trent,506,"Site of Penkhull Farm, Garden Street, Penkhull, ST4 5DY",344778.4838,386787.532,https://webmaplayers.stoke.gov.uk/webmaplayers8/Map.aspx?MapName=SHLAA,0.63,not owned by a public authority,permissioned,other,12/12/2017,,,14,14,,,31/12/2017,31/12/2018,
http://opendatacommunities.org/id/unitary-authority/stoke-on-trent,512,"Spode Works (residential element but full site area shown), Elenora Street, Stoke",345332.4777,387723.5059,https://webmaplayers.stoke.gov.uk/webmaplayers8/Map.aspx?MapName=SHLAA,4.07,Mixed ownership,not permissioned,,,,,300,300,,,31/12/2017,31/12/2017,
http://opendatacommunities.org/id/unitary-authority/stoke-on-trent,549,"Works, Commercial Road, Hanley",347221.7244,388950.12,https://webmaplayers.stoke.gov.uk/webmaplayers8/Map.aspx?MapName=SHLAA,0.76,not owned by a public authority,not permissioned,,,,,51,51,,,31/12/2017,31/12/2017,
http://opendatacommunities.org/id/unitary-authority/stoke-on-trent,774,"Development Land at Bengry Road, Longton",342673.2653,392214.6686,https://webmaplayers.stoke.gov.uk/webmaplayers8/Map.aspx?MapName=SHLAA,0.69,owned by a public authority,not permissioned,,,,,28,28,,,31/12/2017,31/12/2017,
http://opendatacommunities.org/id/unitary-authority/stoke-on-trent,840,"Swift House, Glebe Street, Stoke",345485.3999,387998.6386,https://webmaplayers.stoke.gov.uk/webmaplayers8/Map.aspx?MapName=SHLAA,0.58,owned by a public authority,not permissioned,,,,yes,250,250,,,31/12/2017,31/12/2017,
http://opendatacommunities.org/id/unitary-authority/stoke-on-trent,61804,"Land between Lichfield Street and Eastwood Road, Hanley, Stoke-on-Trent",347070.0054,388618.5444,https://webmaplayers.stoke.gov.uk/webmaplayers8/Map.aspx?MapName=SHLAA,1.81,owned by a public authority,permissioned,full planning permission,30/05/2018,,yes,128,128,,,26/09/2019,26/09/2019,
http://opendatacommunities.org/id/unitary-authority/stoke-on-trent,61856,"19 - 27, Pall Mall, Hanley, Stoke-on-Trent, ST1 1EB",347471.1666,388145.9283,https://webmaplayers.stoke.gov.uk/webmaplayers8/Map.aspx?MapName=SHLAA,0.13,not owned by a public authority,permissioned,full planning permission,14/08/2018,,yes,37,37,,,26/09/2019,26/09/2019,
http://opendatacommunities.org/id/unitary-authority/stoke-on-trent,61889,"Coronation Court, Lonsdale Street, Stoke-on-Trent, BB4 4DR",344903.1383,387820.5758,https://webmaplayers.stoke.gov.uk/webmaplayers8/Map.aspx?MapName=SHLAA,1,not owned by a public authority,permissioned,full planning permission,12/04/2018,,yes,10,10,,,26/09/2019,26/09/2019,
http://opendatacommunities.org/id/unitary-authority/stoke-on-trent,62011,"Site at 5 - 15 Uttoxeter Road, Longton, Stoke-on-Trent ST3 1NX",343349.3801,391221.1134,https://webmaplayers.stoke.gov.uk/webmaplayers8/Map.aspx?MapName=SHLAA,0.04,not owned by a public authority,permissioned,full planning permission,30/04/2018,,yes,11,11,,,26/09/2019,26/09/2019,
http://opendatacommunities.org/id/unitary-authority/stoke-on-trent,62023,"143 Uttoxeter Road, Stoke-on-Trent, ST3 1QQ",343075.0537,391607.1378,https://webmaplayers.stoke.gov.uk/webmaplayers8/Map.aspx?MapName=SHLAA,0.04,not owned by a public authority,permissioned,full planning permission,10/07/2018,,yes,7,7,,,26/09/2019,26/09/2019,
http://opendatacommunities.org/id/unitary-authority/stoke-on-trent,62072,"Prohibition House, Trinity Street, Hanley, Stoke-on-Trent, ST1 5LA",347642.5313,388208.6166,https://webmaplayers.stoke.gov.uk/webmaplayers8/Map.aspx?MapName=SHLAA,0.03,not owned by a public authority,permissioned,full planning permission,23/04/2018,,yes,24,24,,,26/09/2019,26/09/2019,
http://opendatacommunities.org/id/unitary-authority/stoke-on-trent,62102,"Land at Pyenest Street, Shelton, Stoke-on-Trent",346526,387684,https://webmaplayers.stoke.gov.uk/webmaplayers8/Map.aspx?MapName=SHLAA,2.16,owned by a public authority,permissioned,outline planning permission,30/05/2018,,yes,125,125,,,26/09/2019,26/09/2019,
http://opendatacommunities.org/id/unitary-authority/stoke-on-trent,62170,"Land to the rear of One Stop Supermarket, Sandon Road, Stoke on Trent",341861.8575,392898.6421,https://webmaplayers.stoke.gov.uk/webmaplayers8/Map.aspx?MapName=SHLAA,0.07,not owned by a public authority,permissioned,outline planning permission,30/04/2018,,yes,8,8,,,26/09/2019,26/09/2019,
http://opendatacommunities.org/id/unitary-authority/stoke-on-trent,62171,"Former Gilberts Furniture Store, Shelton New Road, Stoke-on-Trent  ST4 6DS",346103.3636,385940.5848,https://webmaplayers.stoke.gov.uk/webmaplayers8/Map.aspx?MapName=SHLAA,0.29,not owned by a public authority,permissioned,full planning permission,15/08/2018,,yes,14,14,,,26/09/2019,26/09/2019,
http://opendatacommunities.org/id/unitary-authority/stoke-on-trent,62172,"Land adjacent to 18 Summerbank Road, Tunstall, Stoke-on-Trent, ST6 5EY",351983.6042,385592.2673,https://webmaplayers.stoke.gov.uk/webmaplayers8/Map.aspx?MapName=SHLAA,0.15,not owned by a public authority,permissioned,outline planning permission,31/05/2018,,yes,10,10,,,26/09/2019,26/09/2019,
http://opendatacommunities.org/id/unitary-authority/stoke-on-trent,62189,"The Meadows, Spode Works, Elenora Street, Stoke on Trent, ST4 1QD",345359.2159,387665.0953,https://webmaplayers.stoke.gov.uk/webmaplayers8/Map.aspx?MapName=SHLAA,0.12,not owned by a public authority,permissioned,full planning permission,25/02/2019,,yes,22,22,,,26/09/2019,26/09/2019,
http://opendatacommunities.org/id/unitary-authority/stoke-on-trent,62377,"Grosvenor Chambers, Foundry Street, Hanley, Stoke-on-Trent, ST1 5HE",347664.2008,388202.4356,https://webmaplayers.stoke.gov.uk/webmaplayers8/Map.aspx?MapName=SHLAA,0.01,not owned by a public authority,permissioned,planning permission granted under an order,16/05/2018,,yes,6,6,,,26/09/2019,26/09/2019,
http://opendatacommunities.org/id/unitary-authority/stoke-on-trent,62379,"Port Vale Football Club, Hamil Road, Burslem, Stoke-on-Trent ST6 1AJ",350307.3792,387264.09,https://webmaplayers.stoke.gov.uk/webmaplayers8/Map.aspx?MapName=SHLAA,0.06,not owned by a public authority,permissioned,outline planning permission,19/06/2018,,yes,8,8,,,26/09/2019,26/09/2019,
http://opendatacommunities.org/id/unitary-authority/stoke-on-trent,62434,"Land adjacent 214 London Road and Club Street, Stoke-on-Trent ST4 5RH",344739.6185,387466.6169,https://webmaplayers.stoke.gov.uk/webmaplayers8/Map.aspx?MapName=SHLAA,0.07,not owned by a public authority,permissioned,full planning permission,26/07/2018,,yes,21,21,,,26/09/2019,26/09/2019,
http://opendatacommunities.org/id/unitary-authority/stoke-on-trent,62462,"41 -51, Queen Street, Burslem, Stoke On Trent, ST6 3EH",349697.1138,386804.6531,https://webmaplayers.stoke.gov.uk/webmaplayers8/Map.aspx?MapName=SHLAA,0.07,not owned by a public authority,permissioned,full planning permission,26/10/2018,,yes,9,9,,,26/09/2019,26/09/2019,
http://opendatacommunities.org/id/unitary-authority/stoke-on-trent,62528,"Queen of Hearts, Lillydale Road, Bucknall, Stoke-on-Trent",347248.162,391040.7499,https://webmaplayers.stoke.gov.uk/webmaplayers8/Map.aspx?MapName=SHLAA,0.22,not owned by a public authority,permissioned,full planning permission,28/09/2018,,yes,16,16,,,26/09/2019,26/09/2019,
http://opendatacommunities.org/id/unitary-authority/stoke-on-trent,62706,"6 Jasper Street, Hanley, Stoke-on-Trent, ST1 3DA",347189.3707,388442.6548,https://webmaplayers.stoke.gov.uk/webmaplayers8/Map.aspx?MapName=SHLAA,0.05,not owned by a public authority,permissioned,full planning permission,17/08/2018,,yes,6,6,,,26/09/2019,26/09/2019,
http://opendatacommunities.org/id/unitary-authority/stoke-on-trent,62711,"Land at Sneyd Street, Stoke-On-Trent, ST6 2NS",348969.5979,388252.4121,https://webmaplayers.stoke.gov.uk/webmaplayers8/Map.aspx?MapName=SHLAA,0.25,not owned by a public authority,permissioned,full planning permission,07/11/2018,,yes,16,16,,,26/09/2019,26/09/2019,
http://opendatacommunities.org/id/unitary-authority/stoke-on-trent,62726,"Snow's Garage, 706 Leek Road, Stoke-On-Trent, ST1 3NP",347065.1745,389409.071,https://webmaplayers.stoke.gov.uk/webmaplayers8/Map.aspx?MapName=SHLAA,0.4,not owned by a public authority,permissioned,full planning permission,13/11/2018,,yes,14,14,,,26/09/2019,26/09/2019,
http://opendatacommunities.org/id/unitary-authority/stoke-on-trent,62728,"Former Florence County Primary School, St Clair Street, Florence, Stoke-on-Trent, ST3 4NH",342545.3765,391321.1967,https://webmaplayers.stoke.gov.uk/webmaplayers8/Map.aspx?MapName=SHLAA,0.33,not owned by a public authority,permissioned,full planning permission,01/11/2018,,yes,20,20,,,26/09/2019,26/09/2019,
http://opendatacommunities.org/id/unitary-authority/stoke-on-trent,62731,"Former Blurton Railway site, off Church Road, Blurton, Stoke-on-Trent",342312.2835,389970.6835,https://webmaplayers.stoke.gov.uk/webmaplayers8/Map.aspx?MapName=SHLAA,0.17,not owned by a public authority,permissioned,full planning permission,01/03/2019,,yes,6,6,,,26/09/2019,26/09/2019,
http://opendatacommunities.org/id/unitary-authority/stoke-on-trent,62731,"Former Blurton Railway site, off Church Road, Blurton, Stoke-on-Trent",342313,389969,https://webmaplayers.stoke.gov.uk/webmaplayers8/Map.aspx?MapName=SHLAA,0.16,not owned by a public authority,permissioned,full planning permission,13/12/2013,,yes,7,7,,,26/09/2019,26/09/2019,
http://opendatacommunities.org/id/unitary-authority/stoke-on-trent,62965,"18 Haydon Street, Basford, Stoke-on-Trent, ST4 6JE",346474.5174,386144.8634,https://webmaplayers.stoke.gov.uk/webmaplayers8/Map.aspx?MapName=SHLAA,0.04,not owned by a public authority,permissioned,full planning permission,08/10/2018,,yes,5,5,,,26/09/2019,26/09/2019,
http://opendatacommunities.org/id/unitary-authority/stoke-on-trent,63067,"Former Weston Coyney Arms, 331 Weston Coyney Road, Weston Coyney, Stoke-on-Trent, ST3 6ES",343560.2581,392955.6735,https://webmaplayers.stoke.gov.uk/webmaplayers8/Map.aspx?MapName=SHLAA,0.03,not owned by a public authority,permissioned,full planning permission,16/01/2019,,yes,13,13,,,26/09/2019,26/09/2019,
http://opendatacommunities.org/id/unitary-authority/stoke-on-trent,63079,"Land at 56 - 68 Ainsworth Street, Mount Pleasant, Stoke-on-Trent, ST4 4JR",344107.3356,388309.1755,https://webmaplayers.stoke.gov.uk/webmaplayers8/Map.aspx?MapName=SHLAA,0.12,not owned by a public authority,permissioned,outline planning permission,06/11/2018,,yes,6,6,,,26/09/2019,26/09/2019,
http://opendatacommunities.org/id/unitary-authority/stoke-on-trent,63095,"Former Workshops for the Blind, City Road, Fenton, Stoke-on-Trent ST4 2PL",344819.749,388914.1396,https://webmaplayers.stoke.gov.uk/webmaplayers8/Map.aspx?MapName=SHLAA,1.31,owned by a public authority,permissioned,full planning permission,05/03/2019,,yes,93,93,,,26/09/2019,26/09/2019,
http://opendatacommunities.org/id/unitary-authority/stoke-on-trent,63096,"Former Fenton Local Centre and car park, Baker Street, Fenton, Stoke-on-Trent ST4 3AF",344637.7076,389106.5459,https://webmaplayers.stoke.gov.uk/webmaplayers8/Map.aspx?MapName=SHLAA,0.56,owned by a public authority,permissioned,full planning permission,05/03/2019,,yes,42,42,,,26/09/2019,26/09/2019,
http://opendatacommunities.org/id/unitary-authority/stoke-on-trent,63108,"Land off Pembridge Road, Blurton, Stoke-on-Trent, ST3 3BU",341471.2041,389511.7793,https://webmaplayers.stoke.gov.uk/webmaplayers8/Map.aspx?MapName=SHLAA,0.22,not owned by a public authority,permissioned,full planning permission,18/12/2018,,yes,6,6,,,26/09/2019,26/09/2019,
http://opendatacommunities.org/id/unitary-authority/stoke-on-trent,63109,"Land off Fallowfield, Blurton, Stoke-on-Trent, ST3 3EH",341740.0961,389621.0844,https://webmaplayers.stoke.gov.uk/webmaplayers8/Map.aspx?MapName=SHLAA,0.17,not owned by a public authority,permissioned,full planning permission,07/12/2018,,yes,5,5,,,26/09/2019,26/09/2019,
http://opendatacommunities.org/id/unitary-authority/stoke-on-trent,63110,"Land off Chamberlain Avenue, Stoke-on-Trent, ST4 5EQ",344778.912,386992.3493,https://webmaplayers.stoke.gov.uk/webmaplayers8/Map.aspx?MapName=SHLAA,0.15,not owned by a public authority,permissioned,full planning permission,30/01/2019,,yes,10,10,,,26/09/2019,26/09/2019,
http://opendatacommunities.org/id/unitary-authority/stoke-on-trent,63145,"Lord John House, Waterloo Street, Hanley, Stoke-on-Trent, ST1 3PW",347300.287,388732.3345,https://webmaplayers.stoke.gov.uk/webmaplayers8/Map.aspx?MapName=SHLAA,0.05,not owned by a public authority,permissioned,full planning permission,25/02/2019,,yes,10,10,,,26/09/2019,26/09/2019,
http://opendatacommunities.org/id/unitary-authority/stoke-on-trent,63231,"Hamil House, Hamil Road, Burslem, Stoke-on-Trent, ST6 1AQ",350041.7412,387095.8332,https://webmaplayers.stoke.gov.uk/webmaplayers8/Map.aspx?MapName=SHLAA,0.03,not owned by a public authority,permissioned,full planning permission,21/12/2018,,yes,11,11,,,26/09/2019,26/09/2019,
