Organisation URI,Organisation Label,Site Reference,2018 Site Reference (where changed),Site Name Address,Column1,Coordinate Reference System,GeoX,GeoY,Hectares,Ownership Status,Deliverable,Planning Status,Permission Type,Permission Date,Planning History,Proposed For PIP,Min Net Dwellings,Development Description,Non Housing Development,Part 2,Net Dwellings Range From,Net Dwellings Range To,Hazardous Substances,Site Information,Notes,First Added Date,Last Updated Date,Alternative references,Owners (if public sector or HA),Housing Delivery Estimate,Site status
http://opendatacommunities.org/id/district-council/norwich,Norwich City Council,N/CAG/001,,"""Two sites at Hurricane Way, Airport Industrial Estate, Norwich""",https://ncc.maps.arcgis.com/apps/webappviewer/index.html?id=64110f1c89b340938fdc601e639d063e&extent=142799.4149%2C6921312.2849%2C143707.1046%2C6921782.2532%2C102100,OSGB36,622329,312694,2.02,Owned by a public authority,,not permissioned,,,https://www.norwich.gov.uk/info/20199/local_plan/1582/site_specific_allocations_in_the_remainder_of_the_city/29,,30,"""Local plan allocation for employment development with an option for housing on the southern half of the site (indicative minimum of 30 dwellings assumed)""",,,30,40,,,Proposed allocated site in draft GNLP for 30 dwellings,31/12/2017,13/12/2019,Allocation: R29,Norwich City Council,2019-21,Not Started
http://opendatacommunities.org/id/district-council/norwich,Norwich City Council,N/CAG/002,,"""Start Rite Factory Site, 28 Mousehold Lane, Norwich NR7 8HE""",https://ncc.maps.arcgis.com/apps/webappviewer/index.html?id=64110f1c89b340938fdc601e639d063e&extent=145866.4226%2C6918309.0679%2C146320.2674%2C6918544.0521%2C102100,OSGB36,624160,310901,0.86,Not owned by a public authority,,permissioned,Full planning permission,06.06.2019,"https://planning.norwich.gov.uk/online-applications/

https://www.norwich.gov.uk/info/20199/local_plan/1582/site_specific_allocations_in_the_remainder_of_the_city/18",,40,"""Local plan allocation for residential development to include a minimum of 40 dwellings 
18/01772/F - ""Erection of a 79 bed Residential Care Home and 42 Supported Living Apartments (Class C2) with associated works"" (15 units equivalent).",,,,,,,Proposed allocated site in draft GNLP for 40 dwellings,31/12/2017,13/12/2019,18/01772/F                Allocation: R18,,"10 units -20/21
5 units 21/22",Not Started
http://opendatacommunities.org/id/district-council/norwich,Norwich City Council,N/CAG/006,,"""297 Aylsham Road/Land at Arminghall Close, Norwich""",https://ncc.maps.arcgis.com/apps/webappviewer/index.html?id=64110f1c89b340938fdc601e639d063e&extent=142263.4712%2C6918589.2555%2C143171.1609%2C6919059.2238%2C102100,OSGB36,622082,311019,2.27,Not owned by a public authority,,not permissioned,,,https://www.norwich.gov.uk/info/20199/local_plan/1582/site_specific_allocations_in_the_remainder_of_the_city/21,,100,"""Part of larger local plan allocation for residential development to include a minimum of 100 dwellings. The majority of the site fronting Aylsham Road, has been developed as a retail foodstore (excluded from brownfield site area)""",,,,,,,Part implemented (LIDL store),31/12/2017,13/12/2019,Allocation: R21,,2027-29,Not Started
http://opendatacommunities.org/id/district-council/norwich,Norwich City Council,N/CRO/001,,"""Land At Corner Of Knox Road and Plumstead Road, Norwich NR1 4LQ""",https://ncc.maps.arcgis.com/apps/webappviewer/index.html?id=64110f1c89b340938fdc601e639d063e&extent=146719.3126%2C6915650.7079%2C147173.1574%2C6915885.6921%2C102100,OSGB36,624752,309311,0.21,Not owned by a public authority,yes,permissioned,Full planning permission,"10.11.2016
10.07.2018",https://planning.norwich.gov.uk/online-applications/,,9,"""Erection of 9 dwellings with associated works""
""Construction of 9 no. dwellings with associated works.""",,,,,,,"""For planning history search for '16/01354/O and 18/00727/F' at link provided""",31/12/2017,13/12/2019,"16/01354/O
18/00727/F",,2019-20,Started
http://opendatacommunities.org/id/district-council/norwich,Norwich City Council,N/CRO/004,,"""Former Church, Heartsease Lane, Norwich""",https://ncc.maps.arcgis.com/apps/webappviewer/index.html?id=64110f1c89b340938fdc601e639d063e&extent=147216.8381%2C6916857.6372%2C148124.5279%2C6917327.6055%2C102100,OSGB36,625119,310121,2.44,Not owned by a public authority,,not permissioned,,,https://planning.norwich.gov.uk/online-applications/,,,"""Residential as an alternative to church redevelopment. Proposed as part of Greater Norwich Local Plan (GNLP) Call for Sites""",,,,,,,"Planning permission granted for ""Construction of new church auditorium with associated children and youth facilities, nursery and car parking with external works and new pedestrian access. (19/00007/F) but not yet implemented""",31/12/2017,13/12/2019,"12/01444/F 
GNLP0570
19/00007/F",,,Not Started
http://opendatacommunities.org/id/district-council/norwich,,N/CRO/005,N/THH/026,"""126-128 Barrack Street, Norwich""",https://ncc.maps.arcgis.com/apps/webappviewer/index.html?id=64110f1c89b340938fdc601e639d063e&extent=145022.9476%2C6915936.9379%2C145476.7924%2C6916171.9221%2C102100,OSGB36,623714,309439,0.11,Not owned by a public authority,,permissioned,full planning permission,22.04.2009,"https://planning.norwich.gov.uk/online-applications/

https://www.norwich.gov.uk/info/20199/local_plan/1582/site_specific_allocations_in_the_remainder_of_the_city/16",,15,"""Allocation: Local plan allocation for residential development to include a minimum of 15 dwellings.
06/00964/F: Demolition of existing building and construction of 15 dwellings (14 flats; 1 maisonette) with parking spaces and associated amenity space.""",,,,,,,"""For planning history search for '06/00964/F' at the first link provided.""",31/12/2017,18/12/2019,"Allocation: R16
06/00964/F",,2027/28,Not started
http://opendatacommunities.org/id/district-council/norwich,Norwich City Council,N/EAT/001,0.44,"""Bartram Mowers Ltd, Land West of Blubell Road, Norwich""",https://ncc.maps.arcgis.com/apps/webappviewer/index.html?id=64110f1c89b340938fdc601e639d063e&extent=137999.9825%2C6910724.3053%2C139815.3619%2C6911664.2419%2C102100,OSGB36,619992,306393,5.47,Not owned by a public authority,yes,permissioned,full planning permission,14.05.2016,"https://planning.norwich.gov.uk/online-applications/

https://www.norwich.gov.uk/info/20199/local_plan/1582/site_specific_allocations_in_the_remainder_of_the_city/24",,120,"""15/01646/F - Erection of 62 age restricted retirement (including affordable) apartments (class C3), assisted living extra care accommodation (class C2), access, car parking, landscaping and ancillary development (revised proposals)""
""19/00911/F - Demolition of existing buildings and erection of 32 bungalows, 22 apartments, a residents pavillion, access and ancillary development.""",,,62,122,,,"15/01646/F - complete
Application currently pending for 32 bungalows and 22 apartments (19/00911/F)
Proposed allocated site in draft GNLP for 60 units",31/12/2017,13/12/2019,"15/01646/F
Allocation: R42
19/00911/F",,"54 - 2020/21
95 - 2023/24",Started
http://opendatacommunities.org/id/district-council/norwich,Norwich City Council,N/EAT/002,,"""Norfolk Learning Difficulties Centre, Ipswich Road, Norwich""",https://ncc.maps.arcgis.com/apps/webappviewer/index.html?id=64110f1c89b340938fdc601e639d063e&extent=141856.8617%2C6909760.6341%2C142764.5514%2C6910230.6024%2C102100,OSGB36,622080,305690,0.78,Owned by a public authority,,not permissioned,,,https://www.norwich.gov.uk/info/20199/local_plan/1582/site_specific_allocations_in_the_remainder_of_the_city/2,,30,"""Local plan allocation for residential development to include a minimum of 30 dwellings""",,,,,,,Proposed allocated site in draft GNLP for 15 units.,31/12/2017,13/12/2019,Allocation: R2,Norwich City Council,"2023/24
2026-28",Not Started
http://opendatacommunities.org/id/district-council/norwich,Norwich City Council,N/GAG/003,N/CRO/003,"""Land North Side Of Windmill Road, Norwich""",https://ncc.maps.arcgis.com/apps/webappviewer/index.html?id=64110f1c89b340938fdc601e639d063e&extent=145559.4026%2C6918431.3779%2C146013.2474%2C6918666.3621%2C102100,OSGB36,623971,310965,0.19,Not owned by a public authority,yes,permissioned,full planning permission,07.10.2015,https://planning.norwich.gov.uk/online-applications/,,17,"""Erection of 17 dwellings""",,,,,,,"""For planning history search for '14/00847/F' at link provided""",31/12/2017,13/12/2019,"14/00847/F
R19",,,Started
http://opendatacommunities.org/id/district-council/norwich,Norwich City Council,N/LAK/001,,"""John Youngs Limited, 24 City Road, Norwich NR1 3AN""",https://ncc.maps.arcgis.com/apps/webappviewer/index.html?id=64110f1c89b340938fdc601e639d063e&extent=144412.2376%2C6912838.2479%2C144866.0824%2C6913073.2321%2C102100,OSGB36,623456,307538,0.89,Not owned by a public authority,,not permissioned,,,https://www.norwich.gov.uk/info/20199/local_plan/1582/site_specific_allocations_in_the_remainder_of_the_city/7,,45,"""Local plan allocation for residential development to include a minimum of 45 dwellings""",,,,,,,"""Higher density scheme of 75 dwellings may be needed to allow the site to be developed""
Proposed allocated site in draft GNLP for 45 units",31/12/2017,13/12/2019,Allocation: R7,,2023-25,Not started
http://opendatacommunities.org/id/district-council/norwich,Norwich City Council,N/LAK/003,,"""Hewett Yard, Hall Road, Norwich""",https://ncc.maps.arcgis.com/apps/webappviewer/index.html?id=64110f1c89b340938fdc601e639d063e&extent=143575.8426%2C6911244.7279%2C144029.6874%2C6911479.7121%2C102100,OSGB36,622966,306550,0.44,Owned by a public authority,,not permissioned,,,https://www.norwich.gov.uk/info/20199/local_plan/1582/site_specific_allocations_in_the_remainder_of_the_city/4,,20,"""Local plan allocation for residential development to include a minimum of 20 dwellings""",,,,,,,,31/12/2017,13/12/2019,Allocation: R4,Norwich City Council,2023-24,Not Started
http://opendatacommunities.org/id/district-council/norwich,Norwich City Council,N/LAK/004,,"""Parish Hall And Vicarage Garden Site, Little John Road, Norwich""",https://ncc.maps.arcgis.com/apps/webappviewer/index.html?id=64110f1c89b340938fdc601e639d063e&extent=142755.4076%2C6910924.8529%2C143209.2524%2C6911159.8371%2C102100,OSGB36,622476,306488,0.48,Not owned by a public authority,yes,permissioned,full planning permission,20.05.2011,https://planning.norwich.gov.uk/online-applications/,,10,"""8no. 2-bed houses and 2no. 1-bed bungalows on former garden of Vicarage""",,,,,,,"""For planning history search for '10/01926/F' at the link provided""",31/12/2017,13/12/2019,"10/01926/F
14/00931/NMA",Diocese of Norwich,2019/20,Started
http://opendatacommunities.org/id/district-council/norwich,Norwich City Council,N/LAK/005,N/THH/005,"""Deal Ground, Bracondale, Norwich""",https://ncc.maps.arcgis.com/apps/webappviewer/index.html?id=64110f1c89b340938fdc601e639d063e&extent=145127.6191%2C6911702.0424%2C148758.3779%2C6913581.9156%2C102100,OSGB36,624690,307366,16.24,Not owned by a public authority,,permissioned,outline planning permission,11.07.2013,"https://planning.norwich.gov.uk/online-applications/

https://www.norwich.gov.uk/info/20199/local_plan/1582/site_specific_allocations_in_the_remainder_of_the_city/9",,580,"""Outline planning application (full details of access) for a mixed development consisting of a maximum of 670 dwellings; demolition of buildings on the May Gurney site (excluding the former public house).
Part of site (area not included here) within the boundary of South Norfolk Council. See SN/TRO/001 on the South Norfolk brownfield register. This would include 76-90 of the proposed 670 dwellings.""","""A local centre comprising commercial uses (A1/A2/A3): a restaurant/dining quarter and public house (A3/A4); an access bridge over the River Yare; new access road; car parking; flood risk management measures; landscape measures inc earthworks to form new swales and other biodiversity enhancements including the re-use of the Grade II Listed brick Kiln for use by bats""",,,,,,"""For planning history search for '12/00875/O' at the first link provided""
Proposed allocated site in GNLP (Deal Ground, Utilities Site and Carrow Works (GNLP0360 & GNLP3053) for 2000 dwellings.",31/12/2017,18/12/2019,"12/00875/O
Allocation: R9",,,Not Started
http://opendatacommunities.org/id/district-council/norwich,Norwich City Council,N/LAK/006,N/MAN/041,"""Land at Lily Terrace, Norwich""",https://ncc.maps.arcgis.com/apps/webappviewer/index.html?id=64110f1c89b340938fdc601e639d063e&extent=144604.2926%2C6913287.8029%2C145058.1374%2C6913522.7871%2C102100,OSGB36,623539,307821,0.1,Not owned by a public authority,yes,permissioned,outline planning permission,09.02.2017,https://planning.norwich.gov.uk/online-applications/,,5,"""Outline application for the development of 5 no. townhouses""
""Reserved matters of landscaping for outline planning permission 16/01574/O for the development of 5 no. townhouses.""",,,,,,,"""For planning history search for '16/01574/O and 18/01641/RM' at the link provided""",31/12/2017,18/12/2019,"16/01574/O
18/01641/RM",,"3 units - 2019/20
2 units - 2020/21",Not started
http://opendatacommunities.org/id/district-council/norwich,Norwich City Council,N/MAN/002,,"""Ivory House, All Saints Green, Norwich NR1 3NB""",https://ncc.maps.arcgis.com/apps/webappviewer/index.html?id=64110f1c89b340938fdc601e639d063e&extent=143785.6826%2C6913529.4579%2C144239.5274%2C6913764.4421%2C102100,OSGB36,623028,307944,0.09,Not owned by a public authority,,permissioned,full planning permission,24.08.2016,https://planning.norwich.gov.uk/online-applications/,,7,"""Extension and alterations of listed building to create 7 No. self-contained flats""",,,,,,,"""For planning history search for 'Ivory House' at the link provided""
Permission expired 31 August 19",31/12/2017,13/12/2019,16/00978/F (supersedes unimplemented part of 10/01763/F),,,Not Started
http://opendatacommunities.org/id/district-council/norwich,Norwich City Council,N/MAN/003,,"""Anglia Square, Norwich""",https://ncc.maps.arcgis.com/apps/webappviewer/index.html?id=64110f1c89b340938fdc601e639d063e&extent=143696.1278%2C6915804.4485%2C144603.8175%2C6916274.4168%2C102100,OSGB36,623019,309382,4.35,Not owned by a public authority,,not permissioned,,,https://planning.norwich.gov.uk/online-applications/,,200,"""17/00434/EIA2. Mar 2017: EIA scoping opinion request for the redevelopment of the site to provide up to 1,350 new residential dwellings (Class C3)""","""A proportion of the site could be delivered as a hotel (Class C1) or student accommodation (Sui Generis). In addition, up to 15,000 sqm GIA (including servicing areas and loading bays) of commercial floorspace at principally ground floor as retail (A1/A2/A3/A4 Use Classes), but to include a cinema (Class D2) of up to 2,350 sqm GIA, and other non-residential uses of approximately 500 sqm GIA to include workshop/artist studio space, office, and/or a doctor's surgery will be provided on the lower floors, with associated public and private car parking and access, landscaping and servicing.""",,,,,,"""For planning history search for 'Anglia Square' at the link provided"". 
Application pending (18/00330/F) for Part Full/Outline application for the comprehensive redevelopment of Anglia Square and adjacent land on Edward Street for: up to 1250 dwellings, hotel, ground floor retail and commercial floorspace, cinema, multi-storey car parks, place of worship and associated works to the highway and public realm areas. Planning Committee resolution 6 Dec 2018 to approve 18/00330/F but called in.  Awaiting outcome of public inquiry due to start early 2020. Proposed allocated site in draft GNLP allocation for 1200 dwellings. Original planning consent for 198 dwellings unlikely to be built out.",31/12/2017,13/12/2019,"Call for sites: GNLP0506
08/00974/F (4.94HA)
17/00434/EIA2 
18/00330/F",,,Not Started
http://opendatacommunities.org/id/district-council/norwich,Norwich City Council,N/MAN/004,,"""Barn Road Car Park, Norwich""",https://ncc.maps.arcgis.com/apps/webappviewer/index.html?id=64110f1c89b340938fdc601e639d063e&extent=142965.3927%2C6915125.6275%2C143419.2376%2C6915360.6116%2C102100,OSGB36,622480,308884,0.42,Owned by a public authority,,permissioned,Full planning permission,26.11.2018,https://www.norwich.gov.uk/info/20199/local_plan/1544/city_centre_site_specific_allocations/23,,120,"""Local plan allocation for mixed use development to include a minimum of 40 dwellings""
""Construction of 302 student bedroom courtyard development above a car park of 128 spaces and associated landscaping.""",,,,,,,302 student bedroom equivilent to 120 units,31/12/2017,13/12/2019,"Allocation: CC22
18/01315/F",Norwich City Council,2020/21,Started
http://opendatacommunities.org/id/district-council/norwich,Norwich City Council,N/MAN/005,,"""5, 6a and 6B Beckham Place, Edward Street, Norwich NR3 3DZ""",https://ncc.maps.arcgis.com/apps/webappviewer/index.html?id=64110f1c89b340938fdc601e639d063e&extent=143946.0076%2C6916138.1879%2C144399.8524%2C6916373.1721%2C102100,OSGB36,623056,309536,0.27,Not owned by a public authority,,permissioned,Full planning permission,23.03.2011,https://planning.norwich.gov.uk/online-applications/,,14,"""Demolition of existing industrial units and the erection of 9 No. three bed houses and 5 No. four bed houses""","""248sqm of office space (Class B1)""",,,,,,"""For planning history search for '5, 6A And 6B Beckham Place' at the link provided""",31/12/2017,31/12/2017,10/01156/F,,,Started
http://opendatacommunities.org/id/district-council/norwich,Norwich City Council,N/MAN/006,,"""60-70 Ber Street, Norwich NR1 3EW""",https://ncc.maps.arcgis.com/apps/webappviewer/index.html?id=64110f1c89b340938fdc601e639d063e&extent=144301.5926%2C6913644.7379%2C144755.4374%2C6913879.7221%2C102100,OSGB36,623338,308027,0.19,Owned by a public authority,,not permissioned,,,"https://planning.norwich.gov.uk/online-applications/

https://www.norwich.gov.uk/info/20199/local_plan/1544/city_centre_site_specific_allocations",,20,"""Local plan allocation for mixed use development to include a minimum of 20 dwellings""",,,,,,,"""For planning history search for '70 Ber Street' at the first link provided""",31/12/2017,31/12/2017,Allocation: CC1,Norwich City Council,2027/28,Not Started
http://opendatacommunities.org/id/district-council/norwich,Norwich City Council,N/MAN/007,,"""10-14 Ber Street, Norwich NR1 3EJ""",https://ncc.maps.arcgis.com/apps/webappviewer/index.html?id=64110f1c89b340938fdc601e639d063e&extent=143101.2476%2C6915436.1529%2C143555.0924%2C6915671.1371%2C102100,OSGB36,623241,308186,0.1,Owned by a public authority,,not permissioned,,,https://www.norwich.gov.uk/info/20199/local_plan/1544/city_centre_site_specific_allocations/3,,10,"""Local plan allocation for mixed use development to include a minimum of 10 dwellings""",,,,,,,Proposed allocated site in draft GNLP for 10 units.,31/12/2017,13/12/2019,Allocation: CC3,Norwich City Council,2023/24,Not Started
http://opendatacommunities.org/id/district-council/norwich,Norwich City Council,N/MAN/008,,"""113-119 Ber Street, Norwich NR1 3EY""",https://ncc.maps.arcgis.com/apps/webappviewer/index.html?id=64110f1c89b340938fdc601e639d063e&extent=144279.1976%2C6913501.2379%2C144733.0424%2C6913736.2221%2C102100,OSGB36,623329,307941,0.07,Not owned by a public authority,yes,permissioned,full planning permission,10.11.2016,https://planning.norwich.gov.uk/online-applications/,,8,"""Conversion of first floor of existing two storey building fronting Ber Street to 3 No. flats. Demolition of warehouse and retail units to rear of site accessed off Scott's Yard with the erection of 5 No. dwellings with associated works.""",Provision of 1 No. retail unit facing onto Ber Street by infilling the warehouse access.,,,,,,"""For planning history search for '16/01266/F' at the link provided""",31/12/2017,13/12/2019,"16/01266/F
19/01095/F (pending)",,2021-23,Started
http://opendatacommunities.org/id/district-council/norwich,Norwich City Council,N/MAN/009,,"""147-153 Ber Street, Norwich NR1 3EY""",https://ncc.maps.arcgis.com/apps/webappviewer/index.html?id=64110f1c89b340938fdc601e639d063e&extent=144361.6826%2C6913323.4529%2C144815.5274%2C6913558.4371%2C102100,OSGB36,623385,307835,0.18,Not owned by a public authority,,not permissioned,,,https://www.norwich.gov.uk/info/20199/local_plan/1544/city_centre_site_specific_allocations/2,,20,"""Local plan allocation for mixed use development to include a minimum of 20 dwellings""",,,,,,,Proposed allocated site in GNLP for 150 units (combined with 84-120 Ber Street) - GNLP2159.,31/12/2017,18/12/2019,"Allocation: CC2
GNLP2159",,2027/28,Not Started
http://opendatacommunities.org/id/district-council/norwich,Norwich City Council,N/MAN/010,N/THH/001,"""Land at Argyle Street, Norwich""",https://ncc.maps.arcgis.com/apps/webappviewer/index.html?id=64110f1c89b340938fdc601e639d063e&extent=144906.9426%2C6913156.4529%2C145360.7874%2C6913391.4371%2C102100,OSGB36,623720,307749,0.32,Owned by a public authority,yes,not permissioned,,,"https://planning.norwich.gov.uk/online-applications/

https://www.norwich.gov.uk/info/20199/local_plan/1544/city_centre_site_specific_allocations/11",,12,"""Local plan allocation for residential development to include a minimum of 12 dwellings""",,,,,,,"""For planning history search for '14/01574/NF3' at the first link provided""
Proposed allocated site in GNLP for 15 units.",31/12/2017,31/12/2017,Allocation: CC11  Demolition: 14/01574/NF3,Norwich City Council,2021/22,Not Started
http://opendatacommunities.org/id/district-council/norwich,Norwich City Council,N/MAN/012,,"""Land to rear of City Hall, Bethel Street, Norwich""",https://ncc.maps.arcgis.com/apps/webappviewer/index.html?id=64110f1c89b340938fdc601e639d063e&extent=143480.6026%2C6914483.8279%2C143934.4474%2C6914718.8121%2C102100,OSGB36,622816,308519,0.40,Owned by a public authority,,not permissioned,,,https://www.norwich.gov.uk/info/20199/local_plan/1544/city_centre_site_specific_allocations/25,,20,"""Local plan allocation for mixed use development to include a minimum of 20 dwellings""",,,,,,,Proposed allocated site in GNLP for 20 units.,31/12/2017,18/12/2019,Allocation: CC24,Norwich City Council,2023 - 25,Not started
http://opendatacommunities.org/id/district-council/norwich,Norwich City Council,N/MAN/013,,"""59 Bethel Street, Norwich NR2 1NR""",https://ncc.maps.arcgis.com/apps/webappviewer/index.html?id=64110f1c89b340938fdc601e639d063e&extent=143155.7776%2C6914474.4829%2C143609.6224%2C6914709.4671%2C102100,OSGB36,622624,308503,0.11,Not owned by a public authority,yes,not permissioned,,,https://planning.norwich.gov.uk/online-applications/,,14,"""Conversion of 59 Bethel Street into 8 apartments and redevelopment land to the side and rear for 9 no. houses and 5 no. apartments plus associated parking""",,,,,,,"""For planning history search for '59 Bethel Street' and/or '09/01005/L' at the link provided""
Conversion element complete (8 units). 14 units still to be built to the rear.",31/12/2017,18/12/2019,"09/01005/L
08/00671/F
Permission expired.",,2021/22,Started
http://opendatacommunities.org/id/district-council/norwich,Norwich City Council,N/MAN/014,,"""St Peters House, 23 Cattle Market Street, Norwich NR1 3DY""",https://ncc.maps.arcgis.com/apps/webappviewer/index.html?id=64110f1c89b340938fdc601e639d063e&extent=144309.8326%2C6914156.8979%2C144763.6774%2C6914391.8821%2C102100,OSGB36,623329,308340,0.16,Not owned by a public authority,yes,permissioned,planning permission granted under an order,"02.10.2015
03.08.2018
24.11.2017",https://planning.norwich.gov.uk/online-applications/,,61,"""Conversion of offices (Class B1) to 53 residential units (Class C3)""
""Change of use from offices (Class B1(a)) to residential (Class C3) to provide 53 residential units""
""Construction of two additional floors to rear of building to create 3 no. one bed flats and 5 no. two bed flats""",,,,,,,"""Prior approval notice.
For planning history search for '15/01256/PDD, 18/00830/PDD & 17/01482/F' at the link provided""",31/12/2017,18/12/2019,"15/01256/PDD
18/00830/PDD
17/01482/F
19/01480/D",,"20 units - 19/20
20 units - 20/21
21 units - 21/22",Started
http://opendatacommunities.org/id/district-council/norwich,Norwich City Council,N/MAN/015,,"""24 Cattle Market Street, Norwich NR1 3DY""",https://ncc.maps.arcgis.com/apps/webappviewer/index.html?id=64110f1c89b340938fdc601e639d063e&extent=144303.0276%2C6914226.5479%2C144756.8724%2C6914461.5321%2C102100,OSGB36,623320,308381,0.07,Not owned by a public authority,yes,permissioned,full planning permission,31.01.2019,https://planning.norwich.gov.uk/online-applications/,,9,"""Demolition of warehouse buildings, construction of 1 No five storey building comprising 9 dwellings, associated cycle and refuse storage, 6 car parking spaces and additional warehouse space.""",,,,,,,"""For planning history search for '13/01686/F', 17/00205/F' and/or 18/01749/F at the link provided""",31/12/2017,12/12/2019,"13/01686/F
17/00205/F
18/01749/F",,"3 units - 19/20
2 units - 20/21
2 units 21/22
2 units - 22/23",Started by virtue demolition
http://opendatacommunities.org/id/district-council/norwich,Norwich City Council,N/MAN/016,,"""36-42 Duke Street, Norwich NR3 3AR""",https://ncc.maps.arcgis.com/apps/webappviewer/index.html?id=64110f1c89b340938fdc601e639d063e&extent=143597.1526%2C6915343.6129%2C144050.9974%2C6915578.5971%2C102100,OSGB36,622866,309041,0.18,Not owned by a public authority,yes,permissioned,full planning permission,23.08.2016,https://planning.norwich.gov.uk/online-applications/,,37,Demolition of existing showroom and construction of 37 No. apartments.,,,,,,,"""For planning history search for '16/00699/F' at the link provided""",31/12/2017,18/12/2019,16/00699/F,,"19 units - 19/20
18 units - 20/21",Started
http://opendatacommunities.org/id/district-council/norwich,Norwich City Council,N/MAN/017,,"""Former Eastern Electricity Board Site, Duke's Wharf, Duke Street, Norwich""",https://ncc.maps.arcgis.com/apps/webappviewer/index.html?id=64110f1c89b340938fdc601e639d063e&extent=143599.7526%2C6914965.1379%2C144053.5974%2C6915200.1221%2C102100,OSGB36,622883,308809,0.84,Not owned by a public authority,yes,permissioned,full planning permission,"17.12.2014
06.10.2015","https://planning.norwich.gov.uk/online-applications/

https://www.norwich.gov.uk/info/20199/local_plan/1544/city_centre_site_specific_allocations/22",,154,"""14/01103/F: External alteration, partial demolition and extension of riverside and Duke Street buildings to provide 29 dwellings. Demolition of central and warehouse buildings to provide redevelopment for 56 dwellings""
""15/00916/F: Change of use of ground, first, second and third floors of Riverside building, first, second and third floors of No. 8 Duke Street, and first and second floors of No. 6 Duke Street to provide 69 residential units.""","""14/01103/F: extension of basement car park, creation of 464sqm of flexible commercial floorspace (Class A2/A3/B1(a)), associated highway and landscape works, pontoon and floating landscape platforms.""",,,,,,"""Revised plans being submitted. GNLP allocation for 100
14/01103/F expired on 17.17.2014.
For planning history search for '14/01103/F' and/or '15/00916/F' at the first link provided.
For Greater Norwich Local Plan (GNLP) Call for Sites information enter 'GNLP0401 Call for Sites' into browser""
Proposed allocated site in GNLP for 100 units. 
18/01117/F approved Jan 2019 for continued use as car park until August 2019.",31/12/2017,31/12/2017,"14/01103/F
15/00916/F
Allocation: CC21
Call for sites: GNLP0401",,,Not Started
http://opendatacommunities.org/id/district-council/norwich,Norwich City Council,N/MAN/018,,"""St. Mary's Works, Duke Street, Norwich NR3 3AF""",https://ncc.maps.arcgis.com/apps/webappviewer/index.html?id=64110f1c89b340938fdc601e639d063e&extent=143484.8923%2C6915579.7523%2C143938.7372%2C6915814.7364%2C102100,OSGB36,622797,309183,1.1,Not owned by a public authority,,permissioned,outline planning permission,03.05.2018,https://planning.norwich.gov.uk/online-applications/,,151,"""Former Northern City Centre Area Action Plan allocation for mixed use development to include a minimum of 40 dwellings
16/01950/O (decision pending): Outline planning application to include the demolition of office/workshop buildings; part demolition/part retention, conversion and extension of St Mary's Works building and redevelopment of the site to provide circa 151 residential units (Use Class C3)""","""16/01950/O: also to include circa 4,365sqm office floor space""",,,,,,"""16/01950/O: Outline permission approved.
For planning history search for '16/01950/O' at the link provided""",31/12/2017,18/12/2019,"16/01950/O
Former allocation (Northern City Centre area action plan): SMW1",,2024-25,Not Started
http://opendatacommunities.org/id/district-council/norwich,Norwich City Council,N/MAN/019,,"""Friars Quay/Colegate, Norwich""",https://ncc.maps.arcgis.com/apps/webappviewer/index.html?id=64110f1c89b340938fdc601e639d063e&extent=143936.3485%2C6915242.3544%2C144390.1934%2C6915477.3386%2C102100,OSGB36,623071,308985,0.13,Not owned by a public authority,,not permissioned,,,https://planning.norwich.gov.uk/online-applications/,,20,"""Former Northern City Centre Area Action Plan allocation for housing development to include a minimum of 20 dwellings""",,,,,,,"""14/01282/F - withdrawn. Linked to 16/01285/PDD - Merchants Court. No development has gone ahead.
For planning history search for '14/01282/F' at the link provided""",31/12/2017,31/12/2017,Former allocation  (Northern City Centre area action plan): WN1,,,Not Started
http://opendatacommunities.org/id/district-council/norwich,Norwich City Council,N/MAN/020,,"""Land at Garden Street, Norwich""",https://ncc.maps.arcgis.com/apps/webappviewer/index.html?id=64110f1c89b340938fdc601e639d063e&extent=144418.5326%2C6913749.9079%2C144872.3774%2C6913984.8921%2C102100,OSGB36,623402,308095,1.08,Owned by a public authority,,not permissioned,,,https://www.norwich.gov.uk/info/20199/local_plan/1544/city_centre_site_specific_allocations/10,,100,"""Local plan allocation for residential development to include a minimum of 100 dwellings""",,,,,,,Proposed allocated site within GNLP for 100 units.,31/12/2017,18/12/2019,Allocation: CC10,Norwich City Council,2028-30,Not Started
http://opendatacommunities.org/id/district-council/norwich,Norwich City Council,N/MAN/021,,"""Land At Goldsmith Street Greyhound Opening And Haslips Close, Norwich""",https://ncc.maps.arcgis.com/apps/webappviewer/index.html?id=64110f1c89b340938fdc601e639d063e&extent=142381.9426%2C6915512.6779%2C142835.7874%2C6915747.6621%2C102100,OSGB36,622122,309128,2.5,Owned by a public authority,yes,permissioned,full planning permission,01.10.2015,"https://planning.norwich.gov.uk/online-applications/

https://www.norwich.gov.uk/info/20199/local_plan/1582/site_specific_allocations_in_the_remainder_of_the_city/27",,105,"""Redevelopment of site to provide 105 dwellings with associated access, landscaping and amenity spaces.""",,,,,,,"For planning history search for 15/00272/F at the first link provided""
49 units already complete",31/12/2017,18/12/2019,"15/00272/F
Allocation: R27",Norwich City Council,"44 units - 19/20
12 units - 24/25",Started
http://opendatacommunities.org/id/district-council/norwich,Norwich City Council,N/MAN/023,,"""34 Magpie Road, Norwich NR3 1JQ""",https://ncc.maps.arcgis.com/apps/webappviewer/index.html?id=64110f1c89b340938fdc601e639d063e&extent=143718.0926%2C6916316.5079%2C144171.9374%2C6916551.4921%2C102100,OSGB36,622910,309633,0.04,Not owned by a public authority,yes,permissioned,full planning permission,20.09.2016,https://planning.norwich.gov.uk/online-applications/,,6,"""Conversion of public house to four flats and building of two residential units to the rear""",,,,,,,"""For planning history search for '16/00485/F' at the link provided""
Permission expired 3.10.2019",31/12/2017,18/12/2019,16/00485/F,,2021-22,Not Started
http://opendatacommunities.org/id/district-council/norwich,Norwich City Council,N/MAN/024,,"""Mary Chapman Court, Norwich NR3 3DX""",https://ncc.maps.arcgis.com/apps/webappviewer/index.html?id=64110f1c89b340938fdc601e639d063e&extent=143645.8281%2C6915104.4095%2C144099.673%2C6915339.3936%2C102100,OSGB36,622901,308895,0.2,Not owned by a public authority,yes,permissioned,full planning permission,18.01.2019,https://planning.norwich.gov.uk/online-applications/,,40,"""Former Northern City Centre Area Action Plan allocation for housing development to include a minimum of 40 dwellings""
18/01524/F - Demolition of student accommodation block, erection of new build academic and residential accommodation for Norwich University of the Arts, including works to riverside walk and other associated external works.",,,,,,,100 beds Equivalent to 40 dwellings,31/12/2017,18/12/2019,Former allocation (Northern City Centre Area Action Plan): WN3,,2021/22,Not Started
http://opendatacommunities.org/id/district-council/norwich,Norwich City Council,N/MAN/025,,"""St George's Works, Muspole Street incl Seymour Hse, 30-34 Muspole St, Norwich NR3 1DJ & The Guildyard, 51 Colegate, Norwich NR3 1DD""",https://ncc.maps.arcgis.com/apps/webappviewer/index.html?id=64110f1c89b340938fdc601e639d063e&extent=143708.3376%2C6915378.0379%2C144162.1824%2C6915613.0221%2C102100,OSGB36,"622935
(ref for 12/00143/ET only)","309079
(ref for 12/00143/ET only)",0.57,Not owned by a public authority,,Not permissioned,,,https://planning.norwich.gov.uk/online-applications/,,150,"""Mixed use redevelopment""","""25,000ft2 of commercial space""",,,,,,"""For planning history search for '12/00143/ET', '15/01512/PDD' and/or '15/01713/PDD' at the link provided""
Proposed allocated site in GNLP for 110 units (GNLP2114)",31/12/2017,18/12/2019,"Allocation: CG1
12/00143/ET
16/00660/EIA1

15/01512/PDD (Seymour Hse)

15/01713/PDD (Guildyard)",,,Not started
http://opendatacommunities.org/id/district-council/norwich,Norwich City Council,N/MAN/026,,"""140-154 Oak Street, Norwich NR3 3BP""",https://ncc.maps.arcgis.com/apps/webappviewer/index.html?id=64110f1c89b340938fdc601e639d063e&extent=143270.5476%2C6915964.3929%2C143724.3924%2C6916199.3771%2C102100,OSGB36,622646,309411,0.15,Owned by a public authority,,Not permissioned,,,https://https://www.norwich.gov.uk/info/20199/local_plan/1544/city_centre_site_specific_allocations/19,,10,"""Local plan allocation for residential development to include a minimum of 10 dwellings""",,,,,,,Proposed allocated site in GNLP for 27 units (in conjuction with 70-72 Sussex Street),31/12/2017,18/12/2019,Allocation: CC18,Norwich City Council,2022/23,Not started
http://opendatacommunities.org/id/district-council/norwich,Norwich City Council,N/MAN/027,,"""161 Oak Street, Norwich NR3 3AY""",https://ncc.maps.arcgis.com/apps/webappviewer/index.html?id=64110f1c89b340938fdc601e639d063e&extent=143156.2526%2C6916087.7929%2C143610.0974%2C6916322.7771%2C102100,OSGB36,622572,309480,0.43,Not owned by a public authority,yes,permissioned,full planning permission,"16.04.2015
23.11.2018",https://planning.norwich.gov.uk/online-applications/,,40,"""Outline application for demolition of existing buildings and erection of 27 flats and houses including means of access only""
18/00004/F - Demolition of existing buildings and erection of flats and houses (40 units) including associated access and landscaping",,,,,,,"""For planning history search for '15/00245/O and 18/00004/F' at the link provided""",31/12/2017,18/12/2019,"15/00245/O
18/00004/F",,"23 units - 2020/21
17 units - 2021/22",Not started
http://opendatacommunities.org/id/district-council/norwich,Norwich City Council,N/MAN/028,,"""Pottergate Car Park site, Norwich""",https://ncc.maps.arcgis.com/apps/webappviewer/index.html?id=64110f1c89b340938fdc601e639d063e&extent=143445.3699%2C6914719.1107%2C143899.2147%2C6914954.0948%2C102100,OSGB36,622781,308657,0.07,Owned by a public authority,,not permissioned,,,https://www.norwich.gov.uk/info/20199/local_plan/1544/city_centre_site_specific_allocations/24,,20,"""Pottergate Car Park site forming part of a larger local plan allocation including land already developed at Fishers Lane -  Pottergate Car Park site is regarded as having capacity for a minimum of 20 dwellings""",,,,,,,,31/12/2017,18/12/2019,Allocation: CC23,Norwich City Council,,Not started
http://opendatacommunities.org/id/district-council/norwich,Norwich City Council,N/MAN/029,,"""Land at Queens Road and Surrey Street, Norwich""",https://ncc.maps.arcgis.com/apps/webappviewer/index.html?id=64110f1c89b340938fdc601e639d063e&extent=143863.6784%2C6913264.2718%2C144771.3681%2C6913734.2401%2C102100,OSGB36,623172,307850,0.5,Not owned by a public authority,yes,permissioned,full planning permission,21.06.2018,"https://planning.norwich.gov.uk/online-applications/

https://www.norwich.gov.uk/info/20199/local_plan/1544/city_centre_site_specific_allocations/30",,101,"""Redevelopment of site to provide 252 student bedroom development with associated access and landscaping.""",,,,,,,"""For planning history search for '18/00437/F' at the first link provided.
Note: application incorporates different area from allocation""
Proposed allocated site within GNLP for 40 dwellings (GNLP0451)
252 students beds equivilent to 101 dwellings",31/12/2017,18/12/2019,"17/01295/F
Allocation: CC29
18/00437/F
19/01405/MA",,2024/25,Not started
http://opendatacommunities.org/id/district-council/norwich,Norwich City Council,N/MAN/031,,"""Merchants Court, St Georges Street, Norwich NR3 1AB""",https://ncc.maps.arcgis.com/apps/webappviewer/index.html?id=64110f1c89b340938fdc601e639d063e&extent=143847.3626%2C6915190.2229%2C144301.2074%2C6915425.2071%2C102100,OSGB36,623021,308953,0.19,Not owned by a public authority,,permissioned,planning permission granted under an order,"25.10.2016
22.12.2017
16.02.2017",https://planning.norwich.gov.uk/online-applications/,,37,"""Change of use of first and second floors from commercial (Class B1(a)) to residential (Class C3) to provide 17 No. apartments.""
17/01811/PDD - ""Change of use from office (Class B1(a)) to dwellinghouses (Class C3) to provide 34 units."" 
16/01268/F - 3 No. penthouse apartments, bin stores, reconfigured car parking arrangements, cycle provision and external canopy.",,,,,,,"""For planning history search for  'Merchants Court' at the link provided.
17/01811/PDD is pending decision""",31/12/2017,18/12/2019,"17/01811/PDD
16/01285/PDD (supersedes 13/01037/PDD)
16/01268/F",,,Not started
http://opendatacommunities.org/id/district-council/norwich,Norwich City Council,N/MAN/032,,"""St Crispins Road/Pitt Street, Norwich NR3 1DF""",https://ncc.maps.arcgis.com/apps/webappviewer/index.html?id=64110f1c89b340938fdc601e639d063e&extent=143548.4526%2C6915826.6479%2C144002.2974%2C6916061.6321%2C102100,OSGB36,622835,309314,0.75,Owned by a public authority,,not permissioned,,,,,25,"""Former Northern City Centre Area Action Plan allocation for mixed use development to include a minimum of 25 dwellings""",,,,,,,,31/12/2017,31/12/2017,Former allocation - Northern City Centre Area Action Plan: SC1,Norwich City Council,2023-24,Not started
http://opendatacommunities.org/id/district-council/norwich,Norwich City Council,N/MAN/033,,"""Land North West Side Of 25-27 Surrey Street, Norwich NR1 3NX""",https://ncc.maps.arcgis.com/apps/webappviewer/index.html?id=64110f1c89b340938fdc601e639d063e&extent=143803.5576%2C6913689.3029%2C144257.4024%2C6913924.2871%2C102100,OSGB36,623035,308043,0.06,Owned by a public authority,yes,permissioned,full planning permission,18.05.2016,https://planning.norwich.gov.uk/online-applications/,,8,"""Erection of eight flats""
17/01664/F - Construction of five storey building and basement including ground floor restaurant (Class A3), first floor retail space (Class A1), hotel (Class C1) and 1no. apartment (Class C3)","""Office (Class B1), retail (Class A1) or financial/professional services (Class A2) uses at ground floor level""",,,,,,"""For planning history search for '16/00431/F' at the link provided""
Proposed allocated site in GNLP",31/12/2017,18/12/2019,"16/00431/F
17/01664/F",Norfolk County Council,,Not started
http://opendatacommunities.org/id/district-council/norwich,Norwich City Council,N/MAN/035,,"""Furniture Store/Land and buildings incl 70-72 Sussex Street, Norwich NR3 3DE""",https://ncc.maps.arcgis.com/apps/webappviewer/index.html?id=64110f1c89b340938fdc601e639d063e&extent=143293.9576%2C6916037.1179%2C143747.8024%2C6916272.1021%2C102100,OSGB36,622661,309449,0.21,Not owned by a public authority,yes,permissioned,full planning permission,11.06.2009,"https://planning.norwich.gov.uk/online-applications/

https://www.norwich.gov.uk/info/20199/local_plan/1544/city_centre_site_specific_allocations/20",,17,"""Demolition of industrial units at the site of 70 - 72 Sussex Street and replace with a largely residential development of 9 town houses, 3 apartments and 5 duplex apartments""","""With 238 sqm commercial space""",,,,,,"""For planning history search for '09/00296/F' at the first link provided""
Proposed allocated site within the GNLP (to be developed in conjunction with 140-154 Oak Street).",31/12/2017,18/12/2019,"09/00296/F
Allocation: CC19",,,Started
http://opendatacommunities.org/id/district-council/norwich,Norwich City Council,N/MAN/036,,"""Westwick Street car park, Norwich""",https://ncc.maps.arcgis.com/apps/webappviewer/index.html?id=64110f1c89b340938fdc601e639d063e&extent=143101.2476%2C6915436.1529%2C143555.0924%2C6915671.1371%2C102100,OSGB36,622560,309085,0.3,Owned by a public authority,,not permissioned,,,https://www.norwich.gov.uk/info/20199/local_plan/1544/city_centre_site_specific_allocations/31,,30,"""Local plan allocation for mixed use development to include a minimum of 30 dwellings""",,,,,,,Proposed allocated site within GNLP for 30 units.,31/12/2017,18/12/2019,Allocation: CC30,Norwich City Council,"15 units - 2021/22
15 units - 2022/23",Not started
http://opendatacommunities.org/id/district-council/norwich,Norwich City Council,N/MAN/038,,"""St Stephens Street, Norwich""",https://ncc.maps.arcgis.com/apps/webappviewer/index.html?id=64110f1c89b340938fdc601e639d063e&extent=143445.4647%2C6913669.6444%2C144353.1544%2C6914139.6127%2C102100,OSGB36,622935,308084,1.5,Not owned by a public authority,yes,permissioned,full planning permission,03.07.2017,"https://planning.norwich.gov.uk/online-applications/

https://www.norwich.gov.uk/info/20199/local_plan/1544/city_centre_site_specific_allocations/28",,250,"""Redevelopment of St Stephens Tower for student accommodation, 702 beds (234 equivalent), with vertical extensions, demolition of ancillary structures to facilitate a new link building and landscaping.
(Allocation to provide a minimum of 250 dwellings)""",Started but not yet complete. Units occupied/available now. Assumed completion in 2019/20. 282 in 19/20,,,,,,"""For planning history search for '17/00357/F' at the first link provided""",31/12/2017,18/12/2019,"Allocation: CC27
17/00357/F",,2021-22,Started
http://opendatacommunities.org/id/district-council/norwich,Norwich City Council,N/MAN/040,,"""Oak Street and Sussex Street commercial sites, 160-162 Oak Street, Norwich""",https://ncc.maps.arcgis.com/apps/webappviewer/index.html?id=64110f1c89b340938fdc601e639d063e&extent=143253.7976%2C6916113.7579%2C143707.6424%2C6916348.7421%2C102100,OSGB36,622631,309495,0.23,Owned by a public authority,,not permissioned,,,https://www.norwich.gov.uk/info/20199/local_plan/1544/city_centre_site_specific_allocations/21,,15,"""Local plan allocation for residential development to include a minimum of 15 dwellings""",,,,,,,,31/12/2017,18/12/2019,Allocation: CC20,Norwich City Council,2027/28,Not started
http://opendatacommunities.org/id/district-council/norwich,Norwich City Council,N/MAN/042,,"""84 - 110 Ber Street Norwich
NR1 3ES""",https://ncc.maps.arcgis.com/apps/webappviewer/index.html?id=64110f1c89b340938fdc601e639d063e&extent=144415.6176%2C6913455.5629%2C144869.4624%2C6913690.5471%2C102100,OSGB36,623407,307912,0.62,Not owned by a public authority,,permissioned,full planning permission,23.03.2011,https://planning.norwich.gov.uk/online-applications/,,25,"Lind BMW Site, (84-110 & 147-153 Ber Street)& Mariners Lane Car Park, Mariners Lane, Norwich
""Demolition of garage building and redevelopment of sites for the erection of 151 flats (50 x one-bedroom, 4 x studio, 79 x two bedroom and 18 x three bedroom apartments) with 148 basement car parking spaces and secure cycle storage .""",,,,,,,"2008 planning application has expired.
The site was originally allocated (CC2)in the adopted City of Norwich
Local Plan (2004), under policy HOU12 A34, for 25 dwellings.
Proposed allocated site in draft GNLP (GNLP2159) for 150 dwellings",26/11/2018,13/12/2019,"08/00490/F, CC2 (2004 Local Plan) Proposed allocated site in draft GNLP (GNLP2159).",,,Not started
http://opendatacommunities.org/id/district-council/norwich,Norwich City Council,N/MIC/002,,"""Land Adjoining Lime Kiln Mews, Drayton Road, Norwich NR3 2DF""",https://ncc.maps.arcgis.com/apps/webappviewer/index.html?id=64110f1c89b340938fdc601e639d063e&extent=142885.6626%2C6916972.4029%2C143339.5074%2C6917207.3871%2C102100,OSGB36,622387,310013,0.56,Not owned by a public authority,yes,permissioned,"full planning permission
Reserved matters","17.12.2015
21.12.2018",https://planning.norwich.gov.uk/online-applications/,,29,29 No. residential units and associated landscaping and highways works (revised proposal).,,,,,,,"""For planning history search for '15/00024/F' at the link provided""
19/00837/F - application pending for Development of site to provide 29 residential units with associated landscaping and highways works.",31/12/2017,18/12/2019,"15/00024/F
19/00837/F",,,Not started
http://opendatacommunities.org/id/district-council/norwich,Norwich City Council,N/MIC/004,,"""Land at Havers Road, Mile Cross, Norwich""",https://ncc.maps.arcgis.com/apps/webappviewer/index.html?id=64110f1c89b340938fdc601e639d063e&extent=142080.9331%2C6916947.5462%2C142988.6228%2C6917417.5145%2C102100,OSGB36,622014,310063,2.25,Not owned by a public authority,,not permissioned,,,https://www.norwich.gov.uk/info/20199/local_plan/1582/site_specific_allocations_in_the_remainder_of_the_city/35,,100,"""Local plan allocation for residential development to provide in the region of 100 dwellings""",,,,,,,,31/12/2017,18/12/2019,Allocation: R35,,"50 units 20/21
50 units 21/22",Not Started
http://opendatacommunities.org/id/district-council/norwich,Norwich City Council,N/MIC/005,,"""Mile Cross Depot, Mile Cross Road, Norwich NR3 2DY""",https://ncc.maps.arcgis.com/apps/webappviewer/index.html?id=64110f1c89b340938fdc601e639d063e&extent=141236.317%2C6917092.8793%2C142144.0067%2C6917562.8476%2C102100,OSGB36,621519,310091,4.4,Owned by a public authority,,not permissioned,,,https://www.norwich.gov.uk/info/20199/local_plan/1582/site_specific_allocations_in_the_remainder_of_the_city/36,,75,"""Local plan allocation for mixed use development to include a minimum of 100 dwellings""
18/01290/DEM - Demolition of buildings.",,,,,,,Proposed allocated site in GNLP for 170 units.,31/12/2017,18/12/2019,Allocation: R36,Norwich City Council,"30 units - 2021/22
90 units - 2022/23
30 units - 2023/24",Not Started
http://opendatacommunities.org/id/district-council/norwich,Norwich City Council,N/MIC/007,,"""81-93 Drayton Road, Norwich""",https://ncc.maps.arcgis.com/apps/webappviewer/index.html?id=64110f1c89b340938fdc601e639d063e&extent=142565.0026%2C6917245.3629%2C143018.8474%2C6917480.3471%2C102100,OSGB36,622193,310165,0.58,Not owned by a public authority,,not permissioned,,,https://www.norwich.gov.uk/info/20199/local_plan/1582/site_specific_allocations_in_the_remainder_of_the_city/25,,30,"""Local plan allocation for residential development to include in the region of 30 dwellings""",,,,,,,,31/12/2017,18/12/2019,Allocation: R25,,2030/31,Not Started
http://opendatacommunities.org/id/district-council/norwich,Norwich City Council,N/MIC/008,,"""Former Kings Arms P. H.
100 Mile Cross Road
Norwich
Norfolk
NR3 2LD""",https://ncc.maps.arcgis.com/apps/webappviewer/index.html?id=64110f1c89b340938fdc601e639d063e&extent=142118.1376%2C6918078.9029%2C142571.9824%2C6918313.8871%2C102100,OSGB36,621889,310655,0.1,Not owned by a public authority,,permissioned,demolition,10.12.2015,https://planning.norwich.gov.uk/online-applications/,,11,"""Refurbishment & extension of former pub to form 6 flats and erection of 5 new flats with associated access and parking.""                                                                   ""Demolition of former Kings Arms public house.""",,,,,,,Demolished in 2016. No subsequent application for development,26/11/2018,20/12/2018,05/00173/F 15/01714/DEM,,,Not started
http://opendatacommunities.org/id/district-council/norwich,Norwich City Council,N/NEL/001,,"""Flordon House, 195 Unthank Road, Norwich NR2 2PQ""",https://ncc.maps.arcgis.com/apps/webappviewer/index.html?id=64110f1c89b340938fdc601e639d063e&extent=141530.7426%2C6913307.4379%2C141984.5874%2C6913542.4221%2C102100,OSGB36,621664,307747,0.05,Not owned by a public authority,yes,permissioned,full planning permission,"19.07.2016
15.02.2018",https://planning.norwich.gov.uk/online-applications/,,5,"""Conversion of office and dwelling to 5 No. flats and associated alterations""
17/01791/F - Conversion and extension to create 5 No. apartments and demolition of rear garage.",,,,,,,"""For planning history search for '16/00227/F and 17/01791/F' at the link provided""",31/12/2017,18/12/2019,"16/00227/F
17/01791/F",,2019/20,Started
http://opendatacommunities.org/id/district-council/norwich,Norwich City Council,N/NEL/002,N/WEN/001,"""Norwich Community Hospital Site, Bowthorpe Road, Norwich NR2 3TU""",https://ncc.maps.arcgis.com/apps/webappviewer/index.html?id=64110f1c89b340938fdc601e639d063e&extent=140091.6113%2C6915393.8852%2C140999.3011%2C6915863.8535%2C102100,OSGB36,620813,309057,2.06,Owned by a public authority,yes,not permissioned,,,https://www.norwich.gov.uk/info/20199/local_plan/1582/site_specific_allocations_in_the_remainder_of_the_city/37,,73,"""Local plan allocation for housing development in the region of 80 dwellings""",,,,,,,"Proposed allocated site in GNLP for 80 units. 
18/00372/O - Outline application including matters of access for redevelopment of the site to provide a new hospital; residential care home; extra care units; key worker units; change of use of Woodlands House to provide residential units; mixed provision of ancillary office space, independent B1 space, A1 retail space; and associated car parking and landscaping (additional / revised information). pending consideration",31/12/2017,31/12/2017,"Allocation: R37
18/00372/O",NHS Property Services,2022/23,Not started
http://opendatacommunities.org/id/district-council/norwich,Norwich City Council,N/NEL/003,N/WEN/003,"""Site of Earl of Leicester PH, 238 Dereham Road, Norwich NR2 3TL""",https://ncc.maps.arcgis.com/apps/webappviewer/index.html?id=64110f1c89b340938fdc601e639d063e&extent=141042.3476%2C6915648.9429%2C141496.1924%2C6915883.9271%2C102100,OSGB36,621293,309160,0.14,Not owned by a public authority,,not permissioned,,,"https://planning.norwich.gov.uk/online-applications/

https://www.norwich.gov.uk/info/20199/local_plan/1582/site_specific_allocations_in_the_remainder_of_the_city/33",,12,"""Local plan allocation for residential development to provide in the region of 15 dwellings""",,,,,,,"""For planning history search for '238 Dereham Road' at the first link provided.
Permissions expired""
Proposed allocated site in GNLP for 10 units.",31/12/2017,18/12/2019,"Allocation: R33
06/01039/F
10/00335/ET",,2022/23,Not Started
http://opendatacommunities.org/id/district-council/norwich,Norwich City Council,N/SEW/001,,"""Site of Van Dal Shoes, Dibden Road, Norwich NR3 4RR""",https://ncc.maps.arcgis.com/apps/webappviewer/index.html?id=64110f1c89b340938fdc601e639d063e&extent=145017.5926%2C6916736.4429%2C145471.4374%2C6916971.4271%2C102100,OSGB36,623690,309930,0.54,Not owned by a public authority,,not permissioned,,,https://www.norwich.gov.uk/info/20199/local_plan/1582/site_specific_allocations_in_the_remainder_of_the_city/17,,25,"""Local plan allocation for residential development to include a minimum of 25 dwellings""",,,,,,,Proposed allocated site in GNLP for 25 units.,31/12/2017,18/12/2019,Allocation: R17,,2023-26,Not Started
http://opendatacommunities.org/id/district-council/norwich,Norwich City Council,N/SEW/002,,"""Site of 118 Magdalen Road, Norwich NR3 4AN""",https://ncc.maps.arcgis.com/apps/webappviewer/index.html?id=64110f1c89b340938fdc601e639d063e&extent=144111.9876%2C6917117.2829%2C144565.8324%2C6917352.2671%2C102100,OSGB36,623130,310126,0.12,Not owned by a public authority,yes,permissioned,full planning permission,10.02.2011,https://planning.norwich.gov.uk/online-applications/,,11,"""Mixed development including:  3 No. two bed terraced houses, 2 No. two bed apartments, 6 No. one bed apartments and ancillary works""","""1 No. small retail unit""",,,,,,"""For planning history search for '10/02009/F' at the link provided""",31/12/2017,18/12/2019,"10/02009/F
14/00555/MA",,2019/20,Started
http://opendatacommunities.org/id/district-council/norwich,Norwich City Council,N/THH/002,,"""Barrack Street Development Site, Norwich""",https://ncc.maps.arcgis.com/apps/webappviewer/index.html?id=64110f1c89b340938fdc601e639d063e&extent=144866.7326%2C6915754.8179%2C145320.5774%2C6915989.8021%2C102100,OSGB36,623668,309338,2.83,Not owned by a public authority,yes,permissioned,"outline planning permission
full planning permission","15.11.2012
04.09.2019","https://planning.norwich.gov.uk/online-applications/

https://www.norwich.gov.uk/info/20199/local_plan/1544/city_centre_site_specific_allocations/17",,"200
220","""Outline application with all matters reserved for the erection of up to 200 dwellings.""
18/01286/F - Demolition of existing buildings and structures; erection of 218 dwellings; conversion, refurbishment and extension of two Grade II Listed Cottages, erection of 310sqm of commercial floorspace (Class A1-A5 use) and 152sqm of Museum floorspace (D1 use), with associated works.",Public open space and up to 127 car parking spaces for B1 office use and 150 residential parking spaces.,,,,,,"""For planning history search for '15/01927/O and 18/01286/F' at the first link provided""
Proposed allocated site in GNLP for 300 dwellings (GNLP409R)",31/12/2017,18/12/2019,"CC17a
15/01927/O
18/01286/F",,2024/25,Not Started
http://opendatacommunities.org/id/district-council/norwich,Norwich City Council,N/THH/003,,"""Land east of Bishop Bridge Road (incl 29-31 Bishop Bridge Road), Norwich""",https://ncc.maps.arcgis.com/apps/webappviewer/index.html?id=64110f1c89b340938fdc601e639d063e&extent=145472.5574%2C6915201.6349%2C146380.2471%2C6915671.6032%2C102100,OSGB36,624119,309081,1.09,Not owned by a public authority,,permissioned,outline planning permission,13.12.2010,"https://planning.norwich.gov.uk/online-applications/

https://www.norwich.gov.uk/info/20199/local_plan/1582/site_specific_allocations_in_the_remainder_of_the_city/14",,50,"""Local plan allocation for residential development. The gasholder site is regarded as having capacity for approximately 30 dwellings. Also includes land at 29-31 Bishop Bridge Road:
06/00166/F: Redevelopment of site with 24 two-bedroom flats with associated access, parking and landscaping
08/00935/O: Outline application for the erection of 19 residential units.""",,,,,,,"""For planning history search for '31 Bishop Bridge Road' at the first link provided""
Proposed allocated site in GNLP for 80 dwellings",31/12/2017,18/12/2019,"Allocation: R14
29-31 Bishop Bridge Road:
06/00166/F
08/00935/O
18/00081/DEM",,2021/22,Started by virtue of construction of access road
http://opendatacommunities.org/id/district-council/norwich,Norwich City Council,N/THH/006,,"""Utilities Site, Cremorne Lane, Norwich""",https://ncc.maps.arcgis.com/apps/webappviewer/index.html?id=64110f1c89b340938fdc601e639d063e&extent=145969.4775%2C6912904.5118%2C147784.8569%2C6913844.4483%2C102100,OSGB36,624790,307816,6.92,Not owned by a public authority,,not permissioned,,,https://www.norwich.gov.uk/info/20199/local_plan/1582/site_specific_allocations_in_the_remainder_of_the_city/10,,100,"""Local plan allocation for mixed use development to include a minimum of 100 dwellings.""","""Renewable power generation""",,,,,,"""Application withdrawn. Developer in insolvency. Need for hazardous substance consent.""
Proposed allocated site in GNLP (Deal Ground, Utilities Site and Carrow Works (GNLP0360 & GNLP3053) for 2000 dwellings.",31/12/2017,18/12/2019,Allocation: R10,,,Not Started
http://opendatacommunities.org/id/district-council/norwich,Norwich City Council,N/THH/007,,"""Gas Holder site, Gas Hill, Norwich""",https://ncc.maps.arcgis.com/apps/webappviewer/index.html?id=64110f1c89b340938fdc601e639d063e&extent=145648.2826%2C6915037.6679%2C146102.1274%2C6915272.6521%2C102100,OSGB36,624115,308908,0.3,Owned by a public authority,,not permissioned,,,https://www.norwich.gov.uk/info/20199/local_plan/1582/site_specific_allocations_in_the_remainder_of_the_city/13,,15,"""Local plan allocation for residential development to include a minimum of 15 dwellings""",,,,,,,,31/12/2017,31/12/2017,Allocation: R13,National Grid,2022/23,Not Started
http://opendatacommunities.org/id/district-council/norwich,Norwich City Council,N/THH/008,,"""Land adjoining Norwich City Football Club (incl Groundsmans Hut and Players Car Park) & Land North Of Carrow Quay, Kerrison Road, Norwich""",https://ncc.maps.arcgis.com/apps/webappviewer/index.html?id=64110f1c89b340938fdc601e639d063e&extent=145722.4026%2C6913072.5879%2C146176.2474%2C6913307.5721%2C102100,OSGB36,624224,307697,3.24,Not owned by a public authority,yes,permissioned,full planning permission,"05.11.2013
19.02.2019","https://planning.norwich.gov.uk/online-applications/

https://www.norwich.gov.uk/info/20199/local_plan/1544/city_centre_site_specific_allocations/16",,300,"""Part of plan allocation for mixed use development to include a minimum of 300 dwellings including land at Carrow Quay for which outline permission has already been granted for 250.""
17/01091/F: Demolition of groundman's hut and construction of 73 flats with associate parking, landscaping and highways works",,,,,,,"""Permission for 250 flats covers part of site: land north of Carrow Quay.
For planning history search for '11/02104/O' at the first link provided.
Remainder of site incl groundsman's hut and players car park not permissioned.""
Proposed allocated site in GNLP for 270 units.",31/12/2017,18/12/2019,"13/01270/RM
11/02104/O
Allocation: CC16
17/01091/F",Broadland Housing,"149 units - 2019/20
73 units - 2020/21
101 units - 2021/22",Not Started
http://opendatacommunities.org/id/district-council/norwich,Norwich City Council,N/THH/009,,"""Site of ATB Laurence Scott, Kerrison Road/Hardy Road, Norwich NR1 1JN""",https://ncc.maps.arcgis.com/apps/webappviewer/index.html?id=64110f1c89b340938fdc601e639d063e&extent=145483.0529%2C6912755.96%2C147298.4323%2C6913695.8965%2C102100,OSGB36,624429,307760,4.64,Not owned by a public authority,,not permissioned,,,https://www.norwich.gov.uk/info/20199/local_plan/1582/site_specific_allocations_in_the_remainder_of_the_city/11,,400,"""Local plan allocation for mixed use development to include a minimum of 400 dwellings""",,,,,,,"""Suitable alternative accommodation for the existing use has yet to be secured.""",31/12/2017,18/12/2019,Allocation: R11,,2023-28,Not Started
http://opendatacommunities.org/id/district-council/norwich,Norwich City Council,N/THH/011,,"""Land at Hobrough Lane/125-129 & 131-133 King Street, Norwich NR1 1QE""",https://ncc.maps.arcgis.com/apps/webappviewer/index.html?id=64110f1c89b340938fdc601e639d063e&extent=144747.3726%2C6913827.5079%2C145201.2174%2C6914062.4921%2C102100,OSGB36,623602,308156,0.35,Not owned by a public authority,,permissioned,full planning permission,"30.01.2009
12.07.2013","https://planning.norwich.gov.uk/online-applications/

https://www.norwich.gov.uk/info/20199/local_plan/1544/city_centre_site_specific_allocations/7",,20,"""Local plan allocation for mixed use development to include a minimum of 20 dwellings""",,,,,,,"""For planning history search for '12/02099/F' (for nos.125-129) and/or '07/00412/F' (for nos. 131&133) at the first link provided""
Proposed allocated site in GNLP for 20 units",31/12/2017,18/12/2019,"07/00412/F
12/02099/F

Allocation: CC7",,2022/23,Not Started
http://opendatacommunities.org/id/district-council/norwich,Norwich City Council,N/THH/012,,"""King Street Stores, and adj land/buildings, King Street, Norwich""",https://ncc.maps.arcgis.com/apps/webappviewer/index.html?id=64110f1c89b340938fdc601e639d063e&extent=144883.2226%2C6913456.7729%2C145337.0674%2C6913691.7571%2C102100,OSGB36,623699,307932,0.21,Not owned by a public authority,,not permissioned,,,https://www.norwich.gov.uk/info/20199/local_plan/1544/city_centre_site_specific_allocations/8,,20,"""Local plan allocation for mixed use development to include a minimum of 20 dwellings""",,,,,,,Proposed allocated site in GNLP for 20 units.,31/12/2017,18/12/2019,Allocation: CC8,,2023-25,Not Started
http://opendatacommunities.org/id/district-council/norwich,Norwich City Council,N/THH/013,,"""St Annes Wharf and adjoining land, King Street, Norwich""",https://ncc.maps.arcgis.com/apps/webappviewer/index.html?id=64110f1c89b340938fdc601e639d063e&extent=144448.7118%2C6913891.1251%2C145356.4015%2C6914361.0934%2C102100,OSGB36,623566,308264,2.07,Not owned by a public authority,yes,permissioned,full planning permission,09.03.2017,"https://planning.norwich.gov.uk/online-applications/

https://www.norwich.gov.uk/info/20199/local_plan/1544/city_centre_site_specific_allocations/6",,437,"""The demolition of existing buildings and redevelopment of the following mixes; 437 residential units""","""2128 sq m of A1, A2, A3 and D2 uses (max.2000 sq m A1), provision of 305 car parking spaces, riverside walkway, public open space and hard and soft landscaping, including bridge over river.""",,,,,,"""For planning history search for '04/00605/F' at the first link provided""",31/12/2017,18/12/2019,"04/00605/F
16/01893/VC
Allocation: CC6",,"87 units - 2019/20
88 units - 2020/21
88 units - 2021/22
88 units - 2022/23",Started
http://opendatacommunities.org/id/district-council/norwich,Norwich City Council,N/THH/014,,"""191 King Street, Norwich NR1 2DF""",https://ncc.maps.arcgis.com/apps/webappviewer/index.html?id=64110f1c89b340938fdc601e639d063e&extent=144918.4026%2C6913372.2429%2C145372.2474%2C6913607.2271%2C102100,OSGB36,623719,307885,0.26,Not owned by a public authority,yes,permissioned,full planning permission,21.04.2016,https://planning.norwich.gov.uk/online-applications/,,41,"""Redevelopment of site to provide 41 dwellings including partial demolition of buildings with associated works.""",,,,,,,"""For planning history search for '15/01810/F' at the link provided""
19/01389/F for Partial demolition of buildings, construction of 41 dwellings and associated works pending consideration",31/12/2017,18/12/2019,"15/01810/F
19/01389/F",,,Not started
http://opendatacommunities.org/id/district-council/norwich,Norwich City Council,N/THH/018,,"""Norwich Mail Centre, 13-17 Thorpe Road, Norwich NR1 1AA""",https://ncc.maps.arcgis.com/apps/webappviewer/index.html?id=64110f1c89b340938fdc601e639d063e&extent=145603.7526%2C6914060.6579%2C146057.5974%2C6914295.6421%2C102100,OSGB36,624123,308324,1.52,Owned by a public authority,,not permissioned,,,https://www.norwich.gov.uk/info/20199/local_plan/1544/city_centre_site_specific_allocations/15,,150,"""Local plan allocation for mixed use development to include a minimum of 150 dwellings""",,,,,,,,31/12/2017,18/12/2019,Allocation: CC15,Royal Mail Group,2033,Not started
http://opendatacommunities.org/id/district-council/norwich,Norwich City Council,N/THH/019,,"""66 Rosary Road, Norwich""",https://ncc.maps.arcgis.com/apps/webappviewer/index.html?id=64110f1c89b340938fdc601e639d063e&extent=145455.9459%2C6914542.6181%2C145909.7908%2C6914777.6022%2C102100,OSGB36,624019,308603,0.03,Not owned by a public authority,yes,permissioned,full planning permission,15.03.2007,https://planning.norwich.gov.uk/online-applications/,,6,"""Demolition of former Gem Printing Works and adjoining commercial units fronting St Matthews Road to allow redevelopment to create 4 No. two bedroom flats and 2 No. one bedroom flats with associated bin/cycle storage and external amenity area""",,,,,,,"""For planning history search for '07/00117/F' at the link provided""",31/12/2017,18/12/2019,07/00117/F,,"2 units - 2019/20
2 units - 2020/21
2 units - 2021/22",Started
http://opendatacommunities.org/id/district-council/norwich,Norwich City Council,N/THH/021,,"""Land at Rose Lane & Mountergate, Norwich""",https://ncc.maps.arcgis.com/apps/webappviewer/index.html?id=64110f1c89b340938fdc601e639d063e&extent=144601.5956%2C6914161.4643%2C145509.2853%2C6914631.4326%2C102100,OSGB36,623618,308438,3.56,Mixed ownership,,not permissioned,,,https://www.norwich.gov.uk/info/20199/local_plan/1544/city_centre_site_specific_allocations/4,,242,"""Local plan allocation for mixed use development to include a minimum of 300 dwellings.
58 within application completed as part of 15/00705/PDD.
Site outline excludes area of 15/00705/PDD and 14/01521/F (car park and other non-residential uses)""",,,,,,,Proposed allocated site in GNLP for 250 units (200 on CC4b and 50 on CC4a),31/12/2017,18/12/2019,"Allocation: CC4 
(part)",,2023-29,Not started
http://opendatacommunities.org/id/district-council/norwich,Norwich City Council,N/THH/027,,"""Land at Ketts Hill and Bishop Bridge Road, Norwich""",https://ncc.maps.arcgis.com/apps/webappviewer/index.html?id=64110f1c89b340938fdc601e639d063e&extent=145677.6326%2C6915450.2429%2C146131.4774%2C6915685.2271%2C102100,OSGB36,624128,309166,0.57,Not owned by a public authority,,not permissioned,,,https://www.norwich.gov.uk/info/20199/local_plan/1582/site_specific_allocations_in_the_remainder_of_the_city/15,,30,"""Local plan allocation for residential development to include a minimum of 30 dwellings, most recently promoted for retail use""",,,,,,,,31/12/2017,18/12/2019,Allocation: R15,,2025-27,Not started
http://opendatacommunities.org/id/district-council/norwich,Norwich City Council,N/THH/029,,"""Land at Lower Clarence Road, Norwich""",https://ncc.maps.arcgis.com/apps/webappviewer/index.html?id=64110f1c89b340938fdc601e639d063e&extent=145529.8463%2C6913752.1917%2C146437.5361%2C6914222.16%2C102100,OSGB36,624205,308188,1,Not owned by a public authority,,not permissioned,,,https://www.norwich.gov.uk/info/20199/local_plan/1544/city_centre_site_specific_allocations/13,,45,"""Local plan allocation for residential development to include a minimum of 45 dwellings""",,,,,,,"""Currently used as car park""",31/12/2017,18/12/2019,Allocation: CC13,,2025-28.,Not started
http://opendatacommunities.org/id/district-council/norwich,Norwich City Council,N/THH/030,,"""Busseys Garage Site, Thorpe Road and Lower Clarence Road, Norwich""",https://ncc.maps.arcgis.com/apps/webappviewer/index.html?id=64110f1c89b340938fdc601e639d063e&extent=145871.0376%2C6913903.1279%2C146324.8824%2C6914138.1121%2C102100,OSGB36,624290,308224,0.45,Not owned by a public authority,,not permissioned,,,https://www.norwich.gov.uk/info/20199/local_plan/1544/city_centre_site_specific_allocations/14,,25,"""Local plan allocation for residential development to include a minimum of 25 dwellings""",,,,,,,,31/12/2017,18/12/2019,Allocation: CC14,,2027/28,Not started
http://opendatacommunities.org/id/district-council/norwich,Norwich City Council,N/THH/031,,"""Ailwyn Hall
Lower Clarence Road
Norwich
NR1 1HD""",https://ncc.maps.arcgis.com/apps/webappviewer/index.html?id=64110f1c89b340938fdc601e639d063e&extent=145445.9826%2C6914123.9729%2C145899.8274%2C6914358.9571%2C102100,OSGB36,624021,308351,1.085,Not owned by a public authority,,permissioned,Full planning permission,06.05.2008,https://www.norwich.gov.uk/info/20199/adopted_local_plan/1544/city_centre_site_specific_allocations/13,,21,"""Redevelopment of site with 2/5 storey building comprising 21 flats with associated parking and bicycle storage.""",,,,,,,Consent granted in 2008 for 21 flats - 06/00963/F extended in 2010 10/01560/ET,10/12/2018,13/12/2019,06/00963/F 10/01560/ET Allocation CC13,,2025-28,Not started
http://opendatacommunities.org/id/district-council/norwich,Norwich City Council,N/UNI/001,,"""The Blackdale Building, Bluebell Road, Norwich""",https://ncc.maps.arcgis.com/apps/webappviewer/index.html?id=64110f1c89b340938fdc601e639d063e&extent=138431.6676%2C6913728.9179%2C138885.5124%2C6913963.9021%2C102100,OSGB36,619770,307918,0.89,Owned by a public authority,yes,permissioned,full planning permission,22.05.2015,"https://planning.norwich.gov.uk/online-applications/

https://www.norwich.gov.uk/info/20199/local_plan/1582/site_specific_allocations_in_the_remainder_of_the_city/40",,134,"""Student accommodation to provide 915 bedrooms, kitchen, dining and lounge facilities with community building comprising cafe, launderette, office space and associated works. 514 completed as part of Phase One and excluded from brownfield site boundary. Min net fig=401/3""",,,,,,,"""For planning history search for '15/00121/F' at the first link provided""
Proposed allocated site in GNLP for 160 units",31/12/2017,18/12/2019,"15/00121/F and 16/00099/MA
Allocation: R40
Call for Sites: GNLP0133-C",University Of East Anglia,2024/25,Started
http://opendatacommunities.org/id/district-council/norwich,Norwich City Council,N/WEN/002,,"""Vikings Venture Scout Hut Adjacent To 420 Dereham Road, Norwich NR5 8QQ""",https://ncc.maps.arcgis.com/apps/webappviewer/index.html?id=64110f1c89b340938fdc601e639d063e&extent=139017.0076%2C6916115.0379%2C139470.8524%2C6916350.0221%2C102100,OSGB36,620061,309381,0.12,Not owned by a public authority,,not permissioned,,,https://planning.norwich.gov.uk/online-applications/,,8,"""Erection of 8 No. two bedroom flats """,,,,,,,"""For planning history search for '14/00618/F' at the link provided""",31/12/2017,31/12/2017,14/00618/F,,,Not Started
http://opendatacommunities.org/id/district-council/norwich,Norwich City Council,N/WEN/004,,"""Land adjacent to and including 349a-349b Dereham Road, Norwich NR2 3UT""",https://ncc.maps.arcgis.com/apps/webappviewer/index.html?id=64110f1c89b340938fdc601e639d063e&extent=140735.3526%2C6915931.8779%2C141189.1974%2C6916166.8621%2C102100,OSGB36,621119,309355,0.61,Not owned by a public authority,,not permissioned,,,https://www.norwich.gov.uk/info/20199/local_plan/1582/site_specific_allocations_in_the_remainder_of_the_city/34,,24,"""Local plan allocation for residential development to provide in the region of 24 dwellings""",,,,,,,Subject to enforcement action 17/00175/ENF. Owner has requested the site is removed from allocation as they do not want to develop it,31/12/2017,18/12/2019,Allocation: R34,,2023/24,Not Started
http://opendatacommunities.org/id/district-council/norwich,Norwich City Council,N/WEN/005,,"""120-130 Northumberland Street, Norwich NR2 4EH""",https://ncc.maps.arcgis.com/apps/webappviewer/index.html?id=64110f1c89b340938fdc601e639d063e&extent=141400.8576%2C6916135.7729%2C141854.7024%2C6916370.7571%2C102100,OSGB36,621508,309458,0.46,Not owned by a public authority,yes,permissioned,full planning permission,09.05.2017,"https://planning.norwich.gov.uk/online-applications/

https://www.norwich.gov.uk/info/20199/local_plan/1582/site_specific_allocations_in_the_remainder_of_the_city/32",,30,"""Local plan allocation for residential development to include approximately 30 dwellings""",,,,,,,"""For planning history search for '16/00835/F' at the first link provided. 36 homes now proposed""",31/12/2017,31/12/2017,"Allocation: R32
16/00835/F",,"19 units - 2020/21
17 units - 2021/22",Not Started
http://opendatacommunities.org/id/district-council/norwich,Norwich City Council,N/WEN/006,,"""Heigham Water Treatment Works, Waterworks Road, Norwich NR2 4DA""",https://ncc.maps.arcgis.com/apps/webappviewer/index.html?id=64110f1c89b340938fdc601e639d063e&extent=141098.0542%2C6916466.4273%2C142005.7439%2C6916936.3956%2C102100,OSGB36,621433,309751,5,Owned by a public authority,,not permissioned,,,https://www.norwich.gov.uk/info/20199/local_plan/1582/site_specific_allocations_in_the_remainder_of_the_city/31,,150,"""Local plan allocation for housing led mixed use development to include a minimum of 150 dwellings""",,,,,,,Proposed allocated site in GNLP for 150 units.,31/12/2017,31/12/2017,Allocation: R31,Anglian Water,2026-29,Not Started
http://opendatacommunities.org/id/district-council/norwich,Norwich City Council,N/WEN/007,N/MAN/030,"""Site north of Raynham Street, Norwich""",https://ncc.maps.arcgis.com/apps/webappviewer/index.html?id=64110f1c89b340938fdc601e639d063e&extent=142110.0597%2C6916501.6619%2C143017.7494%2C6916971.6302%2C102100,OSGB36,622035,309796,1.01,Not owned by a public authority,,not permissioned,,,https://www.norwich.gov.uk/info/20199/local_plan/1582/site_specific_allocations_in_the_remainder_of_the_city/26,,40,"""Local plan allocation for residential development to include a minimum of  40 dwellings""",,,,,,,,31/12/2017,18/12/2019,Allocation: R26,,"20 units - 20/21
21 units 21/22",Not started
http://opendatacommunities.org/id/district-council/norwich,Norwich City Council,N/WEN/008,N/MAN/039,"""231-243 Heigham Street, Norwich""",https://ncc.maps.arcgis.com/apps/webappviewer/index.html?id=64110f1c89b340938fdc601e639d063e&extent=141978.3154%2C6916599.471%2C142432.1603%2C6916834.4551%2C102100,OSGB36,621843,309756,0.36,Not owned by a public authority,,not permissioned,,,https://www.norwich.gov.uk/info/20199/local_plan/1582/site_specific_allocations_in_the_remainder_of_the_city/28,,25,"""Local plan allocation for residential development to include in the region of 25 dwellings""",30/31 - Not allocated in GNLP. Allocation. No evidence to suggest delivery in 5 year period,,,,,,,31/12/2017,31/12/2017,Allocation: R28,,,Not started
http://opendatacommunities.org/id/district-council/norwich,Norwich City Council,N/THH/032,,"""Ferry Lane Garages  The Close""",https://ncc.maps.arcgis.com/apps/webappviewer/index.html?id=64110f1c89b340938fdc601e639d063e&extent=145101.5776%2C6914840.9279%2C145555.4224%2C6915075.9121%2C102100,OSGB36,623793,308778,0.12,Not owned by a public authority,yes,permissioned,full planning permission,17.10.2018,https://planning.norwich.gov.uk/online-applications/,,7,"""Conversion of existing stable range into 6no. residential units including demolition of some existing structures and erection of 1no. new residential unit, a two storey extension and ancillary structure.""",,,,,,,,12/12/2019,12/12/2019,18/01079/F,,"2 units 19/20
2 units 20/21
2 units 21/22
1 units 22/23",Not started
http://opendatacommunities.org/id/district-council/norwich,Norwich City Council,N/SEW/003,,"""Constitution Motors Ltd 140 - 142 Constitution Hill""",https://ncc.maps.arcgis.com/apps/webappviewer/index.html?id=64110f1c89b340938fdc601e639d063e&extent=144569.2576%2C6918275.4629%2C145023.1024%2C6918510.4471%2C102100,OSGB36,623371,310849,0.24,Not owned by a public authority,yes,permissioned,outline planning permission,14.02.2019,https://planning.norwich.gov.uk/online-applications/,,12,"""Outline application with all matters reserved for the erection of up to 12 dwellings.""
""Reserved Matters of access, appearance, landscaping, layout, scale of Outline Application 18/00917/O.""",,,,,,,,12/12/2019,12/12/2019,"18/00917/O
19/01031/RM",,"6 units 19/20 
6 units 20/21",Not started
http://opendatacommunities.org/id/district-council/norwich,Norwich City Council,N/MAN/043,,"""41 - 43 St Augustines Street""",https://ncc.maps.arcgis.com/apps/webappviewer/index.html?id=64110f1c89b340938fdc601e639d063e&extent=143637.0676%2C6916211.6179%2C144090.9124%2C6916446.6021%2C102100,OSGB36,622861,309567,0.04,Not owned by a public authority,yes,permissioned,full planning permission,20.07.2018,https://planning.norwich.gov.uk/online-applications/,,9,"""Demolition of existing building.  Erection of 9 No. flats with 1 No. retail unit on ground floor level.""",,,,,,,,12/12/2019,12/12/2019,18/00058/F,,"2 units 19/20
2 units 20/21
2 units 21/22
3 units 22/23.",Not started
http://opendatacommunities.org/id/district-council/norwich,Norwich City Council,N/MAN/044,,"""Kiln House, 27 - 43 Pottergate""",https://ncc.maps.arcgis.com/apps/webappviewer/index.html?id=64110f1c89b340938fdc601e639d063e&extent=143438.4176%2C6914810.7479%2C143892.2624%2C6915045.7321%2C102100,OSGB36,622776,308705,0.26,Not owned by a public authority,yes,permissioned,full planning permission,19.10.2018,https://planning.norwich.gov.uk/online-applications/,,28,"18/01271/PDD -Change of use of fifth and sixth floors from commercial (Class B1(a)) to residential (Class C3) to provide 28 residential units.
18/01270/PDD - Change of use of fifth and sixth floors from commercial (Class B1(a)) to residential (Class C3) to provide 35 residential units.",,,,,,,,12/12/2019,12/12/2019,"18/01271/PDD
18/01270/PDD",,"8 units 19/20
9 units 20/21 
9 units 21/22
9 units 22/23",Not started
http://opendatacommunities.org/id/district-council/norwich,Norwich City Council,N/THH/033,,"""The Dell Ballroom Waggon And Horses Lane""",https://ncc.maps.arcgis.com/apps/webappviewer/index.html?id=64110f1c89b340938fdc601e639d063e&extent=144219.5085%2C6914999.4518%2C144673.3533%2C6915234.436%2C102100,OSGB36,623251,308849,0.07,Not owned by a public authority,yes,permissioned,full planning permission,15.05.2018,https://planning.norwich.gov.uk/online-applications/,,7,"""Demolition of single storey dance studio and erection of 7no. flats.""",,,,,,,,12/12/2019,12/12/2019,18/00077/F,,"3 units 20/21 
4 units 21/22",Not started
http://opendatacommunities.org/id/district-council/norwich,Norwich City Council,N/MAN/045,,"""Boars Head Yard and 1- 17 Westlegate and 1- 9 St Stephens Street""",https://ncc.maps.arcgis.com/apps/webappviewer/index.html?id=64110f1c89b340938fdc601e639d063e&extent=143877.2876%2C6913966.6479%2C144331.1324%2C6914201.6321%2C102100,OSGB36,623006,308187,0.09,Not owned by a public authority,yes,permissioned,full planning permission,"19.07.2018
14.08.2018",https://planning.norwich.gov.uk/online-applications/,,69,"18/00651/PDD - Change of use from office (class B1(a)) to dwellinghouses (class C3) to provide 40 apartments. 
18/00652/PDD - Change of use from offices (Use Class B1(a)) to dwellinghouses (Use Class C3) to provide 20 apartments.
18/00642/F - Upward extension to provide 9 residential dwellings (Class C3) within two new storeys, the change of use of one retail unit (Class A1) to provide access to residential units, provision of bin and cycle storage and exterior alterations to the building facade",,,,,,,,12/12/2019,12/12/2019,"18/00651/PDD
18/00652/PDD
18/00642/F",,"18 units 20/21
17 units 21/22
17 units 22/23
17 units 23/24",Not started
http://opendatacommunities.org/id/district-council/norwich,Norwich City Council,N/NEL/004,,"""3A Unthank Road""",https://ncc.maps.arcgis.com/apps/webappviewer/index.html?id=64110f1c89b340938fdc601e639d063e&extent=142559.2676%2C6914453.7879%2C143013.1124%2C6914688.7721%2C102100,OSGB36,622275,308464,0.27,Not owned by a public authority,yes,permissioned,full planning permission,"15.05.2018
22.10.2019",https://planning.norwich.gov.uk/online-applications/,,6,"Conversion to 6 residential (Class C3) apartments, partial demolition and alterations.
Amendment to previous permission 18/00252/F.",,,,,,,,12/12/2019,12/12/2019,"18/00252/F
19/00402/MA",,"3 units 19/20 
3 units 20/21",Started
http://opendatacommunities.org/id/district-council/norwich,Norwich City Council,N/SEW/004,,"""Mountfield, Millcroft""",https://ncc.maps.arcgis.com/apps/webappviewer/index.html?id=64110f1c89b340938fdc601e639d063e&extent=143950.2376%2C6917775.0879%2C144404.0824%2C6918010.0721%2C102100,OSGB36,623021,310535,0.45,Not owned by a public authority,yes,permissioned,full planning permission,03.10.2018,https://planning.norwich.gov.uk/online-applications/,,5,Refurbishment and extension of existing care home and other minor works.,,,,,,,46 Bedrooms (5 dwellings equiv.),12/12/2019,12/12/2019,18/01188/F,,20/21,Started
http://opendatacommunities.org/id/district-council/norwich,Norwich City Council,N/EAT/003,,"""2 Church Lane and 18 Eaton Street""",https://ncc.maps.arcgis.com/apps/webappviewer/index.html?id=64110f1c89b340938fdc601e639d063e&extent=139144.1676%2C6910782.2979%2C139598.0124%2C6911017.2821%2C102100,OSGB36,620294,306149,0.92,Not owned by a public authority,yes,permissioned,full planning permission,20.04.2017,https://planning.norwich.gov.uk/online-applications/,,8,"Demolition of 3 buildings.  Erection of 8 No. dwellings with associated access, parking and landscaping with alterations to the rear gable of 18 Eaton Street.",,,,,,,,12/12/2019,12/12/2019,16/01951/F,,"2 units 19/20
2 units 20/21
2 units 21/22
2 units 22/23",Started
http://opendatacommunities.org/id/district-council/norwich,Norwich City Council,N/MAN/046,,"""73-77 Dereham Road""",https://ncc.maps.arcgis.com/apps/webappviewer/index.html?id=64110f1c89b340938fdc601e639d063e&extent=142373.4576%2C6915345.0679%2C142827.3024%2C6915580.0521%2C102100,OSGB36,622117,309002,0.03,Not owned by a public authority,yes,permissioned,full planning permission,24.07.2017,https://planning.norwich.gov.uk/online-applications/,,8,"Demolition and redevelopment of site to include 5 No. houses, 3 No. retail units at ground floor level and 3 No. flats at first floor level.",,,,,,,,12/12/2019,12/12/2019,17/00141/F,,"2 units 19/20
2 units 20/21
2 units 21/22
2 units 22/23",Not started
http://opendatacommunities.org/id/district-council/norwich,Norwich City Council,N/MAN/047,,"""Site rear of 67-69 Magdalen Street""",https://ncc.maps.arcgis.com/apps/webappviewer/index.html?id=64110f1c89b340938fdc601e639d063e&extent=144158.7826%2C6915836.7479%2C144612.6274%2C6916071.7321%2C102100,OSGB36,623194,309352,0.03,Not owned by a public authority,yes,permissioned,outline planning permission,09.01.2018,https://planning.norwich.gov.uk/online-applications/,,9,"Outline application including matters of access, appearance, layout and scale for construction of 9 flats.",,,,,,,19/01352/F - Construction of 9no. Flats is pending consideration.,12/12/2019,12/12/2019,"17/00714/O
19/01352/F",,"2 units 19/20
2 units 20/21
2 units 21/22
2 units 22/23
1 unit 23/24",Not started
http://opendatacommunities.org/id/district-council/norwich,Norwich City Council,N/MAN/048,,"""1-4 Music House Lane""",https://ncc.maps.arcgis.com/apps/webappviewer/index.html?id=64110f1c89b340938fdc601e639d063e&extent=144613.5976%2C6913752.8279%2C145067.4424%2C6913987.8121%2C102100,OSGB36,623525,308095,0.15,Not owned by a public authority,yes,permissioned,full planning permission,30.08.2017,https://planning.norwich.gov.uk/online-applications/,,9,Demolition of pre-fabricated buildings and erection of 9 No. two and three storey dwellings including access and parking.,,,,,,,,12/12/2019,12/12/2019,17/00577/F,Flagship housing,"2 units 19/20
2 units 20/21
2 units 21/22
2 units 22/23
1 unit 23/24",Not started
http://opendatacommunities.org/id/district-council/norwich,Norwich City Council,N/MAN/049,,"""24 and 26 Pottergate""",https://ncc.maps.arcgis.com/apps/webappviewer/index.html?id=64110f1c89b340938fdc601e639d063e&extent=143483.6726%2C6914740.2929%2C143937.5174%2C6914975.2771%2C102100,OSGB36,622816,308670,0.02,Not owned by a public authority,yes,permissioned,full planning permission,25.08.2017,https://planning.norwich.gov.uk/online-applications/,,5,"Conversion of existing offices to 5 No. single bedroom flats.  Internal alterations to ""The Wardens Cottage"" as a single bedroom flat, separated from No. 24 Pottergate.  Provision of new staircase to basement of No. 26 Pottergate.",,,,,,,,12/12/2019,12/12/2019,17/00305/F,,"2 units 20/21
2 units 21/22
1 units 22/23",Not started
http://opendatacommunities.org/id/district-council/norwich,Norwich City Council,N/THH/034,,"""9-10 Redwell Street""",https://ncc.maps.arcgis.com/apps/webappviewer/index.html?id=64110f1c89b340938fdc601e639d063e&extent=144112.7851%2C6914855.2471%2C144566.63%2C6915090.2312%2C102100,OSGB36,623191,308757,0.01,Not owned by a public authority,yes,permissioned,full planning permission,19.03.2018,https://planning.norwich.gov.uk/online-applications/,,6,Change of use from office (class B1) to dwellinghouses (class C3) to provide 6 No. studio flats.,,,,,,,,12/12/2019,12/12/2019,18/00117/PDD,,"2 units 19/20
2 units 20/21
2 units 21/22",Not started
http://opendatacommunities.org/id/district-council/norwich,Norwich City Council,N/THH/035,,"""60 St Faiths Lane""",https://ncc.maps.arcgis.com/apps/webappviewer/index.html?id=64110f1c89b340938fdc601e639d063e&extent=144730.5516%2C6914683.8609%2C145184.3965%2C6914918.845%2C102100,OSGB36,623577,308678,0.01,Not owned by a public authority,yes,permissioned,full planning permission,17.01.2018,https://planning.norwich.gov.uk/online-applications/,,41,Change of use to 41 no. residential apartments (Class C3).,,,,,,,,12/12/2019,12/12/2019,17/00361/U,,,Not started
http://opendatacommunities.org/id/district-council/norwich,Norwich City Council,N/SEW/005,,"""Starling Road, Industrial Site""",https://ncc.maps.arcgis.com/apps/webappviewer/index.html?id=64110f1c89b340938fdc601e639d063e&extent=143766.2626%2C6916496.0979%2C144220.1074%2C6916731.0821%2C102100,OSGB36,622948,309700,0.13,Not owned by a public authority,yes,permissioned,full planning permission,05.06.2019,https://planning.norwich.gov.uk/online-applications/,,9,18/00271/F - Construction of 9 No. dwellings with associated drainage and external works.,,,,,,,"Outline application including matters of access, layout and scale for the demolition of derelict workshops and construction of 19 flats with associated works pending consideration (18/00952/O)",12/12/2019,12/12/2019,"18/00952/O
18/00271/F
R20",,,Not started
http://opendatacommunities.org/id/district-council/norwich,Norwich City Council,N/MAN/050,,"""Westwick Street, BT exchange Site""",https://ncc.maps.arcgis.com/apps/webappviewer/index.html?id=64110f1c89b340938fdc601e639d063e&extent=143204.5976%2C6915230.0929%2C143658.4424%2C6915465.0771%2C102100,OSGB36,622626,308958,0.25,Not owned by a public authority,yes,permissioned,full planning permission,26.04.2017,https://planning.norwich.gov.uk/online-applications/,,42,"Demolition of former Norwich Telephone Repeater Station and redevelopment of site to provide 42 dwellings with associated amenity areas, car and cycle parking and pedestrian and vehicular access (Revised).",,,,,,,,13/12/2019,13/12/2019,16/00456/F,,"21 units 21/22
21 units 22/23",Not started
http://opendatacommunities.org/id/district-council/norwich,Norwich City Council,N/MAN/051,,"""Duke Street, St Crispins House""",https://ncc.maps.arcgis.com/apps/webappviewer/index.html?id=64110f1c89b340938fdc601e639d063e&extent=143713.083%2C6915597.349%2C144166.9278%2C6915832.3331%2C102100,OSGB36,622931,309194,0.74,Not owned by a public authority,,permissioned,full planning permission,20.03.2018,https://planning.norwich.gov.uk/online-applications/,,246,"Change of Use application in respect of the conversion and extension of an existing 3, 4 and 5 storey office building (B1 use class) to student accommodation (sui generis use class) containing 600 student bed spaces and communal accommodation at ground floor level, to include common room facilities and a gymnasium. Associated external works.",,,,,,,614 student beds is equivilent to 246 units,13/12/2019,13/12/2019,17/01391/F,,,Not started
http://opendatacommunities.org/id/district-council/norwich,Norwich City Council,N/UNI/002,,"""112 St Mildreds Road""",https://ncc.maps.arcgis.com/apps/webappviewer/index.html?id=64110f1c89b340938fdc601e639d063e&extent=136755.8976%2C6915690.8629%2C137209.7424%2C6915925.8471%2C102100,OSGB36,618703,309068,0.11,Not owned by a public authority,yes,permissioned,full planning permission,17.01.2018,https://planning.norwich.gov.uk/online-applications/,,14,Change of use and extensions to provide 34 No. bedroom student accommodation block.,,,,,,,34 student beds is equivilent to 14 units,13/12/2019,13/12/2019,17/01762/F,,20/21,Not started
http://opendatacommunities.org/id/district-council/norwich,Norwich City Council,N/WEN/009,,"""Hellesdon Road, Marlpit PH""",https://ncc.maps.arcgis.com/apps/webappviewer/index.html?id=64110f1c89b340938fdc601e639d063e&extent=138536.6326%2C6916946.5979%2C138990.4774%2C6917181.5821%2C102100,OSGB36,619736,309894,0.46,Not owned by a public authority,yes,permissioned,full planning permission,"15.03.2018
30.07.2018",https://planning.norwich.gov.uk/online-applications/,,5,"17/01355/F - Alterations and extension to existing public house to reinstate pub, including new restaurant, 5 no. guest bedrooms, toilets, cart shed and car park. New barn-style building to accommodate 5 no. dwellings with new vehicle access and associated parking.
18/00812/VC - Variation of Condition 2: approved plans of planning permission 17/01355/F.",,,,,,,,13/12/2019,13/12/2019,"17/01355/F
18/00812/VC",,19/20,Started
