OrganisationURI,OrganisationLabel,SiteReference,SiteNameAddress,GeoX,GeoY,SiteplanURL,Hectares,OwnershipStatus,HazardousSubstances,PlanningStatus,PermissionType,PermissionDate,PlanningHistory,MinNetDwellings,NetDwellingsRangeFrom,NetDwellingsRangeTo,Deliverable,Notes,FirstAddedDate,LastUpdatedDate,EndDate
http://opendatacommunities.org/id/district-council/tandridge,Tandridge District Council,CAT 041,"Maybrook House, 97 Godstone Road, Caterham, CR3 6RE",534328,155109,https://www.tandridge.gov.uk/Planning-and-building/Planning-strategies-and-policies/Local-Plan-2033-emerging-planning-policies/Local-Plan-2033/Housing-and-Economic-Land-Availability-Assessment-HELAA-and-Brownfield-Register,0.33,not owned by a public authority,,Permission granted,Full Planning,28/06/2018,2018/82,20,20,20,yes,. Demolition of existing office building. Erection of 20 apartments including associated parking and landscaping. http://www.cartogold.co.uk/tandridgelocalplan/,23/10/2017,21/11/2019,
http://opendatacommunities.org/id/district-council/tandridge,Tandridge District Council,CAT 044,"Land at Fern Towers, Harestone Hill, Caterham, CR3 6SL",534075,154929,https://www.tandridge.gov.uk/Planning-and-building/Planning-strategies-and-policies/Local-Plan-2033-emerging-planning-policies/Local-Plan-2033/Housing-and-Economic-Land-Availability-Assessment-HELAA-and-Brownfield-Register,0.18,owned by a public authority,,Not permissioned,,,No recent relevant history,6,6,6,yes,. http://www.cartogold.co.uk/tandridgelocalplan/,23/10/2017,21/11/2019,
http://opendatacommunities.org/id/district-council/tandridge,Tandridge District Council,CAT 079,"Hallmark House, 2 Timber Hill Road, Caterham, CR3 6LD",534273,155426,https://www.tandridge.gov.uk/Planning-and-building/Planning-strategies-and-policies/Local-Plan-2033-emerging-planning-policies/Local-Plan-2033/Housing-and-Economic-Land-Availability-Assessment-HELAA-and-Brownfield-Register,0.0166,not owned by a public authority,,Not permissioned,,,No recent relevant history,6,6,6,yes,. http://www.cartogold.co.uk/tandridgelocalplan/,23/10/2017,21/11/2019,
http://opendatacommunities.org/id/district-council/tandridge,Tandridge District Council,CAT 081,"Former Coulsdon Lodge, Coulsdon Road, Caterham, CR3 5NE",532766,155670,https://www.tandridge.gov.uk/Planning-and-building/Planning-strategies-and-policies/Local-Plan-2033-emerging-planning-policies/Local-Plan-2033/Housing-and-Economic-Land-Availability-Assessment-HELAA-and-Brownfield-Register,0.39,not owned by a public authority,,Not permissioned,,,No recent relevant history,15,15,15,yes,. http://www.cartogold.co.uk/tandridgelocalplan/,23/10/2017,21/11/2019,
http://opendatacommunities.org/id/district-council/tandridge,Tandridge District Council,GOD 021,"William Way Builders Merchants, 38-42 High Street, Godstone, RH9 8LW",534983,151928,https://www.tandridge.gov.uk/Planning-and-building/Planning-strategies-and-policies/Local-Plan-2033-emerging-planning-policies/Local-Plan-2033/Housing-and-Economic-Land-Availability-Assessment-HELAA-and-Brownfield-Register,0.23,not owned by a public authority,,Permissioned,Full Planning,22/05/2018,2017/2545,18,18,18,yes,". Demolition of existing buildings. Erection of 18 dwellings comprising 8 houses and a block of 10 flats, formation of new access, parking and landscaping.. http://www.cartogold.co.uk/tandridgelocalplan/",23/10/2017,21/11/2019,
http://opendatacommunities.org/id/district-council/tandridge,Tandridge District Council,OXT 016,"Oxted Gas Holder, Nursery Way, Station Road East, Oxted, RH8 0BE",539452,152770,https://www.tandridge.gov.uk/Planning-and-building/Planning-strategies-and-policies/Local-Plan-2033-emerging-planning-policies/Local-Plan-2033/Housing-and-Economic-Land-Availability-Assessment-HELAA-and-Brownfield-Register,0.91,not owned by a public authority,,Permissioned,Full Planning,02/07/2018,2018/729,111,111,111,yes,". Demolition of existing gasholder, erection of 111 residential apartments, together with the provision of enhances access route, landscaping and associated parking.. http://www.cartogold.co.uk/tandridgelocalplan/",23/10/2017,21/11/2019,
http://opendatacommunities.org/id/district-council/tandridge,Tandridge District Council,OXT 067,"Council Depot, Warren Lane, Hurst Green, Oxted, RH8 9DB",540025,150278,https://www.tandridge.gov.uk/Planning-and-building/Planning-strategies-and-policies/Local-Plan-2033-emerging-planning-policies/Local-Plan-2033/Housing-and-Economic-Land-Availability-Assessment-HELAA-and-Brownfield-Register,1.21,owned by a public authority,,Not permissioned,,,No recent relevant history,50,50,50,yes,. http://www.cartogold.co.uk/tandridgelocalplan/,23/10/2017,21/11/2019,
http://opendatacommunities.org/id/district-council/tandridge,Tandridge District Council,SMA 015,"Park Chesterfield, Chapel Road, Smallfield, RH6 9NW",531882,143298,https://www.tandridge.gov.uk/Planning-and-building/Planning-strategies-and-policies/Local-Plan-2033-emerging-planning-policies/Local-Plan-2033/Housing-and-Economic-Land-Availability-Assessment-HELAA-and-Brownfield-Register,0.54,not owned by a public authority,,Not permissioned,,,No recent relevant history,15,15,15,yes,. http://www.cartogold.co.uk/tandridgelocalplan/,23/10/2017,21/11/2019,
http://opendatacommunities.org/id/district-council/tandridge,Tandridge District Council,WAR 016,"Amenity land at Edgeworth Close, Whyteleafe",534033,158282,https://www.tandridge.gov.uk/Planning-and-building/Planning-strategies-and-policies/Local-Plan-2033-emerging-planning-policies/Local-Plan-2033/Housing-and-Economic-Land-Availability-Assessment-HELAA-and-Brownfield-Register,0.16,owned by a public authority,,Not permissioned,,,No recent relevant history,6,6,6,yes,. http://www.cartogold.co.uk/tandridgelocalplan/,23/10/2017,21/11/2019,
http://opendatacommunities.org/id/district-council/tandridge,Tandridge District Council,2017/240,"409 to 411 Croydon Road, Caterham CR3 6PP",534561,157084,https://www.tandridge.gov.uk/Planning-and-building/Planning-strategies-and-policies/Local-Plan-2033-emerging-planning-policies/Local-Plan-2033/Housing-and-Economic-Land-Availability-Assessment-HELAA-and-Brownfield-Register,0.09,not owned by a public authority,,Permissioned,Full Planning,29/11/2017,2017/240,10,10,10,yes,. Demolition of existing buildings. Erection of a three storey mixed use building to form part B1(a) at ground floor (office) and C3 at first and second and second floors ( 1 x 2b duplex and 4 x 2b flats). http://www.cartogold.co.uk/tandridgelocalplan/,04/12/2018,21/11/2019,
http://opendatacommunities.org/id/district-council/tandridge,Tandridge District Council,2016/1353,"Nantucket,Lake View,East Grinstead,Dormans Park h19 2l",540036,140326,https://www.tandridge.gov.uk/Planning-and-building/Planning-strategies-and-policies/Local-Plan-2033-emerging-planning-policies/Local-Plan-2033/Housing-and-Economic-Land-Availability-Assessment-HELAA-and-Brownfield-Register,0.87,not owned by a public authority,,Permissioned,Full Planning,15/03/2017,2016/1353,0,0,0,yes,. Erection of dwelling. http://www.cartogold.co.uk/tandridgelocalplan/,21/11/2019,21/11/2019,
http://opendatacommunities.org/id/district-council/tandridge,Tandridge District Council,2016/1098,"Three Crofts & The Bakery, Eastbourne Road, Blindley Heath RH7 6LQ",536498,144862,https://www.tandridge.gov.uk/Planning-and-building/Planning-strategies-and-policies/Local-Plan-2033-emerging-planning-policies/Local-Plan-2033/Housing-and-Economic-Land-Availability-Assessment-HELAA-and-Brownfield-Register,0.5,not owned by a public authority,,Permissioned,Full Planning,31/08/2016,2016/1098,4,4,4,yes,". Demolition of existing buildings, removal of hard standings and closure of existing access onto A22 . Erection of five dwellings with garaging / off-street parking, provision of refuse store, new landscaping and associated works.. http://www.cartogold.co.uk/tandridgelocalplan/",04/12/2018,21/11/2019,
http://opendatacommunities.org/id/district-council/tandridge,Tandridge District Council,2017/2076,"7 Hornchurch Hill, Whyteleafe CR3 0DA",533756,158409,https://www.tandridge.gov.uk/Planning-and-building/Planning-strategies-and-policies/Local-Plan-2033-emerging-planning-policies/Local-Plan-2033/Housing-and-Economic-Land-Availability-Assessment-HELAA-and-Brownfield-Register,0.1,not owned by a public authority,,Permissioned,Full Planning,21/12/2017,2017/2076,7,7,7,yes,". Demolition of existing dwelling house and associated garage. Erection of 8 apartments, with associated parking, cycle and bin stores as well as garden amenities.. http://www.cartogold.co.uk/tandridgelocalplan/",21/11/2019,21/11/2019,
http://opendatacommunities.org/id/district-council/tandridge,Tandridge District Council,2017/839,"Vane Cottage, Ballards Lane, Limpsfield RH8 0SN",541474,152550,https://www.tandridge.gov.uk/Planning-and-building/Planning-strategies-and-policies/Local-Plan-2033-emerging-planning-policies/Local-Plan-2033/Housing-and-Economic-Land-Availability-Assessment-HELAA-and-Brownfield-Register,0.29,not owned by a public authority,,Permissioned,Full Planning,13/12/2017,2017/839,0,0,0,yes,. Demolition of existing two storey dwelling and detached garage. Erection of two storey dwelling with basement level and detached triple garage. (amended plans and description). http://www.cartogold.co.uk/tandridgelocalplan/,04/12/2018,21/11/2019,
http://opendatacommunities.org/id/district-council/tandridge,Tandridge District Council,2016/1789,"Wayfares Rest, Moor Lane, Dormansland RH7 6NX",540803,143082,https://www.tandridge.gov.uk/Planning-and-building/Planning-strategies-and-policies/Local-Plan-2033-emerging-planning-policies/Local-Plan-2033/Housing-and-Economic-Land-Availability-Assessment-HELAA-and-Brownfield-Register,0.4,not owned by a public authority,,Permissioned,Full Planning,26/01/2017,2016/1789,1,1,1,yes,. Erection of detached dwelling with associated driveway and access.. http://www.cartogold.co.uk/tandridgelocalplan/,04/12/2018,21/11/2019,
http://opendatacommunities.org/id/district-council/tandridge,Tandridge District Council,2016/1639,"Green Hedges, Westerham Road, Limpsfield RH8 0EE",540322,152772,https://www.tandridge.gov.uk/Planning-and-building/Planning-strategies-and-policies/Local-Plan-2033-emerging-planning-policies/Local-Plan-2033/Housing-and-Economic-Land-Availability-Assessment-HELAA-and-Brownfield-Register,0.26,not owned by a public authority,,Permissioned,Outline Planning,11/01/2018,2016/1639,10,10,10,yes,". Demolition of existing dwelling. Erection 14 Sheltered Accommodation Units and associated external works. Details of access, appearance, layout and scale. (Outline) (Revised plans). http://www.cartogold.co.uk/tandridgelocalplan/",04/12/2018,21/11/2019,
http://opendatacommunities.org/id/district-council/tandridge,Tandridge District Council,2019/799,"Flat, 57 Tupwood Lane, Caterham CR3 6DB",534185,154760,https://www.tandridge.gov.uk/Planning-and-building/Planning-strategies-and-policies/Local-Plan-2033-emerging-planning-policies/Local-Plan-2033/Housing-and-Economic-Land-Availability-Assessment-HELAA-and-Brownfield-Register,0.41,not owned by a public authority,,Permissioned,Outline Planning,09/10/2019,2019/799,18,18,18,yes,. Erection of 18 flats involving demolition of existing building (Details of Reserved Matters). http://www.cartogold.co.uk/tandridgelocalplan/,21/11/2019,21/11/2019,
http://opendatacommunities.org/id/district-council/tandridge,Tandridge District Council,2017/2116,"Ferndene, Lake View Road, Felbridge RH19 2QE",535109,139826,https://www.tandridge.gov.uk/Planning-and-building/Planning-strategies-and-policies/Local-Plan-2033-emerging-planning-policies/Local-Plan-2033/Housing-and-Economic-Land-Availability-Assessment-HELAA-and-Brownfield-Register,0.34,not owned by a public authority,,Permissioned,Full Planning,15/03/2018,2017/2116,0,0,0,yes,. Demolition of existing dwelling and outbuildings and erection of a replacement dwelling. http://www.cartogold.co.uk/tandridgelocalplan/,04/12/2018,21/11/2019,
http://opendatacommunities.org/id/district-council/tandridge,Tandridge District Council,2017/2284,"3 Beechwood Lane, Warlingham CR6 9LT",535907,157796,https://www.tandridge.gov.uk/Planning-and-building/Planning-strategies-and-policies/Local-Plan-2033-emerging-planning-policies/Local-Plan-2033/Housing-and-Economic-Land-Availability-Assessment-HELAA-and-Brownfield-Register,0.25,not owned by a public authority,,Permissioned,Full Planning,05/02/2018,2017/2284,0,0,0,yes,. Demolition of current building and creation of new 2 storey dwelling with accommodation in roof space and single storey pitched roof side extension. http://www.cartogold.co.uk/tandridgelocalplan/,04/12/2018,21/11/2019,
http://opendatacommunities.org/id/district-council/tandridge,Tandridge District Council,2017/2229,"Woodcote House, Eastbourne Road, South Godstone RH9 8EZ",536384,148535,https://www.tandridge.gov.uk/Planning-and-building/Planning-strategies-and-policies/Local-Plan-2033-emerging-planning-policies/Local-Plan-2033/Housing-and-Economic-Land-Availability-Assessment-HELAA-and-Brownfield-Register,0.1,not owned by a public authority,,Permissioned,Full Planning,02/02/2018,2017/2229,8,8,8,yes,". Demolition of the existing buildings and the removal of hardstanding and the erection of 8 apartments with associated access, parking and landscaping.. http://www.cartogold.co.uk/tandridgelocalplan/",04/12/2018,21/11/2019,
http://opendatacommunities.org/id/district-council/tandridge,Tandridge District Council,2017/2412,"Land to rear of Graylings, Camp Road, Woldingham CR3 7LH",536141,157071,https://www.tandridge.gov.uk/Planning-and-building/Planning-strategies-and-policies/Local-Plan-2033-emerging-planning-policies/Local-Plan-2033/Housing-and-Economic-Land-Availability-Assessment-HELAA-and-Brownfield-Register,0.48,not owned by a public authority,,Permissioned,Full Planning,08/02/2018,2017/2412,0,0,0,yes,". Demolition of existing building. Erection of dwelling, outbuilding and associated landscaping.. http://www.cartogold.co.uk/tandridgelocalplan/",21/11/2019,21/11/2019,
http://opendatacommunities.org/id/district-council/tandridge,Tandridge District Council,2017/2022,"71 Hillbury Road, Warlingham CR6 9TH",534411,158666,https://www.tandridge.gov.uk/Planning-and-building/Planning-strategies-and-policies/Local-Plan-2033-emerging-planning-policies/Local-Plan-2033/Housing-and-Economic-Land-Availability-Assessment-HELAA-and-Brownfield-Register,0.24,not owned by a public authority,,Permissioned,Full Planning,01/02/2018,2017/2022,4,4,4,yes,. Demolition of the existing dwelling and erection of five flats in a detached 2-storey building with additional accommodation in the roof together with associated parking and access.. http://www.cartogold.co.uk/tandridgelocalplan/,04/12/2018,21/11/2019,
http://opendatacommunities.org/id/district-council/tandridge,Tandridge District Council,2018/238,"189 Westhall Road, Warlingham CR6 9HL",535553,158472,https://www.tandridge.gov.uk/Planning-and-building/Planning-strategies-and-policies/Local-Plan-2033-emerging-planning-policies/Local-Plan-2033/Housing-and-Economic-Land-Availability-Assessment-HELAA-and-Brownfield-Register,0.11,not owned by a public authority,,Permissioned,Full Planning,10/05/2018,2018/238,9,9,9,yes,". Demolition of existing garages. Erection of a mixed use development comprising of 9 flats and replacement commercial space at ground floor level, flexible A1(Retail), A2 (Professional Services) B1 (Offices). http://www.cartogold.co.uk/tandridgelocalplan/",04/12/2018,21/11/2019,
http://opendatacommunities.org/id/district-council/tandridge,Tandridge District Council,2017/2545,"38 to 42 High Street, Godstone RH9 8LW",534986,151925,https://www.tandridge.gov.uk/Planning-and-building/Planning-strategies-and-policies/Local-Plan-2033-emerging-planning-policies/Local-Plan-2033/Housing-and-Economic-Land-Availability-Assessment-HELAA-and-Brownfield-Register,0.23,not owned by a public authority,,Permissioned,Full Planning,22/05/2018,2017/2545,18,18,18,yes,". Demolition of existing buildings. Erection of 18 dwellings comprising 8 houses and a block of 10 flats, formation of new access, parking and landscaping.. http://www.cartogold.co.uk/tandridgelocalplan/",23/10/2017,21/11/2019,
http://opendatacommunities.org/id/district-council/tandridge,Tandridge District Council,2018/729,"Former Oxted Gasholder Site & Johnsdale Carpark, Station Road East, Oxted",539494,152812,https://www.tandridge.gov.uk/Planning-and-building/Planning-strategies-and-policies/Local-Plan-2033-emerging-planning-policies/Local-Plan-2033/Housing-and-Economic-Land-Availability-Assessment-HELAA-and-Brownfield-Register,0.59,not owned by a public authority,,Permissioned,Full Planning,02/07/2018,2018/729,111,111,111,yes,". Demolition of existing gasholder, erection of 111 residential apartments, together with the provision of enhances access route, landscaping and associated parking.. http://www.cartogold.co.uk/tandridgelocalplan/",23/10/2017,21/11/2019,
http://opendatacommunities.org/id/district-council/tandridge,Tandridge District Council,2018/82,"Maybrook House, 97 Godstone Road, Caterham CR3 6RE",534327,155106,https://www.tandridge.gov.uk/Planning-and-building/Planning-strategies-and-policies/Local-Plan-2033-emerging-planning-policies/Local-Plan-2033/Housing-and-Economic-Land-Availability-Assessment-HELAA-and-Brownfield-Register,0.29,not owned by a public authority,,Permissioned,Full Planning,28/06/2018,2018/82,20,20,20,yes,. Demolition of existing office building. Erection of 20 apartments including associated parking and landscaping. http://www.cartogold.co.uk/tandridgelocalplan/,23/10/2017,21/11/2019,
http://opendatacommunities.org/id/district-council/tandridge,Tandridge District Council,2017/2227,"Former, 70 to 74 Godstone Road, Whyteleafe CR3 0EA",533791,158823,https://www.tandridge.gov.uk/Planning-and-building/Planning-strategies-and-policies/Local-Plan-2033-emerging-planning-policies/Local-Plan-2033/Housing-and-Economic-Land-Availability-Assessment-HELAA-and-Brownfield-Register,0.09,not owned by a public authority,,Permissioned,Full Planning,03/08/2018,2017/2227,9,9,9,yes,. Erection of four storey building with B1 use on the ground floor and C3 use on the upper floors comprising 9 flats with associated car parking and amenity space.. http://www.cartogold.co.uk/tandridgelocalplan/,04/12/2018,21/11/2019,
http://opendatacommunities.org/id/district-council/tandridge,Tandridge District Council,2018/937,"1-59 (Odds), The Greenway, Hurst Green RH8 0JY",540525,150974,https://www.tandridge.gov.uk/Planning-and-building/Planning-strategies-and-policies/Local-Plan-2033-emerging-planning-policies/Local-Plan-2033/Housing-and-Economic-Land-Availability-Assessment-HELAA-and-Brownfield-Register,0.35,owned by a public authority,,Permissioned,Full Planning,27/07/2018,2018/937,-8,-8,-8,yes,". Conversion of a block of 18no. maisonettes, into 9no. family homes for general needs social housing. Conversion of a residents meeting room into a bungalow with scope to be a wheelchair dwelling. http://www.cartogold.co.uk/tandridgelocalplan/",04/12/2018,21/11/2019,
http://opendatacommunities.org/id/district-council/tandridge,Tandridge District Council,2017/2572,"Securit House, Lagham Road, South Godstone RH9 8YZ",536490,148345,https://www.tandridge.gov.uk/Planning-and-building/Planning-strategies-and-policies/Local-Plan-2033-emerging-planning-policies/Local-Plan-2033/Housing-and-Economic-Land-Availability-Assessment-HELAA-and-Brownfield-Register,0.28,not owned by a public authority,,Permissioned,Full Planning,22/08/2018,2017/2572,9,9,9,yes,". Demolition of existing buildings. Erection of 9 dwellings, office building, car port, parking and landscaping.. http://www.cartogold.co.uk/tandridgelocalplan/",04/12/2018,21/11/2019,
http://opendatacommunities.org/id/district-council/tandridge,Tandridge District Council,2018/215,"Greenheyes, Uvedale Road, Limpsfield RH8 0EN",539849,152537,https://www.tandridge.gov.uk/Planning-and-building/Planning-strategies-and-policies/Local-Plan-2033-emerging-planning-policies/Local-Plan-2033/Housing-and-Economic-Land-Availability-Assessment-HELAA-and-Brownfield-Register,0.28,not owned by a public authority,,Permissioned,Full Planning,16/08/2018,2018/215,0,0,0,yes,. Demolition of existing dwelling and garage. Erection of dwelling and attached garage (Amended Plans). http://www.cartogold.co.uk/tandridgelocalplan/,04/12/2018,21/11/2019,
http://opendatacommunities.org/id/district-council/tandridge,Tandridge District Council,2018/860,"Land Rear of 18 and 20 High Street, Lingfield RH7 6AA",538682,143544,https://www.tandridge.gov.uk/Planning-and-building/Planning-strategies-and-policies/Local-Plan-2033-emerging-planning-policies/Local-Plan-2033/Housing-and-Economic-Land-Availability-Assessment-HELAA-and-Brownfield-Register,0.12,not owned by a public authority,,Permissioned,Full Planning,20/07/2018,2018/860,6,6,6,yes,. Demolition of existing buildings and erection of 6 dwelling houses and carport/parking.. http://www.cartogold.co.uk/tandridgelocalplan/,04/12/2018,21/11/2019,
http://opendatacommunities.org/id/district-council/tandridge,Tandridge District Council,2015/1927,"Pixiewood Farm, Rowplatt Lane, Felbridge RH19 2PA",536169,139549,https://www.tandridge.gov.uk/Planning-and-building/Planning-strategies-and-policies/Local-Plan-2033-emerging-planning-policies/Local-Plan-2033/Housing-and-Economic-Land-Availability-Assessment-HELAA-and-Brownfield-Register,0.81,not owned by a public authority,,Permissioned,Full Planning,31/12/2015,2015/1927,3,3,3,yes,". Erection of 3 detached dwellings, detached double garage, amendment to existing access and associated landscaping.. http://www.cartogold.co.uk/tandridgelocalplan/",04/12/2018,21/11/2019,
http://opendatacommunities.org/id/district-council/tandridge,Tandridge District Council,2017/1282,"64 & 66 Beechwood Road, Caterham CR3 6NB",534304,156230,https://www.tandridge.gov.uk/Planning-and-building/Planning-strategies-and-policies/Local-Plan-2033-emerging-planning-policies/Local-Plan-2033/Housing-and-Economic-Land-Availability-Assessment-HELAA-and-Brownfield-Register,0.12,not owned by a public authority,,Permissioned,Full Planning,25/09/2018,2017/1282,6,6,6,yes,. Demolition of existing dwelling and outbuilding. Erection of two semi-detached dwellings and a block of 3 flats with associated parking. (Amended plans and description). http://www.cartogold.co.uk/tandridgelocalplan/,04/12/2018,21/11/2019,
http://opendatacommunities.org/id/district-council/tandridge,Tandridge District Council,2016/1684,"Southlands Nurseries, Hare Lane, Blindley Heath RH7 6JB",536080,144152,https://www.tandridge.gov.uk/Planning-and-building/Planning-strategies-and-policies/Local-Plan-2033-emerging-planning-policies/Local-Plan-2033/Housing-and-Economic-Land-Availability-Assessment-HELAA-and-Brownfield-Register,1.86,not owned by a public authority,,Permissioned,Full Planning,09/02/2017,2016/1684,4,4,4,yes,. Demolition of existing horticultural glasshouses and 3 residential dwellings. Erection of 7 detached dwellings and garages.. http://www.cartogold.co.uk/tandridgelocalplan/,21/11/2019,21/11/2019,
http://opendatacommunities.org/id/district-council/tandridge,Tandridge District Council,2017/2659,"354-356 Godstone Road, Whyteleafe CR3 0BA",534066,158025,https://www.tandridge.gov.uk/Planning-and-building/Planning-strategies-and-policies/Local-Plan-2033-emerging-planning-policies/Local-Plan-2033/Housing-and-Economic-Land-Availability-Assessment-HELAA-and-Brownfield-Register,0.08,not owned by a public authority,,Permissioned,Full Planning,21/02/2019,2017/2659,3,3,3,yes,. Joining together of two parts of semi-detached building and erection of a two storey  extension to the rear to create 5no. new flats. http://www.cartogold.co.uk/tandridgelocalplan/,21/11/2019,21/11/2019,
http://opendatacommunities.org/id/district-council/tandridge,Tandridge District Council,2018/2562,"3 Tylers Green Cottages, Godstone Hill, Godstone RH9 8DJ",535002,152360,https://www.tandridge.gov.uk/Planning-and-building/Planning-strategies-and-policies/Local-Plan-2033-emerging-planning-policies/Local-Plan-2033/Housing-and-Economic-Land-Availability-Assessment-HELAA-and-Brownfield-Register,0.14,not owned by a public authority,,Permissioned,Full Planning,28/02/2019,2018/2562,5,5,5,yes,. Demolition of existing dwelling. Erection of two storey building with habitable roofspace containing 6 x 2-bed self contained flats with associated parking and amenity space and bin/cycle storage. http://www.cartogold.co.uk/tandridgelocalplan/,21/11/2019,21/11/2019,
http://opendatacommunities.org/id/district-council/tandridge,Tandridge District Council,2018/1392,"Jaxsland Farm, East Hill Lane, Copthorne RH10 3JA",532796,140144,https://www.tandridge.gov.uk/Planning-and-building/Planning-strategies-and-policies/Local-Plan-2033-emerging-planning-policies/Local-Plan-2033/Housing-and-Economic-Land-Availability-Assessment-HELAA-and-Brownfield-Register,0.66,not owned by a public authority,,Permissioned,Outline Planning,04/10/2018,2018/1392,1,1,1,yes,". Demolition of one barn, one stable block and one metal workshop. Removal of 3,447.16m2 of hardstanding. Erection of one dwellinghouse (All matters reserved except for access). http://www.cartogold.co.uk/tandridgelocalplan/",21/11/2019,21/11/2019,
http://opendatacommunities.org/id/district-council/tandridge,Tandridge District Council,2017/2311,"Woodlands Garage, Chapel Road, Smallfield RH6 9NN",531782,143380,https://www.tandridge.gov.uk/Planning-and-building/Planning-strategies-and-policies/Local-Plan-2033-emerging-planning-policies/Local-Plan-2033/Housing-and-Economic-Land-Availability-Assessment-HELAA-and-Brownfield-Register,0.18,not owned by a public authority,,Permissioned,Full Planning,20/09/2018,2017/2311,10,10,10,yes,. Demolition of existing buildings. Erection of 6 dwellings and a block comprising 4 flats and associated parking.. http://www.cartogold.co.uk/tandridgelocalplan/,04/12/2018,21/11/2019,
http://opendatacommunities.org/id/district-council/tandridge,Tandridge District Council,2018/1072,"Little Hundith, Kings Cross Lane, South Nutfield RH1 5NS",530933,148646,https://www.tandridge.gov.uk/Planning-and-building/Planning-strategies-and-policies/Local-Plan-2033-emerging-planning-policies/Local-Plan-2033/Housing-and-Economic-Land-Availability-Assessment-HELAA-and-Brownfield-Register,0.69,not owned by a public authority,,Permissioned,Full Planning,14/09/2018,2018/1072,7,7,7,yes,. Demolition of existing commercial buildings and the erection of 7 dwellings with associated access and parking.. http://www.cartogold.co.uk/tandridgelocalplan/,04/12/2018,21/11/2019,
http://opendatacommunities.org/id/district-council/tandridge,Tandridge District Council,2016/2372,"Lake House, Copthorne Road, Felbridge RH19 2QQ",535607,140169,https://www.tandridge.gov.uk/Planning-and-building/Planning-strategies-and-policies/Local-Plan-2033-emerging-planning-policies/Local-Plan-2033/Housing-and-Economic-Land-Availability-Assessment-HELAA-and-Brownfield-Register,0.98,not owned by a public authority,,Permissioned,Full Planning,31/03/2017,2016/2372,0,0,0,yes,. Demolition of existing dwelling. Erection of detached dwelling and gym/boathouse.. http://www.cartogold.co.uk/tandridgelocalplan/,04/12/2018,21/11/2019,
http://opendatacommunities.org/id/district-council/tandridge,Tandridge District Council,2017/1774,"Chaldon Road Clinic, Chaldon Road, Caterham CR3 5PG",533198,155932,https://www.tandridge.gov.uk/Planning-and-building/Planning-strategies-and-policies/Local-Plan-2033-emerging-planning-policies/Local-Plan-2033/Housing-and-Economic-Land-Availability-Assessment-HELAA-and-Brownfield-Register,0.09,not owned by a public authority,,Permissioned,Full Planning,09/11/2018,2017/1774,6,6,6,yes,". Extention of existing part single storey, part two storey doctors surgery to form single storey doctors surgery with 6 flats.. http://www.cartogold.co.uk/tandridgelocalplan/",04/12/2018,21/11/2019,
http://opendatacommunities.org/id/district-council/tandridge,Tandridge District Council,2018/1431,"Felmere, Copthorne Road, Felbridge RH19 2QG",535095,140517,https://www.tandridge.gov.uk/Planning-and-building/Planning-strategies-and-policies/Local-Plan-2033-emerging-planning-policies/Local-Plan-2033/Housing-and-Economic-Land-Availability-Assessment-HELAA-and-Brownfield-Register,0.44,not owned by a public authority,,Permissioned,Full Planning,05/11/2018,2018/1431,1,1,1,yes,. Demolition of an existin dwelling and outbuildings; removal of builders' yard (Class B8) and the erection of a new dwelling with detached garage. (Amended Plans). http://www.cartogold.co.uk/tandridgelocalplan/,04/12/2018,21/11/2019,
http://opendatacommunities.org/id/district-council/tandridge,Tandridge District Council,2018/705,"Sheridan Farm, West Park Road, Newchapel RH7 6HT",534045,140772,https://www.tandridge.gov.uk/Planning-and-building/Planning-strategies-and-policies/Local-Plan-2033-emerging-planning-policies/Local-Plan-2033/Housing-and-Economic-Land-Availability-Assessment-HELAA-and-Brownfield-Register,0.47,not owned by a public authority,,Permissioned,Full Planning,09/11/2018,2018/705,3,3,3,yes,". Demolition of the existing equestrian buildings and hardstanding and erection of 3 dwellings with associated access, parking and landscaping.. http://www.cartogold.co.uk/tandridgelocalplan/",04/12/2018,21/11/2019,
http://opendatacommunities.org/id/district-council/tandridge,Tandridge District Council,2018/946,"31 Banstead Road, Caterham CR3 5QH",533105,156277,https://www.tandridge.gov.uk/Planning-and-building/Planning-strategies-and-policies/Local-Plan-2033-emerging-planning-policies/Local-Plan-2033/Housing-and-Economic-Land-Availability-Assessment-HELAA-and-Brownfield-Register,0.0345,not owned by a public authority,,Permissioned,Full Planning,28/11/2018,2018/946,4,4,4,yes,". Change of use and conversion from ground floor shop, redundant garage/storage and first floor flat to form 2 x 2 bedroom and 2 x 1 bedroom flats with two storey side and first floor rear extensions.. http://www.cartogold.co.uk/tandridgelocalplan/",21/11/2019,21/11/2019,
http://opendatacommunities.org/id/district-council/tandridge,Tandridge District Council,2018/1801,"Plava Shuma, Church Lane, Chaldon CR3 5AL",531213,155188,https://www.tandridge.gov.uk/Planning-and-building/Planning-strategies-and-policies/Local-Plan-2033-emerging-planning-policies/Local-Plan-2033/Housing-and-Economic-Land-Availability-Assessment-HELAA-and-Brownfield-Register,0.65,not owned by a public authority,,Permissioned,Full Planning,21/12/2018,2018/1801,0,0,0,yes,. Demolition of dwelling and outbuilding and erection of dwelling with alterations to access.. http://www.cartogold.co.uk/tandridgelocalplan/,21/11/2019,21/11/2019,
http://opendatacommunities.org/id/district-council/tandridge,Tandridge District Council,2019/68,"24 Rowplatt Lane, and land to the rear of 24 â€“ 30, , Felbridge RH19 2PA",536287,139676,https://www.tandridge.gov.uk/Planning-and-building/Planning-strategies-and-policies/Local-Plan-2033-emerging-planning-policies/Local-Plan-2033/Housing-and-Economic-Land-Availability-Assessment-HELAA-and-Brownfield-Register,0.38,not owned by a public authority,,Permissioned,Full Planning,28/06/2019,2019/68,9,9,9,yes,". Reduction in size of No. 24 Rowplatt Lane and 9 x 3-bed, two storey dwellings with associated parking and amenity space and installation of vehicular crossover to front. http://www.cartogold.co.uk/tandridgelocalplan/",21/11/2019,21/11/2019,
http://opendatacommunities.org/id/district-council/tandridge,Tandridge District Council,2019/610,"Partridge Stud, Effingham Lane, Copthorne RH10 3HP",533094,139609,https://www.tandridge.gov.uk/Planning-and-building/Planning-strategies-and-policies/Local-Plan-2033-emerging-planning-policies/Local-Plan-2033/Housing-and-Economic-Land-Availability-Assessment-HELAA-and-Brownfield-Register,0.26,not owned by a public authority,,Permissioned,Full Planning,24/05/2019,2019/610,4,4,4,yes,". Erection of three x two-storey, 4-bed dwellings and 1 x 3-bed bungalow with associated parking and landscaping involving demolition of existing buildings. http://www.cartogold.co.uk/tandridgelocalplan/",21/11/2019,21/11/2019,
http://opendatacommunities.org/id/district-council/tandridge,Tandridge District Council,2018/1444,"Land rear of 55-65 High Street, Caterham CR3 5UF",533430,155796,https://www.tandridge.gov.uk/Planning-and-building/Planning-strategies-and-policies/Local-Plan-2033-emerging-planning-policies/Local-Plan-2033/Housing-and-Economic-Land-Availability-Assessment-HELAA-and-Brownfield-Register,0.12,not owned by a public authority,,Permissioned,Full Planning,01/07/2019,2018/1444,6,6,6,yes,". Demolition of existing storage buildings and builder's yard and construction of a new 2/3 storey apartment block for 6 flats together with associated parking, cycle and bin stores (Revised plans received).. http://www.cartogold.co.uk/tandridgelocalplan/",21/11/2019,21/11/2019,
http://opendatacommunities.org/id/district-council/tandridge,Tandridge District Council,2018/1996,"Chedworth, Coopers Hill Road, South Nutfield RH1 5PD",531467,148666,https://www.tandridge.gov.uk/Planning-and-building/Planning-strategies-and-policies/Local-Plan-2033-emerging-planning-policies/Local-Plan-2033/Housing-and-Economic-Land-Availability-Assessment-HELAA-and-Brownfield-Register,1.37,not owned by a public authority,,Permissioned,Full Planning,14/08/2019,2018/1996,1,1,1,yes,. Proposed Storage Building to Bungalow Conversion.. http://www.cartogold.co.uk/tandridgelocalplan/,21/11/2019,21/11/2019,
http://opendatacommunities.org/id/district-council/tandridge,Tandridge District Council,2018/2128,"Haxted Kennels, Dwelly Lane, Edenbridge TN8 6QA",541887,145686,https://www.tandridge.gov.uk/Planning-and-building/Planning-strategies-and-policies/Local-Plan-2033-emerging-planning-policies/Local-Plan-2033/Housing-and-Economic-Land-Availability-Assessment-HELAA-and-Brownfield-Register,1.2,not owned by a public authority,,Permissioned,Full Planning,07/08/2019,2018/2128,3,3,3,yes,". Demolition of existing kennel buildings and replacement with three dwellings, with access and parking.. http://www.cartogold.co.uk/tandridgelocalplan/",21/11/2019,21/11/2019,
http://opendatacommunities.org/id/district-council/tandridge,Tandridge District Council,2017/212,"Land to the rear of Dormans Station, Station Road, Dormansland RH7 6NL",539665,141475,https://www.tandridge.gov.uk/Planning-and-building/Planning-strategies-and-policies/Local-Plan-2033-emerging-planning-policies/Local-Plan-2033/Housing-and-Economic-Land-Availability-Assessment-HELAA-and-Brownfield-Register,0.71,not owned by a public authority,,Permissioned,Full Planning,15/07/2019,2017/212,9,9,9,yes,. Formation of 70 car parking spaces serving Dormans Station and erection of 9 dwellings and associated car parking.. http://www.cartogold.co.uk/tandridgelocalplan/,21/11/2019,21/11/2019,
http://opendatacommunities.org/id/district-council/tandridge,Tandridge District Council,2018/2391,"West House, Thornhill, Westerham Road, Limpsfield RH8 0ED",540321,152532,https://www.tandridge.gov.uk/Planning-and-building/Planning-strategies-and-policies/Local-Plan-2033-emerging-planning-policies/Local-Plan-2033/Housing-and-Economic-Land-Availability-Assessment-HELAA-and-Brownfield-Register,0.37,not owned by a public authority,,Permissioned,Full Planning,14/02/2019,2018/2391,1,1,1,yes,. Conversion of granny flat into self contained dwelling (Resubmission). http://www.cartogold.co.uk/tandridgelocalplan/,21/11/2019,21/11/2019,
http://opendatacommunities.org/id/district-council/tandridge,Tandridge District Council,2018/1920,"19-21 Gresham Road, Limpsfield RH8 0BU",539634,152961,https://www.tandridge.gov.uk/Planning-and-building/Planning-strategies-and-policies/Local-Plan-2033-emerging-planning-policies/Local-Plan-2033/Housing-and-Economic-Land-Availability-Assessment-HELAA-and-Brownfield-Register,0.21,not owned by a public authority,,Permissioned,Full Planning,11/03/2019,2018/1920,10,10,10,yes,". Demolition of two detached dwellings. Erection of 12no. apartments incorporating bin & bike stores, on site parking and associated landscaping.. http://www.cartogold.co.uk/tandridgelocalplan/",21/11/2019,21/11/2019,
http://opendatacommunities.org/id/district-council/tandridge,Tandridge District Council,2018/2278,"The Jolly Farmers, Whitewood Lane, South Godstone RH9 8JR",534762,145066,https://www.tandridge.gov.uk/Planning-and-building/Planning-strategies-and-policies/Local-Plan-2033-emerging-planning-policies/Local-Plan-2033/Housing-and-Economic-Land-Availability-Assessment-HELAA-and-Brownfield-Register,2.53,not owned by a public authority,,Permissioned,Full Planning,21/03/2019,2018/2278,5,5,5,yes,". Demolition of extensions, outbuildings, garages, stables and hardstanding. Conversion of the existing public house into a new 4 bedroom house; erection of two 3-bedroom semi-detached houses; erection of one new 3-bedroom chalet style bungalow. http://www.cartogold.co.uk/tandridgelocalplan/",21/11/2019,21/11/2019,
http://opendatacommunities.org/id/district-council/tandridge,Tandridge District Council,2018/2575,"Elmsdown, Green Lane, Outwood RH1 5QS",531175,146030,https://www.tandridge.gov.uk/Planning-and-building/Planning-strategies-and-policies/Local-Plan-2033-emerging-planning-policies/Local-Plan-2033/Housing-and-Economic-Land-Availability-Assessment-HELAA-and-Brownfield-Register,0.29,not owned by a public authority,,Permissioned,Full Planning,14/03/2019,2018/2575,1,1,1,yes,. Conversion of single dweling with annex to 1 x 4-bed and 1 x 2-bed dwellings with associated parking and amenity space and installation of vehicular crossover to front and installation of fencing. http://www.cartogold.co.uk/tandridgelocalplan/,21/11/2019,21/11/2019,
http://opendatacommunities.org/id/district-council/tandridge,Tandridge District Council,2018/13,"158 Redehall Road, Smallfield RH6 9RH",532169,141105,https://www.tandridge.gov.uk/Planning-and-building/Planning-strategies-and-policies/Local-Plan-2033-emerging-planning-policies/Local-Plan-2033/Housing-and-Economic-Land-Availability-Assessment-HELAA-and-Brownfield-Register,0.19,not owned by a public authority,,Permissioned,Full Planning,09/05/2019,2018/13,7,7,7,yes,. Demolition of existing buildings and erection of 7 dwellings together with associated landscaping and parking.. http://www.cartogold.co.uk/tandridgelocalplan/,21/11/2019,21/11/2019,
http://opendatacommunities.org/id/district-council/tandridge,Tandridge District Council,2018/175,"2 Landscape Road, Warlingham CR6 9JB",534896,157779,https://www.tandridge.gov.uk/Planning-and-building/Planning-strategies-and-policies/Local-Plan-2033-emerging-planning-policies/Local-Plan-2033/Housing-and-Economic-Land-Availability-Assessment-HELAA-and-Brownfield-Register,0.34,not owned by a public authority,,Permissioned,Full Planning,01/04/2019,2018/175,11,11,11,yes,". Demolition of existing dwelling. Erection of 12 flats with associated access, parking and landscaping.. http://www.cartogold.co.uk/tandridgelocalplan/",21/11/2019,21/11/2019,
http://opendatacommunities.org/id/district-council/tandridge,Tandridge District Council,2019/321,"Little Woodbury, Bones Lane, Newchapel, Lingfield RH7 6HR",535326,142630,https://www.tandridge.gov.uk/Planning-and-building/Planning-strategies-and-policies/Local-Plan-2033-emerging-planning-policies/Local-Plan-2033/Housing-and-Economic-Land-Availability-Assessment-HELAA-and-Brownfield-Register,0.69,not owned by a public authority,,Permissioned,Full Planning,09/05/2019,2019/321,1,1,1,yes,. Conversion of detached former grain store into dwelling with associated curtilage. http://www.cartogold.co.uk/tandridgelocalplan/,21/11/2019,21/11/2019,
http://opendatacommunities.org/id/district-council/tandridge,Tandridge District Council,2018/1984,"Oakhurst Nursery, Water Lane, South Godstone RH9 8JX",535764,148198,https://www.tandridge.gov.uk/Planning-and-building/Planning-strategies-and-policies/Local-Plan-2033-emerging-planning-policies/Local-Plan-2033/Housing-and-Economic-Land-Availability-Assessment-HELAA-and-Brownfield-Register,2.05,not owned by a public authority,,Permissioned,Full Planning,01/04/2019,2018/1984,1,1,1,yes,". Erection of 3 x 5-bed, two storey, detached dwellings following demolition of existing buildings.. http://www.cartogold.co.uk/tandridgelocalplan/",21/11/2019,21/11/2019,
http://opendatacommunities.org/id/district-council/tandridge,Tandridge District Council,2019/278,"Woodside, Hookwood Park, Limpsfield RH8 0DU",540757,152919,https://www.tandridge.gov.uk/Planning-and-building/Planning-strategies-and-policies/Local-Plan-2033-emerging-planning-policies/Local-Plan-2033/Housing-and-Economic-Land-Availability-Assessment-HELAA-and-Brownfield-Register,0.25,not owned by a public authority,,Permissioned,Full Planning,16/04/2019,2019/278,1,1,1,yes,. Division of existing dwelling house to form two semi detached houses together with associated alterations and extensions.. http://www.cartogold.co.uk/tandridgelocalplan/,21/11/2019,21/11/2019,
http://opendatacommunities.org/id/district-council/tandridge,Tandridge District Council,2019/11,"Property above 145 and 157 , 149 Station Road East RH8 0QE",539331,152911,https://www.tandridge.gov.uk/Planning-and-building/Planning-strategies-and-policies/Local-Plan-2033-emerging-planning-policies/Local-Plan-2033/Housing-and-Economic-Land-Availability-Assessment-HELAA-and-Brownfield-Register,0.23,not owned by a public authority,,Permissioned,Full Planning,08/04/2019,2019/11,6,6,6,yes,". Creation of second floor to form 5 x 2-bed and 1 x-3 bed self contained flats, single storey rear extension to existing ground floor retail unit and lift unit. http://www.cartogold.co.uk/tandridgelocalplan/",21/11/2019,21/11/2019,
http://opendatacommunities.org/id/district-council/tandridge,Tandridge District Council,2019/409,"59 Bluehouse Lane, Limpsfield RH8 0AP",539936,153317,https://www.tandridge.gov.uk/Planning-and-building/Planning-strategies-and-policies/Local-Plan-2033-emerging-planning-policies/Local-Plan-2033/Housing-and-Economic-Land-Availability-Assessment-HELAA-and-Brownfield-Register,0.27,not owned by a public authority,,Permissioned,Full Planning,08/05/2019,2019/409,0,0,0,yes,". Two storey, 5-bed detached dwelling with garage involving demolition of existing dwelling. http://www.cartogold.co.uk/tandridgelocalplan/",21/11/2019,21/11/2019,
http://opendatacommunities.org/id/district-council/tandridge,Tandridge District Council,2017/733,"Heronswood, 51 Harestone Hill, Caterham CR3 6DX",534006,154812,https://www.tandridge.gov.uk/Planning-and-building/Planning-strategies-and-policies/Local-Plan-2033-emerging-planning-policies/Local-Plan-2033/Housing-and-Economic-Land-Availability-Assessment-HELAA-and-Brownfield-Register,0.22,not owned by a public authority,,Permissioned,Full Planning,21/03/2019,2017/733,8,8,8,yes,. Conversion of existing care home into 8 flats with a two storey rear extension. (Amended plans).. http://www.cartogold.co.uk/tandridgelocalplan/,21/11/2019,21/11/2019,
http://opendatacommunities.org/id/district-council/tandridge,Tandridge District Council,2017/2366,"Land at The Court, Warlingham CR6 9BT",536169,158119,https://www.tandridge.gov.uk/Planning-and-building/Planning-strategies-and-policies/Local-Plan-2033-emerging-planning-policies/Local-Plan-2033/Housing-and-Economic-Land-Availability-Assessment-HELAA-and-Brownfield-Register,0.97,owned by a public authority,,Permissioned,Full Planning,20/12/2018,2017/2366,9,9,9,yes,. Change of use from Dwellinghouse (Use Class C3) to Residential Institution (Use Class C2) involving extension at ground and first floors to create additional residents accommodation and relocation of outbuilding.. http://www.cartogold.co.uk/tandridgelocalplan/,21/11/2019,21/11/2019,
http://opendatacommunities.org/id/district-council/tandridge,Tandridge District Council,2018/649,"Uplands, Eden Way, Warlingham CR6 9DP",536499,158214,https://www.tandridge.gov.uk/Planning-and-building/Planning-strategies-and-policies/Local-Plan-2033-emerging-planning-policies/Local-Plan-2033/Housing-and-Economic-Land-Availability-Assessment-HELAA-and-Brownfield-Register,0.46,owned by a public authority,,Permissioned,Full Planning,12/10/2018,2018/649,-2,-2,-2,yes,". Demolition of existing sheltered accommodation, comprising of 2 storeys with 23 dwellings. Erection of replacement accommodation comprising of a terrace of 4 houses, 4 semi detached houses, and a 2- storey building with 13 bed flats. http://www.cartogold.co.uk/tandridgelocalplan/",21/11/2019,21/11/2019,
http://opendatacommunities.org/id/district-council/tandridge,Tandridge District Council,2018/2070,"Long Ridge, Herons Close, Copthorne RH10 3HF",534357,1401970,https://www.tandridge.gov.uk/Planning-and-building/Planning-strategies-and-policies/Local-Plan-2033-emerging-planning-policies/Local-Plan-2033/Housing-and-Economic-Land-Availability-Assessment-HELAA-and-Brownfield-Register,0.83,not owned by a public authority,,Permissioned,Full Planning,15/01/2019,2018/2070,0,0,0,yes,. Demolition of existing dilapidated dwelling and replace with erection of new 5 bedroom detached dwelling with patio and enlarged driveway.. http://www.cartogold.co.uk/tandridgelocalplan/,21/11/2019,21/11/2019,
http://opendatacommunities.org/id/district-council/tandridge,Tandridge District Council,2018/2227,"Long Acre Farm, Croydon Barn Lane, Horne RH6 9JY",534138,143851,https://www.tandridge.gov.uk/Planning-and-building/Planning-strategies-and-policies/Local-Plan-2033-emerging-planning-policies/Local-Plan-2033/Housing-and-Economic-Land-Availability-Assessment-HELAA-and-Brownfield-Register,0.47,not owned by a public authority,,Permissioned,Full Planning,28/01/2019,2018/2227,1,1,1,yes,". Demolition of dwelling, storage and office building, stables and sand school. Erection of 2 dwellings, detached garages and associated works.. http://www.cartogold.co.uk/tandridgelocalplan/",21/11/2019,21/11/2019,
http://opendatacommunities.org/id/district-council/tandridge,Tandridge District Council,2019/759,"Burstow Park House, Antlands Lane, Shipley Bridge RH6 9TF",531185,140146,https://www.tandridge.gov.uk/Planning-and-building/Planning-strategies-and-policies/Local-Plan-2033-emerging-planning-policies/Local-Plan-2033/Housing-and-Economic-Land-Availability-Assessment-HELAA-and-Brownfield-Register,0.79,not owned by a public authority,,Permissioned,Full Planning,16/09/2019,2019/759,-1,-1,-1,yes,. Change of use from Use Class C3 (Dwellinghouse) to Use Class D1 (Non-Residential Institutions) for use as a school. http://www.cartogold.co.uk/tandridgelocalplan/,21/11/2019,21/11/2019,
http://opendatacommunities.org/id/district-council/tandridge,Tandridge District Council,2019/1158,"Edenbrook, Wire Mill Lane, Newchapel RH7 6HJ",536986,141876,https://www.tandridge.gov.uk/Planning-and-building/Planning-strategies-and-policies/Local-Plan-2033-emerging-planning-policies/Local-Plan-2033/Housing-and-Economic-Land-Availability-Assessment-HELAA-and-Brownfield-Register,0.46,not owned by a public authority,,Permissioned,Full Planning,22/08/2019,2019/1158,0,0,0,yes,". Demolition of existing substandard dwelling, construction of a new 3-bedroom one and a half storey dwelling (Resubmission). http://www.cartogold.co.uk/tandridgelocalplan/",21/11/2019,21/11/2019,
http://opendatacommunities.org/id/district-council/tandridge,Tandridge District Council,2019/1501,"Dulverton, Rockfield Road, Oxted RH8 0EL",539712,152259,https://www.tandridge.gov.uk/Planning-and-building/Planning-strategies-and-policies/Local-Plan-2033-emerging-planning-policies/Local-Plan-2033/Housing-and-Economic-Land-Availability-Assessment-HELAA-and-Brownfield-Register,0.32,not owned by a public authority,,Permissioned,Full Planning,29/10/2019,2019/1501,1,1,1,yes,". Erection of single storey dwelling with conversion of roofspace to habitable use and garage, formation of new driveway including access and associated works.. http://www.cartogold.co.uk/tandridgelocalplan/",21/11/2019,21/11/2019,
http://opendatacommunities.org/id/district-council/tandridge,Tandridge District Council,2019/1431,"Carousel, Herons Close, Copthorne RH10 3HF",534511,140114,https://www.tandridge.gov.uk/Planning-and-building/Planning-strategies-and-policies/Local-Plan-2033-emerging-planning-policies/Local-Plan-2033/Housing-and-Economic-Land-Availability-Assessment-HELAA-and-Brownfield-Register,0.37,not owned by a public authority,,Permissioned,Full Planning,25/10/2019,2019/1431,0,0,0,yes,. Demolition of existing property and garage and erection of 1 x detached two storey house with basement.. http://www.cartogold.co.uk/tandridgelocalplan/,21/11/2019,21/11/2019,
http://opendatacommunities.org/id/district-council/tandridge,Tandridge District Council,2006/312,"Gadoline House and former Old Barn petrol filling station, Godstone Road, Whyteleafe",533618,159136,https://www.tandridge.gov.uk/Planning-and-building/Planning-strategies-and-policies/Local-Plan-2033-emerging-planning-policies/Local-Plan-2033/Housing-and-Economic-Land-Availability-Assessment-HELAA-and-Brownfield-Register,0.94,not owned by a public authority,,Permissioned,Full Planning,24/10/2017,2006/312,118,118,118,yes,". erection of 4 x 4-storey blocks providing 40 x 1-bed & 62 x 2-bed flats and 1 x 3 storey block providing primary care facility and 6 x 1-bed & 10 x 2-bed flats (total 46 x 1-bed, 72 x 2-bed, overall 118 flats of which 16 are affordable). http://www.cartogold.co.uk/tandridgelocalplan/",21/11/2019,21/11/2019,
http://opendatacommunities.org/id/district-council/tandridge,Tandridge District Council,2014/221,"Hillbury Farm, Tithepit Shaw Lane, Warlingham, CR6 9AN",534780,158671,https://www.tandridge.gov.uk/Planning-and-building/Planning-strategies-and-policies/Local-Plan-2033-emerging-planning-policies/Local-Plan-2033/Housing-and-Economic-Land-Availability-Assessment-HELAA-and-Brownfield-Register,0.7,not owned by a public authority,,Permissioned,Full Planning,02/06/2014,2014/221,4,4,4,yes,. Demolition of existing buildings. change of use from car breakers yard to residential and erection of four detached dwellings with associated driveways and parking and attenuation pond.. http://www.cartogold.co.uk/tandridgelocalplan/,23/10/2017,21/11/2019,
http://opendatacommunities.org/id/district-council/tandridge,Tandridge District Council,2008/423,"Former East Wing, Whyteleafe House, 439 to 445 Godstone Road, Whyteleafe, Surrey CR3 0BL",534367,157609,https://www.tandridge.gov.uk/Planning-and-building/Planning-strategies-and-policies/Local-Plan-2033-emerging-planning-policies/Local-Plan-2033/Housing-and-Economic-Land-Availability-Assessment-HELAA-and-Brownfield-Register,0.6,not owned by a public authority,,Permissioned,Full Planning,01/08/2011,2008/423,167,167,167,yes,". Demolition of existing buildings. erection of 4/5 storey building comprising 167 flats with basement parking, roof gardens and landscaping. (revised plans received showing 9 additional flats in lieu of the health centre originally proposed). http://www.cartogold.co.uk/tandridgelocalplan/",21/11/2019,21/11/2019,
http://opendatacommunities.org/id/district-council/tandridge,Tandridge District Council,2015/157/NC,"Office Unit 1  Scandia-Hus Business Park  Felcourt Road,  Felcourt , East Grinstead  West Sussex  RH19 2LP",538303,142034,https://www.tandridge.gov.uk/Planning-and-building/Planning-strategies-and-policies/Local-Plan-2033-emerging-planning-policies/Local-Plan-2033/Housing-and-Economic-Land-Availability-Assessment-HELAA-and-Brownfield-Register,0.4,not owned by a public authority,,Permissioned,Prior Approval,08/04/2015,2015/157/NC,6,6,6,yes,. Change of use of a building from Office Class B1 to use falling within Class C3 dwelling. (Prior Approval) (Part 3 Class J Notification). http://www.cartogold.co.uk/tandridgelocalplan/,21/11/2019,21/11/2019,
http://opendatacommunities.org/id/district-council/tandridge,Tandridge District Council,2014/1742,"Womens Institute Hall, Broadbridge Lane, Smallfield RH6 9RF",531787,141702,https://www.tandridge.gov.uk/Planning-and-building/Planning-strategies-and-policies/Local-Plan-2033-emerging-planning-policies/Local-Plan-2033/Housing-and-Economic-Land-Availability-Assessment-HELAA-and-Brownfield-Register,0.53,not owned by a public authority,,Permissioned,Full Planning,24/09/2015,2014/1742,1,1,1,yes,. Demolition of existing building and erection of replacement bungalow. http://www.cartogold.co.uk/tandridgelocalplan/,04/12/2018,21/11/2019,
http://opendatacommunities.org/id/district-council/tandridge,Tandridge District Council,2014/1957,"Rnib, Redhill College, Philanthropic Road, Redhill.",528992,149418,https://www.tandridge.gov.uk/Planning-and-building/Planning-strategies-and-policies/Local-Plan-2033-emerging-planning-policies/Local-Plan-2033/Housing-and-Economic-Land-Availability-Assessment-HELAA-and-Brownfield-Register,5.88,not owned by a public authority,,Permissioned,Full Planning,05/11/2015,2014/1957,28,28,28,yes,". demolition of all other buildings and redevelopment to form 102 new dwellings in total (25 dwellings for blind and partially sighted people and 77 open market houses); hub facility (b1, d2 and d3 uses);. http://www.cartogold.co.uk/tandridgelocalplan/",21/11/2019,21/11/2019,
http://opendatacommunities.org/id/district-council/tandridge,Tandridge District Council,2018/2472,"Knights Yard, Crowhurst Road, Lingfield RH7 6DA",539026,144560,https://www.tandridge.gov.uk/Planning-and-building/Planning-strategies-and-policies/Local-Plan-2033-emerging-planning-policies/Local-Plan-2033/Housing-and-Economic-Land-Availability-Assessment-HELAA-and-Brownfield-Register,0.23,not owned by a public authority,,Permissioned,Outline Planning,08/02/2019,2018/2472,8,8,8,yes,". Erection of 8 dwellings with associated access, car parking and landscaping. (Outline). http://www.cartogold.co.uk/tandridgelocalplan/",21/11/2019,21/11/2019,
http://opendatacommunities.org/id/district-council/tandridge,Tandridge District Council,2015/2057,"Tillingdown Farm, Tillingdown Lane, Woldingham CR3 7JA",534818,155469,https://www.tandridge.gov.uk/Planning-and-building/Planning-strategies-and-policies/Local-Plan-2033-emerging-planning-policies/Local-Plan-2033/Housing-and-Economic-Land-Availability-Assessment-HELAA-and-Brownfield-Register,1.82,not owned by a public authority,,Permissioned,Full Planning,01/03/2016,2015/2057,9,9,9,yes,. Demolition of existing dwelling. Erection of 13 dwellings. http://www.cartogold.co.uk/tandridgelocalplan/,23/10/2017,21/11/2019,
http://opendatacommunities.org/id/district-council/tandridge,Tandridge District Council,2016/375,"Woodpeckers, Herons Lea, Copthorne RH10 3HE",534242,139982,https://www.tandridge.gov.uk/Planning-and-building/Planning-strategies-and-policies/Local-Plan-2033-emerging-planning-policies/Local-Plan-2033/Housing-and-Economic-Land-Availability-Assessment-HELAA-and-Brownfield-Register,0.48,not owned by a public authority,,Permissioned,Full Planning,27/05/2016,2016/375,0,0,0,yes,. Demolition of existing dwelling. Erection of dwelling. http://www.cartogold.co.uk/tandridgelocalplan/,21/11/2019,21/11/2019,
http://opendatacommunities.org/id/district-council/tandridge,Tandridge District Council,2015/1926,"Former Rose and Young, 67 to 69 Croydon Road, Caterham CR3 6PD",534057,155638,https://www.tandridge.gov.uk/Planning-and-building/Planning-strategies-and-policies/Local-Plan-2033-emerging-planning-policies/Local-Plan-2033/Housing-and-Economic-Land-Availability-Assessment-HELAA-and-Brownfield-Register,0.22,not owned by a public authority,,Permissioned,Full Planning,24/06/2016,2015/1926,48,48,48,yes,. Demolition of existing buildings and structures and erection of a mixed use building to provide retail space on the ground floor with 48 apartments over with ancillary basement car parking and associated works and infrastructure.. http://www.cartogold.co.uk/tandridgelocalplan/,23/10/2017,21/11/2019,
http://opendatacommunities.org/id/district-council/tandridge,Tandridge District Council,2017/2081,"Workshop Rear of, Greenleas, 10 Redehall Road, Smallfield RH6 9QL",531796,142812,https://www.tandridge.gov.uk/Planning-and-building/Planning-strategies-and-policies/Local-Plan-2033-emerging-planning-policies/Local-Plan-2033/Housing-and-Economic-Land-Availability-Assessment-HELAA-and-Brownfield-Register,0.44,not owned by a public authority,,Permissioned,Full Planning,10/09/2018,2017/2081,10,10,10,yes,". Demolition of existing buildings. Erection of 10 dwellings with associated access, landscaping and parking.. http://www.cartogold.co.uk/tandridgelocalplan/",04/12/2018,21/11/2019,
http://opendatacommunities.org/id/district-council/tandridge,Tandridge District Council,2016/553,"Beech Farm, Beech Farm Road, Warlingham CR6 9QJ",538494,157217,https://www.tandridge.gov.uk/Planning-and-building/Planning-strategies-and-policies/Local-Plan-2033-emerging-planning-policies/Local-Plan-2033/Housing-and-Economic-Land-Availability-Assessment-HELAA-and-Brownfield-Register,0.45,not owned by a public authority,,Permissioned,Full Planning,04/10/2016,2016/553,5,5,5,yes,". Proposed conversion of buildings and erection of extensions to provide 5 houses with associated parking, landscaping and removal of hardstanding. http://www.cartogold.co.uk/tandridgelocalplan/",23/10/2017,21/11/2019,
http://opendatacommunities.org/id/district-council/tandridge,Tandridge District Council,2016/987,"Westwood Stores, Eastbourne Road, South Godstone RH9 8EZ",536375,148519,https://www.tandridge.gov.uk/Planning-and-building/Planning-strategies-and-policies/Local-Plan-2033-emerging-planning-policies/Local-Plan-2033/Housing-and-Economic-Land-Availability-Assessment-HELAA-and-Brownfield-Register,0.12,not owned by a public authority,,Permissioned,Full Planning,01/11/2016,2016/987,8,8,8,yes,. Demolition of existing buildings. Erection of 9 flats. http://www.cartogold.co.uk/tandridgelocalplan/,23/10/2017,21/11/2019,
http://opendatacommunities.org/id/district-council/tandridge,Tandridge District Council,2016/1035,"14 Landscape Road, Warlingham CR6 9JB",534915,157658,https://www.tandridge.gov.uk/Planning-and-building/Planning-strategies-and-policies/Local-Plan-2033-emerging-planning-policies/Local-Plan-2033/Housing-and-Economic-Land-Availability-Assessment-HELAA-and-Brownfield-Register,0.22,not owned by a public authority,,Permissioned,Full Planning,01/09/2016,2016/1035,4,4,4,yes,. Demolition of existing dwelling and outbuildings and erection of new building comprising of 5 flats.. http://www.cartogold.co.uk/tandridgelocalplan/,04/12/2018,21/11/2019,
http://opendatacommunities.org/id/district-council/tandridge,Tandridge District Council,2016/1746,"Tillingdown Farm, Tillingdown Lane, Woldingham CR3 7JA",534818,155469,https://www.tandridge.gov.uk/Planning-and-building/Planning-strategies-and-policies/Local-Plan-2033-emerging-planning-policies/Local-Plan-2033/Housing-and-Economic-Land-Availability-Assessment-HELAA-and-Brownfield-Register,1.07,not owned by a public authority,,Permissioned,Full Planning,30/11/2016,2016/1746,-1,-1,-1,yes,. Demolition of 4 cottages and the erection of 3 dwellings. http://www.cartogold.co.uk/tandridgelocalplan/,21/11/2019,21/11/2019,
http://opendatacommunities.org/id/district-council/tandridge,Tandridge District Council,2016/1087,"Crab Hill Barn, Crab Hill Lane, South Nutfield RH1 5NR",530737,148303,https://www.tandridge.gov.uk/Planning-and-building/Planning-strategies-and-policies/Local-Plan-2033-emerging-planning-policies/Local-Plan-2033/Housing-and-Economic-Land-Availability-Assessment-HELAA-and-Brownfield-Register,0.26,not owned by a public authority,,Permissioned,Full Planning,21/09/2016,2016/1087,1,1,1,yes,. Conversion of outbuilding to dwelling. http://www.cartogold.co.uk/tandridgelocalplan/,23/10/2017,21/11/2019,
http://opendatacommunities.org/id/district-council/tandridge,Tandridge District Council,2017/198,"21 Westhall Park, Warlingham CR6 9HS",535128,157745,https://www.tandridge.gov.uk/Planning-and-building/Planning-strategies-and-policies/Local-Plan-2033-emerging-planning-policies/Local-Plan-2033/Housing-and-Economic-Land-Availability-Assessment-HELAA-and-Brownfield-Register,0.27,not owned by a public authority,,Permissioned,Full Planning,02/06/2017,2017/198,2,2,2,yes,. Demolition of existing dwelling. Erection of 3 dwellings. http://www.cartogold.co.uk/tandridgelocalplan/,23/10/2017,21/11/2019,
http://opendatacommunities.org/id/district-council/tandridge,Tandridge District Council,2016/911,"Burstow Lodge Business Centre, Rookery Lane, Smallfield RH6 9BD",531488,144104,https://www.tandridge.gov.uk/Planning-and-building/Planning-strategies-and-policies/Local-Plan-2033-emerging-planning-policies/Local-Plan-2033/Housing-and-Economic-Land-Availability-Assessment-HELAA-and-Brownfield-Register,0.85,not owned by a public authority,,Permissioned,Outline Planning,02/06/2017,2016/911,9,9,9,yes,. Demolition of existing commercial premises and erection of 9 dwellings. (Outline) (Revised site plan). http://www.cartogold.co.uk/tandridgelocalplan/,04/12/2018,21/11/2019,
http://opendatacommunities.org/id/district-council/tandridge,Tandridge District Council,2017/524,"Little Woolborough Farm, Green Lane, Outwood RH1 5QS",531130,145980,https://www.tandridge.gov.uk/Planning-and-building/Planning-strategies-and-policies/Local-Plan-2033-emerging-planning-policies/Local-Plan-2033/Housing-and-Economic-Land-Availability-Assessment-HELAA-and-Brownfield-Register,0.29,not owned by a public authority,,Permissioned,Full Planning,23/05/2017,2017/524,0,0,0,yes,. Demolition of existing dwelling. Erection of dwelling. http://www.cartogold.co.uk/tandridgelocalplan/,21/11/2019,21/11/2019,
http://opendatacommunities.org/id/district-council/tandridge,Tandridge District Council,2016/1727,"Hut, 1 Harestone Drive, Caterham CR3 6YQ",533745,154962,https://www.tandridge.gov.uk/Planning-and-building/Planning-strategies-and-policies/Local-Plan-2033-emerging-planning-policies/Local-Plan-2033/Housing-and-Economic-Land-Availability-Assessment-HELAA-and-Brownfield-Register,0.31,not owned by a public authority,,Permissioned,Full Planning,18/05/2017,2016/1727,4,4,4,yes,. Demolition of existing office buildings. Erection of 4 detached dwellings. http://www.cartogold.co.uk/tandridgelocalplan/,23/10/2017,21/11/2019,
http://opendatacommunities.org/id/district-council/tandridge,Tandridge District Council,2017/410,"Broadwood, Leazes Avenue, Chaldon CR3 5AG",531436,155945,https://www.tandridge.gov.uk/Planning-and-building/Planning-strategies-and-policies/Local-Plan-2033-emerging-planning-policies/Local-Plan-2033/Housing-and-Economic-Land-Availability-Assessment-HELAA-and-Brownfield-Register,0.68,not owned by a public authority,,Permissioned,Full Planning,12/05/2017,2017/410,0,0,0,yes,. Demolition of existing dwelling. Erection of dwelling.. http://www.cartogold.co.uk/tandridgelocalplan/,21/11/2019,21/11/2019,
http://opendatacommunities.org/id/district-council/tandridge,Tandridge District Council,2016/2195,"Horne Park Farm Lodge, Bones Lane, Newchapel, RH7 6HR",535386,142612,https://www.tandridge.gov.uk/Planning-and-building/Planning-strategies-and-policies/Local-Plan-2033-emerging-planning-policies/Local-Plan-2033/Housing-and-Economic-Land-Availability-Assessment-HELAA-and-Brownfield-Register,0.34,not owned by a public authority,,Permissioned,Full Planning,18/07/2017,2016/2195,6,6,6,yes,". Demolition of redundant agricultural building and stable block. Conversion of former Granary and Coach House to provide 6 x 2 bedroom residential units, parking and amenity space. (Amended description).. http://www.cartogold.co.uk/tandridgelocalplan/",23/10/2017,21/11/2019,
http://opendatacommunities.org/id/district-council/tandridge,Tandridge District Council,2017/1100,"Frith Manor Cottage, Lingfield Road, East Grinstead, RH19 2JW",538830,139914,https://www.tandridge.gov.uk/Planning-and-building/Planning-strategies-and-policies/Local-Plan-2033-emerging-planning-policies/Local-Plan-2033/Housing-and-Economic-Land-Availability-Assessment-HELAA-and-Brownfield-Register,0.25,not owned by a public authority,,Permissioned,Full Planning,14/08/2017,2017/1100,0,0,0,yes,. Demolition of existing dwelling. Erection of dwelling.. http://www.cartogold.co.uk/tandridgelocalplan/,21/11/2019,21/11/2019,
http://opendatacommunities.org/id/district-council/tandridge,Tandridge District Council,2017/21,"Yerba Buena, Herons Close, Copthorne, RH10 3HF",534606,140049,https://www.tandridge.gov.uk/Planning-and-building/Planning-strategies-and-policies/Local-Plan-2033-emerging-planning-policies/Local-Plan-2033/Housing-and-Economic-Land-Availability-Assessment-HELAA-and-Brownfield-Register,0.34,not owned by a public authority,,Permissioned,Full Planning,10/07/2017,2017/21,0,0,0,yes,. Demolition of existing dwelling. Erection of dwelling (amended plans).. http://www.cartogold.co.uk/tandridgelocalplan/,04/12/2018,21/11/2019,
http://opendatacommunities.org/id/district-council/tandridge,Tandridge District Council,2017/886,"Grasmere, Church Lane, Burstow, RH6 9TG",530548,141067,https://www.tandridge.gov.uk/Planning-and-building/Planning-strategies-and-policies/Local-Plan-2033-emerging-planning-policies/Local-Plan-2033/Housing-and-Economic-Land-Availability-Assessment-HELAA-and-Brownfield-Register,0.83,not owned by a public authority,,Permissioned,Full Planning,24/08/2017,2017/886,1,1,1,yes,". Demolition of existing buildings and structures. Erection of two dwellinghouses, with provision of off-street parking, bin stores, alterations/extension to hardstanding, landscaping and associated works. http://www.cartogold.co.uk/tandridgelocalplan/",23/10/2017,21/11/2019,
http://opendatacommunities.org/id/district-council/tandridge,Tandridge District Council,2015/79,"The Warren, Church Road, Woldingham, CR3 7JH",536772,155024,https://www.tandridge.gov.uk/Planning-and-building/Planning-strategies-and-policies/Local-Plan-2033-emerging-planning-policies/Local-Plan-2033/Housing-and-Economic-Land-Availability-Assessment-HELAA-and-Brownfield-Register,4,not owned by a public authority,,Permissioned,Full Planning,08/09/2017,2015/79,0,0,0,yes,. Demolition of existing dwelling. Erection of dwelling and outbuilding. (Amended plans).. http://www.cartogold.co.uk/tandridgelocalplan/,21/11/2019,21/11/2019,
http://opendatacommunities.org/id/district-council/tandridge,Tandridge District Council,2016/1622,"Standitch Farm, Tilburstow Hill Road, Godstone, RH9 8LY",535468,149464,https://www.tandridge.gov.uk/Planning-and-building/Planning-strategies-and-policies/Local-Plan-2033-emerging-planning-policies/Local-Plan-2033/Housing-and-Economic-Land-Availability-Assessment-HELAA-and-Brownfield-Register,1.12,not owned by a public authority,,Permissioned,Full Planning,21/02/2017,2016/1622,4,4,4,yes,. Conversion of barn to four dwellings with associated car parking and landscaping.. http://www.cartogold.co.uk/tandridgelocalplan/,23/10/2017,21/11/2019,
http://opendatacommunities.org/id/district-council/tandridge,Tandridge District Council,2017/1399/NC,"Clearway Court, 139 to 141 Croydon Road, Caterham CR3 6PF",534065,155961,https://www.tandridge.gov.uk/Planning-and-building/Planning-strategies-and-policies/Local-Plan-2033-emerging-planning-policies/Local-Plan-2033/Housing-and-Economic-Land-Availability-Assessment-HELAA-and-Brownfield-Register,0.12,not owned by a public authority,,Permissioned,Prior Approval,22/08/2017,2017/1399/NC,16,16,16,yes,. Change of use from Class B1(a) (office) to Class C3 (dwelling). (Prior Approval Class O Part 3 Schedule 2).. http://www.cartogold.co.uk/tandridgelocalplan/,04/12/2018,21/11/2019,
http://opendatacommunities.org/id/district-council/tandridge,Tandridge District Council,2017/1296,"Oldencraig Farm, Tandridge Lane, Lingfield RH7 6LL",536970,145501,https://www.tandridge.gov.uk/Planning-and-building/Planning-strategies-and-policies/Local-Plan-2033-emerging-planning-policies/Local-Plan-2033/Housing-and-Economic-Land-Availability-Assessment-HELAA-and-Brownfield-Register,8.09,not owned by a public authority,,Permissioned,Full Planning,14/09/2017,2017/1296,9,9,9,yes,". Demolition of existing equestrian centre including associated staff accommodation and facilities. 
Erection of 9 dwellings with associated garaging, landscaping and the formation of a meadow.. http://www.cartogold.co.uk/tandridgelocalplan/",04/12/2018,21/11/2019,
