OrganisationURI,OrganisationLabel,SiteReference,PreviouslyPartOf,SiteNameAddress,SitePlanURL,CoordinateReferenceSystem,GeoX,GeoY,Hectares,OwnershipStatus,Deliverable,PlanningStatus,PermissionType ,PermissionDate,PlanningHistory,ProposedForPIP,MinNetDwellings,DevelopmentDescription,NonHousingDevelopment ,Part2,NetDwellingsRangeFrom,NetDwellingsRangeTo,HazardousSubstances,SiteInformation,Notes ,FirstAddedDate,LastUpdatedDate
,,Sites with planning permission,,,,,,,,,,,,,,,,,,,,,,,,,
http://opendatacommunities.org/id/unitary-authority/bedford,Bedford Borough Council,99/01645/OUT,,"Wixams New Settlement LPH14 H31, Wixams (Land Focused on the Elstow Storage Depot)",http://bedford-borough.maps.arcgis.com/apps/webappviewer/index.html?id=6979ef7d6dfa46199cd16490135fa791,OSGB36,504990.0,244498.0,189.72,Unknown ownership,Yes,Permissioned,Outline planning permission,2006-06-02,,,1261.0,"Built development consisting of building and engineering works for a mixed use development of residential, employment, retail (A1, A2, A3) leisure and community uses, open space and associated uses together with supporting infrastructure (roads, paths, cycleways, pumping stations, electricity substations), public transport, interchange and car parking (1261 units still to be completed). ","Built development consisting of building and engineering works for a mixed use development of residential, employment, retail (A1, A2, A3) leisure and community uses, open space and associated uses together with supporting infrastructure (roads, paths, cycleways, pumping stations, electricity substations), public transport, interchange and car parking. ",,,,,,Delivery of the site is likely to continue beyond 2022.  ,2017-09-30,2018-11-30
http://opendatacommunities.org/id/unitary-authority/bedford,Bedford Borough Council,05/00598/FUL,,"Telecom House, 25 to 27 St John's Street, Bedford",http://bedford-borough.maps.arcgis.com/apps/webappviewer/index.html?id=6979ef7d6dfa46199cd16490135fa791,OSGB36,505094.0,249234.0,0.24,Unknown ownership,Yes,Permissioned,Full planning permission,2017-03-16,,,44.0,Conversion and change of use of offices to form flats (44 residential units to be completed). ,,,,,,,,2017-09-30,2017-09-30
http://opendatacommunities.org/id/unitary-authority/bedford,Bedford Borough Council,11/02691/MAF,,"Britannia Iron Works, Kempston Road Phase E, Bedford",http://bedford-borough.maps.arcgis.com/apps/webappviewer/index.html?id=6979ef7d6dfa46199cd16490135fa791,OSGB36,504422.0,248949.0,3.73,Not owned by a public authority,Yes,Permissioned,Full planning permission,2013-12-20,,,95.0,"Erection of 206 residential units forming apartments, mezzanine and family 2, 3 and 4 bedroom units (95 units to be completed).   ","Public open spaces, cycle routes, estate roads and car parking. ",,,,,,,2017-09-30,2018-11-30
http://opendatacommunities.org/id/unitary-authority/bedford,Bedford Borough Council,12/01253/FUL,,"Formerly Park Avenue, 25 High Street, Stagsden",http://bedford-borough.maps.arcgis.com/apps/webappviewer/index.html?id=6979ef7d6dfa46199cd16490135fa791,OSGB36,498310.0,249031.0,0.35,not owned by a public authority,Yes,Permissioned,Full planning permission,2013-01-03,,,8.0,Erection of 9 dwellings (8 units net to be completed). ,,,,,,,,2018-11-30,2018-11-30
http://opendatacommunities.org/id/unitary-authority/bedford,,12/01549/MAF,,"1-13 Greyfriars and 57-65 Midland Road, Bedford",http://bedford-borough.maps.arcgis.com/apps/webappviewer/index.html?id=6979ef7d6dfa46199cd16490135fa791,OSGB36,504725.0,249792.0,0.2,mixed ownership,Yes,Permissioned,Full planning permission,2015-02-07,,,18.0,Change of use of second floor offices to residential to form 18 studio flats. ,,,,,,,,2018-11-30,2018-11-30
http://opendatacommunities.org/id/unitary-authority/bedford,Bedford Borough Council,13/00612/MAR,,"Land at RAF Cardington, Phase 2A, The Highway, Shortstown",http://bedford-borough.maps.arcgis.com/apps/webappviewer/index.html?id=6979ef7d6dfa46199cd16490135fa791,OSGB36,507785.0,247311.0,4.01,Unknown ownership,Yes,Permissioned,Reserved matters approval,2013-09-12,,,40.0,"Phase 2A, erection of 93 dwellings, 6xB1 office units, access roads, parking, open space, public art landscaping and associated works pursuant to outline permission 02/01920/OUT (40 units to be completed).","Phase 2A, erection of 93 dwellings, 6xB1 office units, access roads, parking, open space, public art landscaping and associated works pursuant to outline permission 02/01920/OUT.",,,,,,,2017-09-30,2018-11-30
http://opendatacommunities.org/id/unitary-authority/bedford,Bedford Borough Council,13/00829/MAR,,"Land at RAF Cardington, Phase 2B, The Highway, Shortstown",http://bedford-borough.maps.arcgis.com/apps/webappviewer/index.html?id=6979ef7d6dfa46199cd16490135fa791,OSGB36,507786.0,246992.0,4.55,Unknown ownership,Yes,Permissioned,Reserved matters approval,2014-01-24,,,5.0,"Phase 2B, erection of 128 dwellings, access, parking, open space including pay areas landscaping and associated works pursuant to outline permission 02/01920/OUT (5 units to be completed). ","Phase 2B, erection of 128 dwellings, access, parking, open space including play areas landscaping and associated works pursuant to outline permission 02/01920/OUT. ",,,,,,,2017-09-30,2018-11-30
http://opendatacommunities.org/id/unitary-authority/bedford,Bedford Borough Council,13/01054/MAR,,"Land at RAF Cardington, Phase 2C, The Highway, Shortstown",http://bedford-borough.maps.arcgis.com/apps/webappviewer/index.html?id=6979ef7d6dfa46199cd16490135fa791,OSGB36,507923.0,247009.0,5.43,Unknown ownership,Yes,Permissioned,Reserved matters approval,2014-01-24,,,29.0,"Phase 2C, erection of 171 dwellings, parking, open space, landscaping and associated works pursuant to outline permission 01/01920/OUT (29 units to be completed). ","Phase 2C, erection of 171 dwellings, parking, open space, landscaping and associated works pursuant to outline permission 01/01920/OUT. ",,,,,,,2017-09-30,2018-11-30
http://opendatacommunities.org/id/unitary-authority/bedford,Bedford Borough Council,13/01166/MAF,,"Land at junction of Alexandra Road and Midland Road, Bedford",http://bedford-borough.maps.arcgis.com/apps/webappviewer/index.html?id=6979ef7d6dfa46199cd16490135fa791,OSGB36,504521.0,249711.0,0.07,Not owned by a public authority,Yes,Permissioned,Full planning permission,2014-03-27,,,12.0,Erection of 12 flats.,2 ground floor retail units.,,,,,,,2017-09-30,2017-09-30
http://opendatacommunities.org/id/unitary-authority/bedford,,13/01217/CPNJ,,"14 St Cuthberts Street, Bedford",http://bedford-borough.maps.arcgis.com/apps/webappviewer/index.html?id=6979ef7d6dfa46199cd16490135fa791,OSGB36,505271.0,249934.0,0.03,unknown,Yes,Permissioned,Planning permission granted under an order,2013-08-01,,,11.0,Change of use from offices (B1) to residential (C3).  ,,,,,,,"Prior Notification submitted for change of use, however approval was not required as confirmed on 01/08/13.  This is not a planning application because it relates to development that is already permitted by Government Regulation.  ",2018-11-30,2018-11-30
http://opendatacommunities.org/id/unitary-authority/bedford,Bedford Borough Council,13/02417/MAF,,"Former De Montford University site, Lansdowne Road, Bedford",http://bedford-borough.maps.arcgis.com/apps/webappviewer/index.html?id=6979ef7d6dfa46199cd16490135fa791,OSGB36,50431.0,25035.0,1.84,Not owned by a public authority,Yes,Permissioned,Full planning permission,2015-01-30,,,98.0,Demolition of existing buildings and erection of 152 dwellings (98 to be completed).,,,,,,,,2017-09-30,2018-11-30
http://opendatacommunities.org/id/unitary-authority/bedford,Bedford Borough Council,14/00700/MAO,,"North End Farm, 187 Bedford Road, Wilstead",http://bedford-borough.maps.arcgis.com/apps/webappviewer/index.html?id=6979ef7d6dfa46199cd16490135fa791,OSGB36,505218.0,244975.0,0.91,Not owned by a public authority,Yes,Permissioned,Outline planning permission,2016-02-15,,,39.0,39 dwellings within the Wixams new settlement.  ,,,,,,,,2017-09-30,2017-09-30
http://opendatacommunities.org/id/unitary-authority/bedford,Bedford Borough Council,14/02613/FUL,,"16 Bunyan Road, Kempston",http://bedford-borough.maps.arcgis.com/apps/webappviewer/index.html?id=6979ef7d6dfa46199cd16490135fa791,OSGB36,503191.0,247718.0,0.03,Not owned by a public authority,Yes,Permissioned,Full planning permission,2015-08-20,,,7.0,Demolition of existing building and erection of new building comprising 7 flats. ,,,,,,,,2017-09-30,2017-09-30
http://opendatacommunities.org/id/unitary-authority/bedford,Bedford Borough Council,14/02684/MAF,,"139 to 145 Tavistock Street, Bedford",http://bedford-borough.maps.arcgis.com/apps/webappviewer/index.html?id=6979ef7d6dfa46199cd16490135fa791,OSGB36,50456.0,25040.0,0.09,Not owned by a public authority,Yes,Permissioned,Full planning permission,2015-01-19,,,13.0,Demolition of buildings for the redevelopment of site for 13 new residential dwellings. ,,,,,,,,2017-09-30,2017-09-30
http://opendatacommunities.org/id/unitary-authority/bedford,Bedford Borough Council,14/02875/FUL,,"30 The Broadway, Bedford",http://bedford-borough.maps.arcgis.com/apps/webappviewer/index.html?id=6979ef7d6dfa46199cd16490135fa791,OSGB36,504951.0,250137.0,0.02,Not owned by a public authority,Yes,Permissioned,Full planning permission,2015-01-28,,,7.0,"Change of use of nightclub to retail unit (A1) at ground floor and residential use (C3) on first and existing front section on second floor, to create a total of 8 flats together with new second floor extension (including 1 existing flat).  ",,,,,,,,2017-09-30,2017-09-30
http://opendatacommunities.org/id/unitary-authority/bedford,Bedford Borough Council,14/02912/CPNJ,,"West One, 63 to 67 Bromham Road, Bedford",http://bedford-borough.maps.arcgis.com/apps/webappviewer/index.html?id=6979ef7d6dfa46199cd16490135fa791,OSGB36,504273.0,250172.0,0.12,Unknown ownership,Yes,Permissioned ,Planning permission granted under an order,2015-01-15,,,12.0,Change of use from B1 (offices) to C3 (dwelling houses). ,,,,,,,"Prior Notification submitted for change of use, however approval was not required as confirmed on 15/01/15.  This is not a planning application because it relates to development that is already permitted by Government Regulation.  Note: Prior Notification has not lapsed.    ",2017-09-30,2018-11-30
http://opendatacommunities.org/id/unitary-authority/bedford,Bedford Borough Council,15/00512/FUL,,"College Farm, Church Road, Keysoe",http://bedford-borough.maps.arcgis.com/apps/webappviewer/index.html?id=6979ef7d6dfa46199cd16490135fa791,OSGB36,507052.0,261571.0,0.32,Not owned by a public authority,Yes,Permissioned,Full planning permission,2015-05-01,,,8.0,Conversion of barns to provide 8 dwellings.,,,,,,,,2017-09-30,2017-09-30
http://opendatacommunities.org/id/unitary-authority/bedford,Bedford Borough Council,15/00541/FUL,,"Nisa Local, North Drive, Shortstown",http://bedford-borough.maps.arcgis.com/apps/webappviewer/index.html?id=6979ef7d6dfa46199cd16490135fa791,OSGB36,507417.0,247026.0,0.16,Not owned by a public authority,Yes,Permissioned,Full planning permission,2015-06-10,,,4.0,Change of use of part of Post Office and shop to residential (C3) and formation of 5 residential units including external alterations (4 dwellings still to be completed). ,,,,,,,,2017-09-30,2017-09-30
http://opendatacommunities.org/id/unitary-authority/bedford,Bedford Borough Council,15/01527/CPNO,,"Chaddesley House, 12 Lime Street, Bedford",http://bedford-borough.maps.arcgis.com/apps/webappviewer/index.html?id=6979ef7d6dfa46199cd16490135fa791,OSGB36,504969.0,249940.0,0.1,Unknown ownership,Yes,Permissioned ,Planning permission granted under an order,2015-08-19,,,12.0,Change of use from B1 (offices) to C3 (dwelling houses).  ,,,,,,,"Prior Notification submitted for change of use, however approval was not required as confirmed on 19/08/15.  This is not a planning application because it relates to development that is already permitted by Government Regulation.  ",2017-09-30,2018-11-30
http://opendatacommunities.org/id/unitary-authority/bedford,Bedford Borough Council,15/01555/MAF,,"18 to 20 St Peters Street, Bedford",http://bedford-borough.maps.arcgis.com/apps/webappviewer/index.html?id=6979ef7d6dfa46199cd16490135fa791,OSGB36,505139.0,250102.0,0.08,Not owned by a public authority,Yes,Permissioned,Full planning permission,2015-10-21,,,14.0,"Refurbishment of ground floor restaurant and bar, change of use and extension of first and second floors to residential to provide 6 one bedroom flats and 8 two bedroom flats.  ",,,,,,,,2017-09-30,2017-09-30
http://opendatacommunities.org/id/unitary-authority/bedford,Bedford Borough Council,15/02315/MAF,,"Land at Lurke Street and St Cuthberts Street, Bedford",http://bedford-borough.maps.arcgis.com/apps/webappviewer/index.html?id=6979ef7d6dfa46199cd16490135fa791,OSGB36,505208.0,250011.0,0.17,Mixed ownership,Yes,Permissioned,Full planning permission,2016-03-21,,,49.0,Demolition of boundary walls and erection of 5 storey building and a 3 storey building comprising 49 residential apartments. ,,,,,,,,2017-09-30,2017-09-30
http://opendatacommunities.org/id/unitary-authority/bedford,Bedford Borough Council,15/03004/MAF,,"77 High Street, Bedford",http://bedford-borough.maps.arcgis.com/apps/webappviewer/index.html?id=6979ef7d6dfa46199cd16490135fa791,OSGB36,505056.0,249877.0,0.04,Not owned by a public authority,Yes,Permissioned,Full planning permission,2016-05-06,,,4.0,"Re-design of existing shopfront, two storey rear extension, second storey rear extension and change of use from offices to form 11 residential flats (4 units to be completed).",Re-design of existing shop front to service a single retail unit. ,,,,,,,2017-09-30,2018-11-30
http://opendatacommunities.org/id/unitary-authority/bedford,Bedford Borough Council,16/00153/MAF,,"22 Linden Road, Bedford",http://bedford-borough.maps.arcgis.com/apps/webappviewer/index.html?id=6979ef7d6dfa46199cd16490135fa791,OSGB36,504115.0,250412.0,0.23,Unknown ownership,Yes,Permissioned,Full planning permission,2016-07-15,,,13.0,"Conversion of former school boarding house, including existing dwelling, and single storey rear extension to form a total of 14 dwellings comprising 2 houses and 12 flats.  ",,,,,,,,2017-09-30,2017-09-30
http://opendatacommunities.org/id/unitary-authority/bedford,Bedford Borough Council,16/00515/FUL,,"30 to 32 Bromham Road, Bedford",http://bedford-borough.maps.arcgis.com/apps/webappviewer/index.html?id=6979ef7d6dfa46199cd16490135fa791,OSGB36,504618.0,250041.0,0.17,Unknown ownership,Yes,Permissioned,Full planning permission,2016-06-20,,,9.0,Conversion of internal areas into 9 residential apartments.  ,,,,,,,,2017-09-30,2017-09-30
http://opendatacommunities.org/id/unitary-authority/bedford,Bedford Borough Council,16/01397/FUL,,"The Old Maltings, Bedford Road, Milton Ernest",http://bedford-borough.maps.arcgis.com/apps/webappviewer/index.html?id=6979ef7d6dfa46199cd16490135fa791,OSGB36,501958.0,255943.0,0.09,Not owned by a public authority,Yes,Permissioned,Full planning permission,2017-03-09,,,6.0,Demolition of existing building and erection of 6 residential units.,,,,,,,,2017-09-30,2017-09-30
http://opendatacommunities.org/id/unitary-authority/bedford,Bedford Borough Council,16/01520/MAF,,"Former Putnoe Lower School, Overdale, Bedford",http://bedford-borough.maps.arcgis.com/apps/webappviewer/index.html?id=6979ef7d6dfa46199cd16490135fa791,OSGB36,50709.0,25127.0,0.95,Not owned by a public authority,Yes,Permissioned,Full planning permission,2017-03-24,,,88.0,Erection of 54 assisted living and 34 retirement living apartments and associated communal facilities.,,,,,,,,2017-09-30,2017-09-30
http://opendatacommunities.org/id/unitary-authority/bedford,Bedford Borough Council,16/01780/MAF,,"Endleigh House Nurses Home, Endsleigh Road, Bedford",http://bedford-borough.maps.arcgis.com/apps/webappviewer/index.html?id=6979ef7d6dfa46199cd16490135fa791,OSGB36,504623.0,248790.0,0.07,Not owned by a public authority,Yes,Permissioned,Full planning permission,2017-05-24,,,60.0,Change of use from House of Multiple Occupation (C3) to residential (C3) to create 60 flats. ,Ground floor gym. ,,,,,,,2017-09-30,2017-09-30
http://opendatacommunities.org/id/unitary-authority/bedford,Bedford Borough Council,16/01854/MAF,,"The Queen's Head, 38 Kempston Road, Bedford",http://bedford-borough.maps.arcgis.com/apps/webappviewer/index.html?id=6979ef7d6dfa46199cd16490135fa791,OSGB36,504402.0,248780.0,0.05,Not owned by a public authority,Yes,Permissioned,Full planning permission,2017-01-11,,,12.0,Demolition of existing public house and erection of 12 apartments. ,,,,,,,,2017-09-30,2017-09-30
http://opendatacommunities.org/id/unitary-authority/bedford,Bedford Borough Council,16/02266/MAF,,"81 Kimbolton Road, Bedford",http://bedford-borough.maps.arcgis.com/apps/webappviewer/index.html?id=6979ef7d6dfa46199cd16490135fa791,OSGB36,505847.0,251075.0,0.16,Not owned by a public authority,Yes,Permissioned,Full planning permission,2017-02-09,,,14.0,Change of use from leisure (D2) to residential (C3) comprising 14 flats. ,,,,,,,,2017-09-30,2017-09-30
http://opendatacommunities.org/id/unitary-authority/bedford,Bedford Borough Council,16/02280/MAF,,"2 Dane Street, Bedford",http://bedford-borough.maps.arcgis.com/apps/webappviewer/index.html?id=6979ef7d6dfa46199cd16490135fa791,OSGB36,504853.0,249943.0,0.05,Not owned by a public authority,Yes,Permissioned,Full planning permission,2016-12-22,,,21.0,Change of use of first and second floor to residential flats and proposed third floor extension to provide 21 flats.  ,,,,,,,,2017-09-30,2017-09-30
http://opendatacommunities.org/id/unitary-authority/bedford,Bedford Borough Council,16/02427/FUL,,"Land adj to 28 and 30 West End, Elstow",http://bedford-borough.maps.arcgis.com/apps/webappviewer/index.html?id=6979ef7d6dfa46199cd16490135fa791,OSGB36,504770.0,247493.0,0.21,Not owned by a public authority,Yes,Permissioned,Full planning permission,2016-11-09,,,6.0,"Demolition of existing barn and erection of 6 dwellings, garaging and associated works. ",,,,,,,,2017-09-30,2017-09-30
http://opendatacommunities.org/id/unitary-authority/bedford,Bedford Borough Council,16/02497/FUL,,"Garages to the rear of 140 Brickhill Drive, Bedford",http://bedford-borough.maps.arcgis.com/apps/webappviewer/index.html?id=6979ef7d6dfa46199cd16490135fa791,OSGB36,504834.0,251582.0,0.14,Not owned by a public authority,Yes,Permissioned,Full planning permission,2016-12-08,,,11.0,Construction of 11x 1 bedroom supported flats with staff office and bedsit.,,,,,,,,2017-09-30,2018-11-30
http://opendatacommunities.org/id/unitary-authority/bedford,Bedford Borough Council,16/02525/FUL,,"101 Warwick Avenue, Bedford",http://bedford-borough.maps.arcgis.com/apps/webappviewer/index.html?id=6979ef7d6dfa46199cd16490135fa791,OSGB36,504085.0,250614.0,0.05,Not owned by a public authority,Yes,Permissioned,Full planning permission,2016-12-08,,,8.0,Conversion of existing building and erection of two storey and single storey rear/side extension to create a total of 9 residential flats.  ,,,,,,,,2017-09-30,2017-09-30
http://opendatacommunities.org/id/unitary-authority/bedford,Bedford Borough Council,17/00183/MAF,,"15 Shakespeare Road, Bedford",http://bedford-borough.maps.arcgis.com/apps/webappviewer/index.html?id=6979ef7d6dfa46199cd16490135fa791,OSGB36,504101.0,250280.0,0.13,Not owned by a public authority,Yes,Permissioned,Full planning permission,2017-04-21,,,13.0,"Conversion and change of use from HM0 (C4) to residential (C3), demolition of bungalow and garage and erection of rear extension and coach house to form 13 apartments.   ",,,,,,,Proposal includes demolition of 1 existing dwelling.  ,2017-09-30,2018-11-30
http://opendatacommunities.org/id/unitary-authority/bedford,Bedford Borough Council,17/00345/CPNO,,"8 to 10 Howard Street, Bedford",http://bedford-borough.maps.arcgis.com/apps/webappviewer/index.html?id=6979ef7d6dfa46199cd16490135fa791,OSGB36,505085.0,249946.0,0.08,Unknown ownership,Yes,Permissioned,Planning permission granted under an order,2017-03-30,,,6.0,CoU from offices (B1) to dwellinghouses (C3). ,,,,,,,"Prior Notification submitted for change of use, however approval was not required as confirmed on 30/03/17.  This is not a planning application because it relates to development that is already permitted by Government Regulation.  ",2017-09-30,2018-11-30
http://opendatacommunities.org/id/unitary-authority/bedford,Bedford Borough Council,17/00664/CPNO,,"45 Harpur Street, Bedford",http://bedford-borough.maps.arcgis.com/apps/webappviewer/index.html?id=6979ef7d6dfa46199cd16490135fa791,OSGB36,504943.0,250003.0,0.19,Unknown ownership,Yes,Permissioned,Planning permission granted under an order,2017-04-27,,,23.0,CoU from offices (B1) to dwelling houses (C3).  ,,,,,,,Prior Approval 16/00156/CPNO was granted 17/03/16 for 21 flats.  A further Prior Approval 17/00664/CPNO was granted 27/04/17 which revises the first floor design and layout of 16/00156/CPNO to add an additional two flats.  This is not a planning application because it relates to development that is already permitted by Government Regulation. ,2017-09-30,2018-11-30
http://opendatacommunities.org/id/unitary-authority/bedford,Bedford Borough Council,17/01122/CPNO,,"3 St Peters Street, Bedford",http://bedford-borough.maps.arcgis.com/apps/webappviewer/index.html?id=6979ef7d6dfa46199cd16490135fa791,OSGB36,505064.0,250026.0,0.03,Unknown ownership,Yes,Permissioned,Planning permission granted under an order,2017-06-06,,,6.0,Change of use from offices (B1) to dwellinghouses (C3).  ,,,,,,,Prior Approval granted 06/06/17.  This is not a planning application because it relates to development that is already permitted by Government Regulation. ,2017-09-30,2018-11-30
http://opendatacommunities.org/id/unitary-authority/bedford,Bedford Borough Council,17/01131/FUL,,"2 Linden Road, Bedford",http://bedford-borough.maps.arcgis.com/apps/webappviewer/index.html?id=6979ef7d6dfa46199cd16490135fa791,,504168.0,250199.0,0.07,not owned by a public authority,Yes,Permissioned,Full planning permission,2017-07-05,,,9.0,Change of use from residential institution (C2) to 9 self contained apartments including single storey side and rear extension.  ,,,,,,,,2018-11-30,2018-11-30
http://opendatacommunities.org/id/unitary-authority/bedford,Bedford Borough Council,17/01533/FUL,,"6 Lansdowne Road, Bedford",http://bedford-borough.maps.arcgis.com/apps/webappviewer/index.html?id=6979ef7d6dfa46199cd16490135fa791,OSGB36,504414.0,250193.0,0.05,not owned by a public authority,Yes,Permissioned,Full planning permission,2017-07-25,,,6.0,Change of use from medical practice (D1) to 7 residential flats (C3) (6 units to be completed). ,,,,,,,,2018-11-30,2018-11-30
http://opendatacommunities.org/id/unitary-authority/bedford,Bedford Borough Council,17/01534/FUL,,"Former Stables at Park Farm, Green Lane, Clapham",http://bedford-borough.maps.arcgis.com/apps/webappviewer/index.html?id=6979ef7d6dfa46199cd16490135fa791,OSGB36,503690.0,252882.0,0.21,not owned by a public authority,Yes,Permissioned,Full planning permission,2018-01-10,,,5.0,Conversion of stable building to form five retirement dwellings.  ,,,,,,,,2018-11-30,2018-11-30
http://opendatacommunities.org/id/unitary-authority/bedford,Bedford Borough Council,17/01566/CPNO,,"Alexandre House, 2-4 Mill Street, Bedford",http://bedford-borough.maps.arcgis.com/apps/webappviewer/index.html?id=6979ef7d6dfa46199cd16490135fa791,OSGB36,505056.0,249857.0,0.03,unknown,Yes,Permissioned,Planning permission granted under an order,2017-07-14,,,12.0,Change of use from offices (B1) to residential (C3).  ,,,,,,,Prior Approval granted  14/07/17.  This is not a planning application because it relates to development that is already permitted by Government Regulation. ,2018-11-30,2018-11-30
http://opendatacommunities.org/id/unitary-authority/bedford,Bedford Borough Council,17/01600/MAF,,"Palace Chambers, Silver Street, Bedford",http://bedford-borough.maps.arcgis.com/apps/webappviewer/index.html?id=6979ef7d6dfa46199cd16490135fa791,OSGB36,505006.0,249869.0,0.04,Not owned by a public authority,Yes,Permissioned,Full plannng permission,2017-09-01,,,13.0,"Conversion of vacant floorspace on the second, third and fourth floors and an extension at fourth floor level to create 13 flats.  ",,,,,,,,2017-09-30,2017-09-30
http://opendatacommunities.org/id/unitary-authority/bedford,Bedford Borough Council,17/01675/MAO,,"5 to 7 Priory Street, Bedford",http://bedford-borough.maps.arcgis.com/apps/webappviewer/index.html?id=6979ef7d6dfa46199cd16490135fa791,OSGB36,504625.0,249761.0,0.04,Not owned by a public authority,Yes,Permissioned,Outline planning permission,2017-09-05,,,11.0,Erection of 11 self contained residential dwellings. ,,,,,,,,2017-09-30,2017-09-30
http://opendatacommunities.org/id/unitary-authority/bedford,Bedford Borough Council,17/01831/FUL,,"The Phoenix, 45 St Johns Street, Bedford",http://bedford-borough.maps.arcgis.com/apps/webappviewer/index.html?id=6979ef7d6dfa46199cd16490135fa791,OSGB36,505145.0,249156.0,0.05,Not owned by a public authoritity. ,Yes,Permissioned,Full planning permission,2017-09-21,,,8.0,Change of use and extension of public house to form 8 additional flats and other associated works. ,,,,,,,,2017-09-30,2017-09-30
http://opendatacommunities.org/id/unitary-authority/bedford,Bedford Borough Council,17/01974/FUL,,"45 Conduit Road, Bedford",http://bedford-borough.maps.arcgis.com/apps/webappviewer/index.html?id=6979ef7d6dfa46199cd16490135fa791,OSGB36,504370.0,250039.0,0.03,not owned by a public authority,Yes,Permissioned,Full planning permission,2018-01-30,,,5.0,Conversion of dwelling to form 6 one bedroom flats.  ,,,,,,,,2018-11-30,2018-11-30
http://opendatacommunities.org/id/unitary-authority/bedford,Bedford Borough Council,17/02000/FUL,,"5 Ashburnham Road, Bedford",http://bedford-borough.maps.arcgis.com/apps/webappviewer/index.html?id=6979ef7d6dfa46199cd16490135fa791,OSGB36,504327.0,249656.0,0.05,not owned by a public authority,Yes,Permissioned,Full planning permission,2017-11-01,,,6.0,Erection of block of 6 flats.  ,,,,,,,,2018-11-30,2018-11-30
http://opendatacommunities.org/id/unitary-authority/bedford,Bedford Borough Council,17/02094/MAR,,"24 Lovell Road, Oakley",http://bedford-borough.maps.arcgis.com/apps/webappviewer/index.html?id=6979ef7d6dfa46199cd16490135fa791,OSGB36,501669.0,253086.0,0.73,not owned by a public authority,Yes,Permissioned,Full planning permission,2018-02-05,,,15.0,Reserved matters for demolition of existing buildings and erection of replacement office building and 15 dwellings pursuant to outline permission 14/01288/MAO. ,office building.,,,,,,Proposal includes demolition of 1 existing dwelling.  ,2018-11-30,2018-11-30
http://opendatacommunities.org/id/unitary-authority/bedford,Bedford Borough Council,17/02151/MAF,,"32-34 Kimbolton Road, Bedford",http://bedford-borough.maps.arcgis.com/apps/webappviewer/index.html?id=6979ef7d6dfa46199cd16490135fa791,OSGB36,505361.0,250328.0,0.04,not owned by a public authority,Yes,Permissioned,Full planning permission,2017-10-23,,,11.0,Change of use and conversion of hospital staff accommodation to create 11 apartments. ,,,,,,,,2018-11-30,2018-11-30
http://opendatacommunities.org/id/unitary-authority/bedford,Bedford Borough Council,17/02167/CPNO,,"Harpur House, 62 Harpur Street, Bedford",http://bedford-borough.maps.arcgis.com/apps/webappviewer/index.html?id=6979ef7d6dfa46199cd16490135fa791,OSGB36,504880.0,250154.0,0.03,Unknown ownership,Yes,Permissioned,Planning permission granted under an order,2017-09-20,,,10.0,Change of use from offices (B1) to dwellings (C3).  ,,,,,,,"Prior Notification submitted for change of use, however approval was not required as confirmed on 20/09/17.  This is not a planning application because it relates to development that is already permitted by Government Regulation.  ",2017-09-30,2018-11-30
http://opendatacommunities.org/id/unitary-authority/bedford,Bedford Borough Council,17/02189/CPNO,,"24 St Cuthberts Street, Bedford",http://bedford-borough.maps.arcgis.com/apps/webappviewer/index.html?id=6979ef7d6dfa46199cd16490135fa791,OSGB36,505264.0,250033.0,0.02,Unknown ownership,Yes,Permissioned,Planning permission granted under an order,2017-09-29,,,6.0,Change of use from offices (B1) to dwellings (C3). ,,,,,,,Prior Approval granted 29/09/17.  This is not a planning application because it relates to development that is already permitted by Government Regulation. ,2017-09-30,2018-11-30
http://opendatacommunities.org/id/unitary-authority/bedford,Bedford Borough Council,17/02280/MAF,,"9 Church Arcade and 2 Dane Street, Bedford",http://bedford-borough.maps.arcgis.com/apps/webappviewer/index.html?id=6979ef7d6dfa46199cd16490135fa791,OSGB36,504856.0,249938.0,0.08,not owned by a public authority,Yes,Permissioned,Full planning permission,2017-11-06,,,12.0,Conversion of office/retail space to residential,,,,,,,,2018-11-30,2018-11-30
http://opendatacommunities.org/id/unitary-authority/bedford,Bedford Borough Council,17/02546/CPNO,,"21-23 and No. 27 Mill Street, Bedford",http://bedford-borough.maps.arcgis.com/apps/webappviewer/index.html?id=6979ef7d6dfa46199cd16490135fa791,OSGB36,505117.0,249825.0,0.06,unknown,Yes,Permissioned,Planning permission granted under an order,2017-10-24,,,30.0,Change of use from offices (B1) to residential (C3).  ,,,,,,,Prior Approval granted  24/10/17.  This is not a planning application because it relates to development that is already permitted by Government Regulation. ,2018-11-30,2018-11-30
http://opendatacommunities.org/id/unitary-authority/bedford,Bedford Borough Council,17/02607/FUL,,"4 Lansdowne Road, Bedford",http://bedford-borough.maps.arcgis.com/apps/webappviewer/index.html?id=6979ef7d6dfa46199cd16490135fa791,OSGB36,504425.0,250194.0,0.04,not owned by a public authority,Yes,Permissioned,Full planning permission,2018-01-18,,,6.0,Change of use to create 6 residential flats.  ,,,,,,,,2018-11-30,2018-11-30
http://opendatacommunities.org/id/unitary-authority/bedford,Bedford Borough Council,17/02829/CPNO,,"13 The Crescent, Bedford",http://bedford-borough.maps.arcgis.com/apps/webappviewer/index.html?id=6979ef7d6dfa46199cd16490135fa791,OSGB36,504637.0,250230.0,0.04,not owned by a public authority,Yes,Permissioned,Full planning permission,2018-02-13,,,12.0,Change of use from D1 to residential use to create 12 apartments and the erecton of balconies.  ,,,,,,,,2018-11-30,2018-11-30
http://opendatacommunities.org/id/unitary-authority/bedford,Bedford Borough Council,17/02830/CPNO,,"Charter House, 59-61 Bromham Road, Bedford",http://bedford-borough.maps.arcgis.com/apps/webappviewer/index.html?id=6979ef7d6dfa46199cd16490135fa791,OSGB36,504282.0,250149.0,0.17,unknown,Yes,Permissioned,Planning permission granted under an order,2017-11-30,,,22.0,Change of use from offices (B1) to residential (C3). ,,,,,,,Prior Approval granted  30/11/17.  This is not a planning application because it relates to development that is already permitted by Government Regulation. ,2018-11-30,2018-11-30
http://opendatacommunities.org/id/unitary-authority/bedford,Bedford Borough Council,17/03030/M73,,"Melbourne House, 3 Kingsway, Bedford",http://bedford-borough.maps.arcgis.com/apps/webappviewer/index.html?id=6979ef7d6dfa46199cd16490135fa791,OSGB36,504965.0,249201.0,0.17,Not owned by a public authority,Yes,Permissioned,Full planning permission,2018-03-19,,,128.0,Change of use from offices to residential and new residential development to provide 128 dwellings. ,Parking and a coffee shop/caf√© fronting onto the junction.  ,,,,,,Planning application 12/01039/MAF granted approval for 90 residential units and was subsequently amended (15/02985/M73) to provide an additional 29 apartments.  Further amendments (17/03030/M73) increased the number of units to 128. ,2017-09-30,2018-11-30
http://opendatacommunities.org/id/unitary-authority/bedford,Bedford Borough Council,17/03382/CPNO,,"22 Mill Street, Bedford",http://bedford-borough.maps.arcgis.com/apps/webappviewer/index.html?id=6979ef7d6dfa46199cd16490135fa791,OSGB36,505127.0,249867.0,0.02,unknown,Yes,Permissioned,Planning permission granted under an order,2018-01-18,,,12.0,Change of use from offices (B1) to residential (C3).  ,,,,,,,Prior Approval granted  18/01/18.  This is not a planning application because it relates to development that is already permitted by Government Regulation. ,2018-11-30,2018-11-30
,,SHLAA Sites,,,,,,,,,,,,,,,,,,,,,,,,,
http://opendatacommunities.org/id/unitary-authority/bedford,Bedford Borough Council,SHLAA 524,,"Land off Bedesman Lane/Duckmill Lane, Bedford",http://bedford-borough.maps.arcgis.com/apps/webappviewer/index.html?id=6979ef7d6dfa46199cd16490135fa791,OSGB36,505156.0,249472.0,0.14,Not owned by a public authority,Yes,Not permissioned,,,,,20.0,Residential development of approximately 20 dwellings. ,,,,,,,*These proposals have been put forward by land owners and developers so that the Council can consider them for inclusion in the Local Plan 2030.  Not all the submitted sites or proposals put forward will be allocated for development.  This site is proposed for allocation in the Local Plan 2030.  ,2017-09-30,2017-09-30
http://opendatacommunities.org/id/unitary-authority/bedford,Bedford Borough Council,SHLAA 569,,"Stewartby West, Stewartby Brickworks, Green Lane, Stewartby",http://bedford-borough.maps.arcgis.com/apps/webappviewer/index.html?id=6979ef7d6dfa46199cd16490135fa791,OSGB36,501531.0,242711.0,26.26,Not owned by a public authority,No,Not permissioned,,,,,500.0,Strategic housing site including local facilities.*,"Local retail, educational facilities and community uses.* ",,,,,,Delivery of the site is likely to commence beyond 2023.  Delivery of the site may continue beyond 2030.  *These proposals have been put forward by land owners and developers so that the Council can consider them for inclusion in the Local Plan 2030.  Not all the submitted sites or proposals put forward will be allocated for development.  This site is proposed for allocation in the Local Plan 2030.  ,2017-09-30,2017-09-30
http://opendatacommunities.org/id/unitary-authority/bedford,Bedford Borough Council,SHLAA 570,,"Stewartby East, Stewartby Brickworks, Green Lane, Stewartby",http://bedford-borough.maps.arcgis.com/apps/webappviewer/index.html?id=6979ef7d6dfa46199cd16490135fa791,OSGB36,501837.0,242662.0,28.09,Not owned by a public authority,No,Not permissioned,,,,,500.0,Strategic housing site including local facilities.*,"Local retail, educational facilities and community uses.* ",,,,,,Delivery of the site is likely to commence beyond 2023.  Delivery of the site may continue beyond 2030.  *These proposals have been put forward by land owners and developers so that the Council can consider them for inclusion in the Local Plan 2030.  Not all the submitted sites or proposals put forward will be allocated for development.  This site is proposed for allocation in the Local Plan 2030.  ,2017-09-30,2017-09-30
http://opendatacommunities.org/id/unitary-authority/bedford,Bedford Borough Council,SHLAA 593,,"268 to 308 Ampthill Road, Bedford",http://bedford-borough.maps.arcgis.com/apps/webappviewer/index.html?id=6979ef7d6dfa46199cd16490135fa791,OSGB36,504549.0,247697.0,1.03,Not owned by a public authority,Yes,Not permissioned,,,,,35.0,Redevelopment of an employment site.*,,,,,,,*These proposals have been put forward by land owners and developers so that the Council can consider them for inclusion in the Local Plan 2030.  Not all the submitted sites or proposals put forward will be allocated for development.  This site is proposed for allocation in the Local Plan 2030.  ,2017-09-30,2017-09-30
,,One Public Estate Sites,,,,,,,,,,,,,,,,,,,,,,,,,
http://opendatacommunities.org/id/unitary-authority/bedford,Bedford Borough Council,Borough Hall ,,"Borough Hall, Bedford",http://bedford-borough.maps.arcgis.com/apps/webappviewer/index.html?id=6979ef7d6dfa46199cd16490135fa791,OSGB36,504751.0,249288.0,3.87,,No,Not permissioned,,,,,225.0,Redevelopment of offices to provide residential units.  ,Car park. ,,,,,,Delivery of the site is likely to commence beyond 2023. This site is proposed for allocation in the Local Plan 2030. ,2017-09-30,2018-11-30
http://opendatacommunities.org/id/unitary-authority/bedford,Bedford Borough Council,Ford End Road,,"Ford End Road excluding Brewery, Bedford",http://bedford-borough.maps.arcgis.com/apps/webappviewer/index.html?id=6979ef7d6dfa46199cd16490135fa791,OSGB36,504044.0,249126.0,24.41,,Yes,Not permissioned,,,,,700.0,Redevelopment to provide residential units and other uses. ,"Local retail, education and open space.  ",,,,,,This site is proposed for allocation in the Local Plan 2030. ,2017-09-30,2018-11-30
http://opendatacommunities.org/id/unitary-authority/bedford,Bedford Borough Council,Greyfriars ,,"Greyfriars, Bedford",http://bedford-borough.maps.arcgis.com/apps/webappviewer/index.html?id=6979ef7d6dfa46199cd16490135fa791,OSGB36,504604.0,249852.0,1.76,,Yes,Not permissioned,,,,,200.0,Redevelopment of former Police Station and other land to provide residential units.  ,Redevelopment to provide residential and retail.  ,,,,,,This site is proposed for allocation in the Local Plan 2030. ,2017-09-30,2018-11-30
http://opendatacommunities.org/id/unitary-authority/bedford,Bedford Borough Council,South River ,,"South of the river excluding Danfoss, Bedford",http://bedford-borough.maps.arcgis.com/apps/webappviewer/index.html?id=6979ef7d6dfa46199cd16490135fa791,OSGB36,504994.0,249047.0,17.26,,Yes,Not permissioned,,,,,913.0,Redevelopment to provide residential units and other uses.  ,"Mixed use development comprising residential, retail, business, education and community use.  ",,,,,,Delivery of the site may continue beyond 2033. This site is proposed for allocation in the Local Plan 2030. ,2017-09-30,2018-11-30
http://opendatacommunities.org/id/unitary-authority/bedford,Bedford Borough Council,Station ,,"The Station area, Bedford",http://bedford-borough.maps.arcgis.com/apps/webappviewer/index.html?id=6979ef7d6dfa46199cd16490135fa791,OSGB36,504201.0,249744.0,5.35,,No,Not permissioned,,,,,150.0,Redevelopment of station car park to provide residential units and other uses. ,Mixed use development. ,,,,,,Delivery of the site may continue beyond 2033. This site is proposed for allocation in the Local Plan 2030. ,2017-09-30,2018-11-30
