OrganisationURI,OrganisationLabel,SiteReference,PreviouslyPartOf,SiteNameAddress,SiteplanURL,CoordinateReferenceSystem,Easting,Northing,Hectares,OwnershipStatus,Deliverable,PlanningStatus,PermissionType,PermissionDate,PlanningHistory,ProposedForPIP,MinNetDwellings,DevelopmentDescription,NonHousingDevelopment,Part2,NetDwellingsRangeFrom,NetDwellingsRangeTo,HazardousSubstances,SiteInformation,Notes,FirstAddedDate,LastUpdatedDate
http://opendatacommunities.org/doc/unitary-authority/reading,Reading Borough Council,BL1001,,"""Friar Street and Station Road, Reading""",https://www.reading.gov.uk/media/8109/Brownfield-Register-Maps-BL1001-1052/pdf/Brownfield_Land_Register_Maps_2019_1001_to_1052.pdf,OSGB36,471450,173640,1.0,not owned by a public authority,,not permissioned,,,,,43,"There will be active retail and leisure uses on the ground floor along Friar Street and Station Road, with a mix of uses on higher floors. Development should enhance linkages in a north-south direction to link to the Station Hill area. Listed buildings and their settings in the area will be conserved, and opportunities to improve the environment of Merchants Place will be sought.",No significant net gain of retail and leisure and offices,,43,69.0,,https://www.reading.gov.uk/media/10410/Reading-Borough-Council-Local-Plan/pdf/Local_Plan_Adopted_November_2019.pdf,Allocation CR11a in Local Plan - remainder of site unpermitted shown here,2017-12-15,2019-12-16
http://opendatacommunities.org/doc/unitary-authority/reading,Reading Borough Council,BL1002,,"""29-35 Station Road, Reading""",https://www.reading.gov.uk/media/8109/Brownfield-Register-Maps-BL1001-1052/pdf/Brownfield_Land_Register_Maps_2019_1001_to_1052.pdf,OSGB36,471489,173699,0.05,not owned by a public authority,yes,permissioned,full planning permission,2017-07-10,,,33,Change of use from offices to residential under prior approval.,,,33,,,https://www.reading.gov.uk/media/10410/Reading-Borough-Council-Local-Plan/pdf/Local_Plan_Adopted_November_2019.pdf,Prior approval 170772.  Alternative permission 181930 now in place for redevelopment for hotel.  Forms part of allocation in Local Plan (ref CR11a),2017-12-15,2019-12-16
http://opendatacommunities.org/doc/unitary-authority/reading,Reading Borough Council,BL1004,,"""30-31 Friar Street, Reading""",https://www.reading.gov.uk/media/8109/Brownfield-Register-Maps-BL1001-1052/pdf/Brownfield_Land_Register_Maps_2019_1001_to_1052.pdf,OSGB36,471424,173604,0.08,not owned by a public authority,,not permissioned,,,,,25,Change of use of upper floors from offices to 25 flats.,,,25,,,,Prior approval 150829 expired July 2018. Forms part of allocation in Local Plan (ref CR11a),2017-12-15,2019-12-16
http://opendatacommunities.org/doc/unitary-authority/reading,Reading Borough Council,BL1005,,"""35-38 Friar Street, Reading""",https://www.reading.gov.uk/media/8109/Brownfield-Register-Maps-BL1001-1052/pdf/Brownfield_Land_Register_Maps_2019_1001_to_1052.pdf,OSGB36,471395,173603,0.1,not owned by a public authority,,not permissioned,,,,,25,Change of use of 1st to 3rd floor from offices to 25 flats,,,25,,,,Prior approval 160232 expired April 2019. Forms part of allocation in Local Plan (ref CR11a),2017-12-15,2019-12-16
http://opendatacommunities.org/doc/unitary-authority/reading,Reading Borough Council,BL1006,,"""52-55 Friar Street and 12 Greyfriars Road, Reading""",https://www.reading.gov.uk/media/8109/Brownfield-Register-Maps-BL1001-1052/pdf/Brownfield_Land_Register_Maps_2019_1001_to_1052.pdf,OSGB36,471289,173617,0.26,not owned by a public authority,,permissioned,full planning permission,2018-03-20,,,135,"Demolition of existing building and structures (Class A1) and erection of 3 new buildings ranging between 6 - 12 (and basement) storeys in height to provide 135 (1xstudio, 54x1, 73x2 & 7x3-bed) residential units (Class C3), a flexible Class A1-A5 use at ground floor level fronting onto Friar St, a flexible Class A1-5, B1(a) or D2 (gym only) use at ground floor level fronting onto Greyfriars Rd, with associated access, parking, servicing, landscaping and engineering works.",Retail and related uses - 660 sq m (net loss of retail floorspace).,,135,,,,Full permission 162210.  Forms part of allocation in Local Plan (ref CR11b),2017-12-15,2019-12-16
http://opendatacommunities.org/doc/unitary-authority/reading,Reading Borough Council,BL1007,,"""Station Hill, Reading""",https://www.reading.gov.uk/media/8109/Brownfield-Register-Maps-BL1001-1052/pdf/Brownfield_Land_Register_Maps_2019_1001_to_1052.pdf,OSGB36,471102,173742,2.87,not owned by a public authority,yes,permissioned,outline planning permission,2019-12-06,,,380,"Redevelopment of site for offices, town centre uses including retail, leisure and residential, infrastructure, public realm works.","Offices, retail, leisure, infrastructure",,380,570.0,,https://www.reading.gov.uk/media/10410/Reading-Borough-Council-Local-Plan/pdf/Local_Plan_Adopted_November_2019.pdf,"Outline permissions 190441 and 190442 cover the site, and would result in up to 538 dwellings.  Reserved matters for parts of site under consideration.  Some demolition complete, much of remainder underway.  Forms allocation in Local Plan (ref CR11c), and dwelling range in this entry derived from draft policy rather than permission, which is a maximum.",2017-12-15,2019-12-16
http://opendatacommunities.org/doc/unitary-authority/reading,Reading Borough Council,BL1008,,"""1-3 Greyfriars Road, Reading""",https://www.reading.gov.uk/media/8109/Brownfield-Register-Maps-BL1001-1052/pdf/Brownfield_Land_Register_Maps_2019_1001_to_1052.pdf,OSGB36,471240,173630,0.03,not owned by a public authority,,not permissioned,,,,,8,Change of use or redevelopment of offices to residential,,,8,,,,"Application for development of 12 dwellings refused (070944), but a reduced scheme may be suitable",2017-12-15,2019-12-16
http://opendatacommunities.org/doc/unitary-authority/reading,Reading Borough Council,BL1009,,"""Greyfriars House, 30 Greyfriars Road, Reading""",https://www.reading.gov.uk/media/8109/Brownfield-Register-Maps-BL1001-1052/pdf/Brownfield_Land_Register_Maps_2019_1001_to_1052.pdf,OSGB36,471265,173655,0.12,not owned by a public authority,,permissioned,full planning permission,2017-04-05,,,43,"Change of use from Class B1(a) (offices) to C3 (dwelling houses) to comprise of 43 apartments comprising 23 one bed flats, 19 two bed flats and a single three bed flat.",,,43,,,https://www.reading.gov.uk/media/10410/Reading-Borough-Council-Local-Plan/pdf/Local_Plan_Adopted_November_2019.pdf,Prior approval 170229.  Forms part of allocation in Local Plan (ref CR11b).,2017-12-15,2019-12-16
http://opendatacommunities.org/doc/unitary-authority/reading,Reading Borough Council,BL1011,,"""Brunel Arcade and Apex Plaza, Forbury Road, Reading""",https://www.reading.gov.uk/media/8109/Brownfield-Register-Maps-BL1001-1052/pdf/Brownfield_Land_Register_Maps_2019_1001_to_1052.pdf,OSGB36,471600,173750,1.51,mixed ownership,,not permissioned,,,,,250,"This area will be developed for a mix of uses at high density, including residential and/or offices. Retail and/or leisure uses will activate the ground floor facing the southern station square.","3,000-5,000 sq m net gain of offices, 1,000-2,000 sq m net gain of retail and leisure",,250,380.0,,https://www.reading.gov.uk/media/10410/Reading-Borough-Council-Local-Plan/pdf/Local_Plan_Adopted_November_2019.pdf,Allocation CR11d in Local Plan,2017-12-15,2019-12-16
http://opendatacommunities.org/doc/unitary-authority/reading,Reading Borough Council,BL1012,,"""3-10 Market Place, Abbey Hall and Abbey Square, Reading""",https://www.reading.gov.uk/media/8109/Brownfield-Register-Maps-BL1001-1052/pdf/Brownfield_Land_Register_Maps_2019_1001_to_1052.pdf,OSGB36,471740,173460,0.29,not owned by a public authority,,not permissioned,,,,,46,"Development for retail and related uses on ground floor with residential and/or offices on upper floors, designed to enhance contribution of site to Conservation Area.",Ground floor town centre uses,,46,70.0,,https://www.reading.gov.uk/media/10410/Reading-Borough-Council-Local-Plan/pdf/Local_Plan_Adopted_November_2019.pdf,Allocation CR14e in Local Plan,2017-12-15,2018-12-16
http://opendatacommunities.org/doc/unitary-authority/reading,Reading Borough Council,BL1013,,"""Jackson's Corner, 1-5 Kings Road, Reading""",https://www.reading.gov.uk/media/8109/Brownfield-Register-Maps-BL1001-1052/pdf/Brownfield_Land_Register_Maps_2019_1001_to_1052.pdf,OSGB36,471749,173406,0.1,not owned by a public authority,yes,permissioned,full planning permission,2017-03-10,,,33,Retention/enlargement of commercial and conversion of upper floors to 18 residential units. Demolition of commercial to rear and construction of 15 dwellings.,Retention of retail floorspace at ground floor,,33,,,,"Planning permission 160849, now underway.  See also permission 141713 for alternative scheme for 28 dwellings.",2017-12-15,2019-12-16
http://opendatacommunities.org/doc/unitary-authority/reading,Reading Borough Council,BL1014,,"""1-5 King Street, Reading""",https://www.reading.gov.uk/media/8109/Brownfield-Register-Maps-BL1001-1052/pdf/Brownfield_Land_Register_Maps_2019_1001_to_1052.pdf,OSGB36,471696,173414,0.08,not owned by a public authority,,not permissioned,,,,,16,Change of use of listed building to ground floor town centre uses and residential on upper floors,Ground floor town centre uses,,16,24.0,,https://www.reading.gov.uk/media/10410/Reading-Borough-Council-Local-Plan/pdf/Local_Plan_Adopted_November_2019.pdf,Allocation CR14f in Local Plan.  Alternative permission 181566 for change of use to offices.,2017-12-15,2019-12-16
http://opendatacommunities.org/doc/unitary-authority/reading,Reading Borough Council,BL1015,,"""Bristol and West Arcade, 173-175 Friar Street and 27-32 Market Place, Reading""",https://www.reading.gov.uk/media/8109/Brownfield-Register-Maps-BL1001-1052/pdf/Brownfield_Land_Register_Maps_2019_1001_to_1052.pdf,OSGB36,471645,173522,0.18,not owned by a public authority,yes,permissioned,full planning permission,2019-01-09,,,43,"Change of use of listed buildings and development of remainder for residential, office and retail.","7 new retail units, 1 public house, 4,208 sq m of offices",,43,,,https://www.reading.gov.uk/media/10410/Reading-Borough-Council-Local-Plan/pdf/Local_Plan_Adopted_November_2019.pdf,Allocation CR14d in Local Plan.  Permission 180358.,2017-12-15,2019-12-16
http://opendatacommunities.org/doc/unitary-authority/reading,Reading Borough Council,BL1016,,"""160-163 Friar Street, Reading""",https://www.reading.gov.uk/media/8109/Brownfield-Register-Maps-BL1001-1052/pdf/Brownfield_Land_Register_Maps_2019_1001_to_1052.pdf,OSGB36,471600,173544,0.06,not owned by a public authority,,not permissioned,,,,,28,Change of use from offices to 28 flats.,,,28,,,,Prior approval 160212 expired April 2019,2017-12-15,2019-12-16
http://opendatacommunities.org/doc/unitary-authority/reading,Reading Borough Council,BL1017,,"""149-150 Friar Street and 2-4 Queen Victoria Street, Reading""",https://www.reading.gov.uk/media/8109/Brownfield-Register-Maps-BL1001-1052/pdf/Brownfield_Land_Register_Maps_2019_1001_to_1052.pdf,OSGB36,471505,173570,0.02,not owned by a public authority,yes,permissioned,full planning permission,2017-04-28,,,7,"Proposed conversion of vacant office accommodation at first, second and third floor levels to create 7 x 2 bed residential units with part of ground floor and basement for ancillary storage space.",,,7,,,,"Permission 170210, under construction at April 2019",2017-12-15,2019-12-16
http://opendatacommunities.org/doc/unitary-authority/reading,Reading Borough Council,BL1019,,"""38-40 Oxford Road and 3-7 Cheapside, Reading""",https://www.reading.gov.uk/media/8109/Brownfield-Register-Maps-BL1001-1052/pdf/Brownfield_Land_Register_Maps_2019_1001_to_1052.pdf,OSGB36,471260,173470,0.3,not owned by a public authority,,not permissioned,,,,,8,Proposed refurbishment and change of use - Floors 1-3 inclusive change of use of office accommodation to 8 flats and refurbishment of existing first floor flat.,,,8,,,,Previous permission for change of use to 8 dwellings (091455) now expired.,2017-12-15,2019-12-16
http://opendatacommunities.org/doc/unitary-authority/reading,Reading Borough Council,BL1020,,"""North of the Station, Vastern Road, Reading""",https://www.reading.gov.uk/media/8109/Brownfield-Register-Maps-BL1001-1052/pdf/Brownfield_Land_Register_Maps_2019_1001_to_1052.pdf,OSGB36,471400,174000,6.71,not owned by a public authority,,not permissioned,,,,,640,"There will be retail and leisure development on the ground floor activating the streets and spaces including the new northern station square, with other uses including residential and offices on upper floors. Retail will have good pedestrian links to, and will not have a detrimental impact on, the rest of the retail core of the centre. Public car parking will be provided.","50,000-80,000 sq m net gain of offices, 3,000-6,000 sq m net gain of retail, leisure and hotel.",,640,960.0,,https://www.reading.gov.uk/media/10410/Reading-Borough-Council-Local-Plan/pdf/Local_Plan_Adopted_November_2019.pdf,"Allocation CR11e in Local Plan. Permission 110024 was for up to 434 dwellings, retail, hotel, offices on part of site, but has now expired",2017-12-15,2019-12-16
http://opendatacommunities.org/doc/unitary-authority/reading,Reading Borough Council,BL1021,,"""West of Caversham Road, Caversham Road, Reading""",https://www.reading.gov.uk/media/8109/Brownfield-Register-Maps-BL1001-1052/pdf/Brownfield_Land_Register_Maps_2019_1001_to_1052.pdf,OSGB36,471240,174130,0.92,not owned by a public authority,,not permissioned,,,,,75,This area will be developed for residential with on-site open space.,,,75,115.0,,https://www.reading.gov.uk/media/10410/Reading-Borough-Council-Local-Plan/pdf/Local_Plan_Adopted_November_2019.pdf,Allocation CR11f in Local Plan,2017-12-15,2019-12-16
http://opendatacommunities.org/doc/unitary-authority/reading,Reading Borough Council,BL1022,,"""Riverside, Vastern Road, Reading""",https://www.reading.gov.uk/media/8109/Brownfield-Register-Maps-BL1001-1052/pdf/Brownfield_Land_Register_Maps_2019_1001_to_1052.pdf,OSGB36,471550,174130,1.24,not owned by a public authority,,not permissioned,,,,,250,"Development should continue the high quality route including a green link from the north of the station to the Christchurch Bridge, with potential for an area of open space at the riverside. The main use of the site should be residential, although some small-scale offices and leisure will also be appropriate.","1,000-2,000 sq m of leisure, no significant net gain in offices",,250,370.0,,https://www.reading.gov.uk/media/10410/Reading-Borough-Council-Local-Plan/pdf/Local_Plan_Adopted_November_2019.pdf,Allocation CR11g in Local Plan,2017-12-15,2019-12-16
http://opendatacommunities.org/doc/unitary-authority/reading,Reading Borough Council,BL1023,,"""Napier Road Junction/Former Cooper BMW, Napier Road, Reading""",https://www.reading.gov.uk/media/8109/Brownfield-Register-Maps-BL1001-1052/pdf/Brownfield_Land_Register_Maps_2019_1001_to_1052.pdf,OSGB36,471813,173864,0.49,not owned by a public authority,yes,permissioned,full planning permission,2017-11-23,,,335,"Erection of a part 13-storey, part 23 storey building comprising 335 apartments in a mix of studio, one-bedroom, two-bedroom and three- bedroom units, residents' lounges, tech-hub, dining room, and cinema room, various rooftop outdoor amenity spaces, concierge/reception with coffee meeting area, gym, residents' storage facilities, post room, ancillary back-of-house facilities, 335 secure cycle parking spaces, car parking spaces, landscaping, and associated works.",,,335,,,https://www.reading.gov.uk/media/10410/Reading-Borough-Council-Local-Plan/pdf/Local_Plan_Adopted_November_2019.pdf,Planning permission 162166 for 315 residential units under construction.  Subsequent application 190809 to extend to 335 units has resolution to grant permission subject to Section 106. Allocation CR11h in Local Plan.,2017-12-15,2019-12-16
http://opendatacommunities.org/doc/unitary-authority/reading,Reading Borough Council,BL1024,,"""Napier Court, Napier Road, Reading""",https://www.reading.gov.uk/media/8109/Brownfield-Register-Maps-BL1001-1052/pdf/Brownfield_Land_Register_Maps_2019_1001_to_1052.pdf,OSGB36,472030,173850,1.62,mixed ownership,,not permissioned,,,,,210,"This area will be developed for residential. The design must avoid detrimental effects on the adjacent Thames Valley Major Landscape Feature, and building heights should reduce from west to east across the site.",,,210,310.0,,https://www.reading.gov.uk/media/10410/Reading-Borough-Council-Local-Plan/pdf/Local_Plan_Adopted_November_2019.pdf,Allocation CR11i in Local Plan,2017-12-15,2019-12-16
http://opendatacommunities.org/doc/unitary-authority/reading,Reading Borough Council,BL1025,,"""Reading Prison, Forbury Road, Reading""",https://www.reading.gov.uk/media/8109/Brownfield-Register-Maps-BL1001-1052/pdf/Brownfield_Land_Register_Maps_2019_1001_to_1052.pdf,OSGB36,472070,173560,1.44,owned by a public authority,,not permissioned,,,,,65,"The prison building itself is of historical significance and is listed, and its historic significance will be retainedconserved and where possible enhanced. The building would be used for residential or student accommodation, commercial offices or a hotel, and could include some cultural or heritage element or related retail and leisure that draws on its significance. The site is part of a scheduled ancient monument, and therefore any additional development will be dependent on a thorough demonstration that it would not have detrimental impacts on the significant archaeological interest. The prison adjoins the Abbey Quarter, and development should therefore enhance that area as a heritage destination.","Potential retail, leisure, offices or hotel use",,65,90.0,,https://www.reading.gov.uk/media/10410/Reading-Borough-Council-Local-Plan/pdf/Local_Plan_Adopted_November_2019.pdf,Allocation CR13a in Local Plan.  Subject to adopted Supplementary Planning Document - Site of Reading Prison Planning Framework.,2017-12-15,2019-12-16
http://opendatacommunities.org/doc/unitary-authority/reading,Reading Borough Council,BL1026a,BL1026,"""Forbury Retail Park, Forbury Road, Reading""",https://www.reading.gov.uk/media/8109/Brownfield-Register-Maps-BL1001-1052/pdf/Brownfield_Land_Register_Maps_2019_1001_to_1052.pdf,OSGB36,472170,173700,3.97,not owned by a public authority,,not permissioned,,,,,465,"This site would be the focus of the new residential community, and, alongside residential, additional retail, leisure and community uses at a scale to serve the Kenavon Drive area would be appropriate. It should include a new area of open space and enhance the frontage to the canal, including a buffer zone to the canal bank to reflect its wildlife significance. Implementing this policy may involve complete redevelopment or using new additional development to improve the existing urban form of the area.",Potential for retaining same level of retail floorspace,,465,1075.0,,https://www.reading.gov.uk/media/10410/Reading-Borough-Council-Local-Plan/pdf/Local_Plan_Adopted_November_2019.pdf,"Allocation CR13b in Local Plan. Planning permission now granted on part of the allocation, see BL1026b.",2017-12-15,2019-12-16
http://opendatacommunities.org/doc/unitary-authority/reading,Reading Borough Council,BL1026b,BL1026,"""Kenavon Drive""",https://www.reading.gov.uk/media/8109/Brownfield-Register-Maps-BL1001-1052/pdf/Brownfield_Land_Register_Maps_2019_1001_to_1052.pdf,OSGB36,472281,173575,2.8,not owned by a public authority,yes,permissioned,full planning permission,2018-10-10,,,765,"Demolition of retail (Homebase and former Toys R Us) and erection of 765 (18 x studio, 302x1, 409x2 and 36x3- bed) dwellings units, 5 commercial units, public realm, landscaping, accesses, parking and associated works.","A1 retail (397 sq m), A3 food and drink (501 sq m), D1 non residential institution (306 sq m), D2 assembly and leisure (182 sq m)",,765,,,,"Permission 170509, for which demolition complete.  Current planning application for an uplift in dwellings undetermined.  Part of allocation CR13b in Local Plan",2017-12-15,2019-12-16
http://opendatacommunities.org/doc/unitary-authority/reading,Reading Borough Council,BL1027,,"""Forbury Business Park & Kenavon Drive, Reading""",https://www.reading.gov.uk/media/8109/Brownfield-Register-Maps-BL1001-1052/pdf/Brownfield_Land_Register_Maps_2019_1001_to_1052.pdf,OSGB36,472490,173640,2.07,not owned by a public authority,yes,not permissioned,,,,,190,"This site would be largely residential in nature, although opportunities to create an area of open space close to the Kennet should be sought.",,,190,285.0,,https://www.reading.gov.uk/media/10410/Reading-Borough-Council-Local-Plan/pdf/Local_Plan_Adopted_November_2019.pdf,Allocation CR13c in Local Plan,2017-12-15,2019-12-16
http://opendatacommunities.org/doc/unitary-authority/reading,Reading Borough Council,BL1028,,"""Former Gas Works Building, Gas Works Road, Reading""",https://www.reading.gov.uk/media/8109/Brownfield-Register-Maps-BL1001-1052/pdf/Brownfield_Land_Register_Maps_2019_1001_to_1052.pdf,OSGB36,472334,173444,0.07,not owned by a public authority,,not permissioned,,,,,20,"Change of use, conversion, extensions and various associated works to former Gas Works Buildings to create a part 4, 5 and 6 storey building and a 3 storey building, providing 20 (10x1, 9x2 and 1x3-bed) residential units (Class C3).",,,20,,,,Permission 160378 expired October 2019.,2017-12-15,2019-12-16
http://opendatacommunities.org/doc/unitary-authority/reading,Reading Borough Council,BL1029,,"""28-30 Richfield Avenue, Reading""",https://www.reading.gov.uk/media/8109/Brownfield-Register-Maps-BL1001-1052/pdf/Brownfield_Land_Register_Maps_2019_1001_to_1052.pdf,OSGB36,470869,174404,0.78,not owned by a public authority,,not permissioned,,,,,50,Development for residential.,,,50,80.0,,https://www.reading.gov.uk/media/10410/Reading-Borough-Council-Local-Plan/pdf/Local_Plan_Adopted_November_2019.pdf,Allocation WR3c in Local Plan.  Permission 172259 for alternative development for extension and refurbishment of existing showroom.,2017-12-15,2019-12-16
http://opendatacommunities.org/doc/unitary-authority/reading,Reading Borough Council,BL1030,,"""2 Ross Road and part of Meadow Road, Reading""",https://www.reading.gov.uk/media/8109/Brownfield-Register-Maps-BL1001-1052/pdf/Brownfield_Land_Register_Maps_2019_1001_to_1052.pdf,OSGB36,470990,174200,0.6,not owned by a public authority,,not permissioned,,,,,39,Development for residential.,,,36,60.0,,https://www.reading.gov.uk/media/10410/Reading-Borough-Council-Local-Plan/pdf/Local_Plan_Adopted_November_2019.pdf,Allocation WR3b in Local Plan,2017-12-15,2019-12-16
http://opendatacommunities.org/doc/unitary-authority/reading,Reading Borough Council,BL1031,,"""Land at Junction of Addison Road and Meadow Road, Reading""",https://www.reading.gov.uk/media/8109/Brownfield-Register-Maps-BL1001-1052/pdf/Brownfield_Land_Register_Maps_2019_1001_to_1052.pdf,OSGB36,471020,174160,0.07,not owned by a public authority,yes,permissioned,full planning permission,2016-02-25,,,5,Construction of 5 x 3 bedroom dwellings with associated parking.,,,5,,,,Permission 130882 under construction.,2017-12-15,2019-12-16
http://opendatacommunities.org/doc/unitary-authority/reading,Reading Borough Council,BL1032,,"""Former Cox & Wyman Site, Cardiff Road, Reading""",https://www.reading.gov.uk/media/8109/Brownfield-Register-Maps-BL1001-1052/pdf/Brownfield_Land_Register_Maps_2019_1001_to_1052.pdf,OSGB36,470929,174119,1.31,not owned by a public authority,yes,permissioned,full planning permission,2018-11-19,,,96,"Demolition of existing site buildings and boundary treatments and erection of 96 no. dwellings including associated surface car parking, public realm and landscaping on land at the former Cox & Wyman building, Cardiff Road.",,,96,,,https://www.reading.gov.uk/media/10410/Reading-Borough-Council-Local-Plan/pdf/Local_Plan_Adopted_November_2019.pdf,Allocation WR3a in Local Plan.  Planning permission 171814.,2017-12-15,2019-12-16
http://opendatacommunities.org/doc/unitary-authority/reading,Reading Borough Council,BL1033,,"""Cattle Market, Great Knollys Street, Reading""",https://www.reading.gov.uk/media/8109/Brownfield-Register-Maps-BL1001-1052/pdf/Brownfield_Land_Register_Maps_2019_1001_to_1052.pdf,OSGB36,471020,173830,2.46,owned by a public authority,,not permissioned,,,,,330,"This site will be developed for a mix of edge-of-centre retail uses, which may include bulky goods, and residential development, along with public car parking. The retail may include bulky goods, but should not include a significant element of non-bulky comparison goods retail, and must be designed to mesh into the urban fabric and a single storey retail warehouse will not be permitted.","10,000-15,000 sq m of retail",,330,490.0,,https://www.reading.gov.uk/media/10410/Reading-Borough-Council-Local-Plan/pdf/Local_Plan_Adopted_November_2019.pdf,Allocation CR12a in Local Plan,2017-12-15,2018-12-16
http://opendatacommunities.org/doc/unitary-authority/reading,Reading Borough Council,BL1034a,BL1034,"""Great Knollys Street and Weldale Street, Reading""",https://www.reading.gov.uk/media/8109/Brownfield-Register-Maps-BL1001-1052/pdf/Brownfield_Land_Register_Maps_2019_1001_to_1052.pdf,OSGB36,471020,173710,1.41,mixed ownership,,not permissioned,,,,,69,"This area will be developed primarily for residential. Any development which would result in the loss of small business units should seek to replace some of those units, preferably on site. Most of allocation now covered by a planning permission, for which see BL1034b.",Retention/replacement of small business units,,69,,,https://www.reading.gov.uk/media/10410/Reading-Borough-Council-Local-Plan/pdf/Local_Plan_Adopted_November_2019.pdf,Proposed allocation CR12b in Submission Draft Local Plan.,2017-12-15,2019-12-16
http://opendatacommunities.org/doc/unitary-authority/reading,Reading Borough Council,BL1034b,BL1034,"""Land between Weldale Street and Chatham Street""",https://www.reading.gov.uk/media/8109/Brownfield-Register-Maps-BL1001-1052/pdf/Brownfield_Land_Register_Maps_2019_1001_to_1052.pdf,OSGB36,471029,173610,1.32,not owned by a public authority,yes,permissioned,full planning permission,2018-03-15,,,427,"Erection of 427 (233x1, 182x2 & 12x3-bed) residential units and 1 flexible ground floor retail shop (Class A1) or restaurant and cafe (Class A3) unit, with new public realm, landscaping, accesses, parking and associated works.",A1 retail (184 sq m),,427,,,,Planning permission 170326.  Part of allocation CR12b in Local Plan.,2017-12-15,2019-12-16
http://opendatacommunities.org/doc/unitary-authority/reading,Reading Borough Council,BL1034c,BL1034a,"""Unit 16 North Street, Reading""",https://www.reading.gov.uk/media/8109/Brownfield-Register-Maps-BL1001-1052/pdf/Brownfield_Land_Register_Maps_2019_1001_to_1052.pdf,,470950,173680,0.04,not owned by a public authority,yes,pending decision,,,,,10,Redevelopment of site to provide 295sqm of office space (Class B1(a)) and 6no. 1-bed apartments and 4no. 2-bed apartments (Class C3) including cycle and bin storage.,,,10,,,,Application 191086 has resolution to grant permission subject to Section 106. Part of allocation CR12b in Local Plan.,2019-12-16,2019-12-16
http://opendatacommunities.org/doc/unitary-authority/reading,Reading Borough Council,BL1035,,"""Former Reading Family Centre, North Street, Reading""",https://www.reading.gov.uk/media/8109/Brownfield-Register-Maps-BL1001-1052/pdf/Brownfield_Land_Register_Maps_2019_1001_to_1052.pdf,OSGB36,470910,173660,0.23,owned by a public authority,yes,permissioned,outline planning permission,2019-03-12,,,47,"Outline - erection of a 2.5, 3.5 and 4.5 storey building comprising 47 apartments (fully affordable or 30 per cent affordable housing) in a mix of one, two and three-bedroom units. Landscaping, cycle and car parking with associated works (all matters reserved except layout and means of access).",,,47,,,https://www.reading.gov.uk/media/10410/Reading-Borough-Council-Local-Plan/pdf/Local_Plan_Adopted_November_2019.pdf,Allocation CR14b in Local Plan.  Permissions 181652 and 181653.,2017-12-15,2019-12-16
http://opendatacommunities.org/doc/unitary-authority/reading,Reading Borough Council,BL1038,,"""Broad Street Mall, Oxford Road, Reading""",https://www.reading.gov.uk/media/8109/Brownfield-Register-Maps-BL1001-1052/pdf/Brownfield_Land_Register_Maps_2019_1001_to_1052.pdf,OSGB36,471200,173360,2.75,not owned by a public authority,,not permissioned,,,,,280,"The site will be used for continued retail and leisure provision, maintaining frontages along Oxford Street and St Mary’s Butts, and improving frontages to Hosier Street and Queens Walk, with uses including residential, with some potential for offices, on upper floors. This may be achieved by comprehensive redevelopment. Alternatively, a development which retains the existing mall with additional development above will onlymay be appropriate where it improves the quality of the existing mall frontages.",No significant net gain of retail and leisure,,280,420.0,,https://www.reading.gov.uk/media/10410/Reading-Borough-Council-Local-Plan/pdf/Local_Plan_Adopted_November_2019.pdf,"Allocation CR12d in Local Plan.  Undetermined planning application 182137 for residential development on top of Mall.  Site within area covered by Minster Quarter Development Framework, adopted December 2018.",2017-12-15,2018-12-16
http://opendatacommunities.org/doc/unitary-authority/reading,Reading Borough Council,BL1039,,"""Hosier Street, Reading""",https://www.reading.gov.uk/media/8109/Brownfield-Register-Maps-BL1001-1052/pdf/Brownfield_Land_Register_Maps_2019_1001_to_1052.pdf,OSGB36,471200,173220,3.41,owned by a public authority,,not permissioned,,,,,500,"Development on this site will result in a new residential community centred around an improved area of public open space and a high quality environment, with an improved entrance to the site from St Mary’s Butts. The edges of the open space will be activated with retail, and/or leisure and/or other main town centre uses such as hotel use, and development may also include some limited offices uses. The Hexagon theatre will only be developed if a replacement facility for Reading is provided, and approaches to the theatre will be improved. Development will also include a replacement site for the street market. The car parking below ground level will be retained and incorporated into the development.","4,000-6,000 sq m of retail and leisure, potential replacement theatre",,500,750.0,,https://www.reading.gov.uk/media/10410/Reading-Borough-Council-Local-Plan/pdf/Local_Plan_Adopted_November_2019.pdf,"Allocation CR12e in Local Plan.  Site within area covered by Minster Quarter Development Framework, adopted December 2018.",2017-12-15,2019-12-16
http://opendatacommunities.org/doc/unitary-authority/reading,Reading Borough Council,BL1040,,"""Central Swimming Pool, Battle Street, Reading""",https://www.reading.gov.uk/media/8109/Brownfield-Register-Maps-BL1001-1052/pdf/Brownfield_Land_Register_Maps_2019_1001_to_1052.pdf,OSGB36,470667,173506,0.55,owned by a public authority,,not permissioned,,,,,80,Development for residential use once replacement swimming provision has been addressed.,,,80,120.0,,https://www.reading.gov.uk/media/10410/Reading-Borough-Council-Local-Plan/pdf/Local_Plan_Adopted_November_2019.pdf,"Allocation CR14a in Local Plan.  Planning permission previously granted for 89 dwellings (031246), since expired.",2017-12-15,2019-12-16
http://opendatacommunities.org/doc/unitary-authority/reading,Reading Borough Council,BL1043,,"""149-153 Oxford Road, Reading""",https://www.reading.gov.uk/media/8109/Brownfield-Register-Maps-BL1001-1052/pdf/Brownfield_Land_Register_Maps_2019_1001_to_1052.pdf,OSGB36,470760,173360,0.1,not owned by a public authority,,not permissioned,,,,,5,Demolition of existing extensions at the rear of 149-153 Oxford Road and refurbishment and conversion of existing buildings into 8 x 1 bed flats and 2 x 2 bed flat plus construction of 2 new studio flats and associated car park (5 dwellings net gain),,,5,,,,Previous permission for 5 dwellings net gain (090795) now expired.,2017-12-15,2019-12-16
http://opendatacommunities.org/doc/unitary-authority/reading,Reading Borough Council,BL1044,,"""125 Chatham Street, Reading""",https://www.reading.gov.uk/media/8109/Brownfield-Register-Maps-BL1001-1052/pdf/Brownfield_Land_Register_Maps_2019_1001_to_1052.pdf,OSGB36,471261,173802,0.11,not owned by a public authority,yes,permissioned,full planning permission,2015-01-22,,,15,Change of use of offices to 8 dwellings and extension for additional 7 dwellings.,,,15,,,https://www.reading.gov.uk/media/10410/Reading-Borough-Council-Local-Plan/pdf/Local_Plan_Adopted_November_2019.pdf,Prior approval 170979 for change of use (resubmission of previous 2013 approval).  Permission 130842 for extension now expired.  Forms part of Local Plan allocation (CR12c).,2017-12-15,2018-12-16
http://opendatacommunities.org/doc/unitary-authority/reading,Reading Borough Council,BL1045,,"""114 Oxford Road, Reading""",https://www.reading.gov.uk/media/8109/Brownfield-Register-Maps-BL1001-1052/pdf/Brownfield_Land_Register_Maps_2019_1001_to_1052.pdf,OSGB36,470839,173427,0.14,not owned by a public authority,yes,permissioned,full planning permission,2016-02-17,,,16,"Erection of part 4, part 5 storey building providing 16 (2x1, 13x2 & 1x3-bed) residential units (Class C3) with associated parking and landscaping, following demolition of existing buildings (Class A1 / B8 / nil use).",,,16,,,https://www.reading.gov.uk/media/10410/Reading-Borough-Council-Local-Plan/pdf/Local_Plan_Adopted_November_2019.pdf,Permission 150721 under construction.  Forms part of Local Plan allocation (CR13c).,2017-12-15,2019-12-16
http://opendatacommunities.org/doc/unitary-authority/reading,Reading Borough Council,BL1046a,BL1046,"""Chatham Street, Eaton Place and Oxford Road, Reading""",https://www.reading.gov.uk/media/8109/Brownfield-Register-Maps-BL1001-1052/pdf/Brownfield_Land_Register_Maps_2019_1001_to_1052.pdf,OSGB36,470880,173480,0.45,not owned by a public authority,,not permissioned,,,,,91,"Development of this area will be primarily for residential, with potential for community uses. There may also be some small scale retail and leisure uses on the Oxford Road frontage.",Small scale retail and leisure use,,91,171.0,,https://www.reading.gov.uk/media/10410/Reading-Borough-Council-Local-Plan/pdf/Local_Plan_Adopted_November_2019.pdf,"Allocation CR12c in Local Plan (remainder, not including permissions at 114 Oxford Road, 125 Chatham Street and Eaton Court)",2017-12-15,2019-12-16
http://opendatacommunities.org/doc/unitary-authority/reading,Reading Borough Council,BL1046b,BL1046,"""Eaton Court, 106-112 Oxford Road, Reading""",https://www.reading.gov.uk/media/8109/Brownfield-Register-Maps-BL1001-1052/pdf/Brownfield_Land_Register_Maps_2019_1001_to_1052.pdf,OSGB36,470890,173420,0.44,not owned by a public authority,,permissioned,full planning permission,2019-05-14,,,58,Change of use from Class B1(a) (offices) to C3 (dwelling houses) to comprise 58 Units,,,58,,,,Prior approval 190419.  Part of allocation CR12c in Local Plan.,2019-12-16,2019-12-16
http://opendatacommunities.org/doc/unitary-authority/reading,Reading Borough Council,BL1047,,"""78 Oxford Road, Reading""",https://www.reading.gov.uk/media/8109/Brownfield-Register-Maps-BL1001-1052/pdf/Brownfield_Land_Register_Maps_2019_1001_to_1052.pdf,OSGB36,471010,173420,0.03,not owned by a public authority,,not permissioned,,,,,6,Extension and refurbishment to provide 10 flats (6 net gain) and cafe front,,,6,,,,"Previous permission for 6 dwellings net gain (050014), now expired.  Application for 13 dwellings (9 net gain) (161860) withdrawn.",2017-12-15,2019-12-16
http://opendatacommunities.org/doc/unitary-authority/reading,Reading Borough Council,BL1048,,"""22-24 Cross Street, Reading""",https://www.reading.gov.uk/media/8109/Brownfield-Register-Maps-BL1001-1052/pdf/Brownfield_Land_Register_Maps_2019_1001_to_1052.pdf,OSGB36,471547,173506,0.01,not owned by a public authority,yes,permissioned,full planning permission,2018-03-01,,,6,"Change of use to residential (C3) on first, second and third floors to create 6 x one bedroom flats with alterations to fenestration and gable roof alteration to existing rear four storey projection",,,6,,,,Permission 171742,2018-12-16,2019-12-16
http://opendatacommunities.org/doc/unitary-authority/reading,Reading Borough Council,BL1049,BL1001,"""1 Station Road and 22 Friar Street, Reading""",https://www.reading.gov.uk/media/8109/Brownfield-Register-Maps-BL1001-1052/pdf/Brownfield_Land_Register_Maps_2019_1001_to_1052.pdf,OSGB36,471495,173609,0.03,not owned by a public authority,yes,permissioned,full planning permission,2019-01-28,,,15,"Prior approval for change of use 1st, 2nd and 3rd floors of building from Class B1(a) (offices) to C3 (dwelling houses) to comprise 15 dwellings.",,,15,,,,Prior approval 182109,2018-12-16,2019-12-16
http://opendatacommunities.org/doc/unitary-authority/reading,Reading Borough Council,BL1050,,"""33 Blagrave Street, Reading""",https://www.reading.gov.uk/media/8109/Brownfield-Register-Maps-BL1001-1052/pdf/Brownfield_Land_Register_Maps_2019_1001_to_1052.pdf,OSGB36,471612,173662,0.07,not owned by a public authority,yes,permissioned,full planning permission,2018-08-15,,,28,Change of use from Class B1(a) (offices) to C3 (dwelling houses) to comprise of 28 dwellings (17 x 1-bed and 11 x 2-bed) ,,,28,,,,Prior approval 181074,2018-12-16,2019-12-16
http://opendatacommunities.org/doc/unitary-authority/reading,Reading Borough Council,BL1051,,"""29 Russell Street, Reading""",https://www.reading.gov.uk/media/8109/Brownfield-Register-Maps-BL1001-1052/pdf/Brownfield_Land_Register_Maps_2019_1001_to_1052.pdf,OSGB36,470799,173243,0.03,not owned by a public authority,yes,permissioned,full planning permission,2019-02-27,,,8,"Change of Use of Sui Generis HMO to 8 Flats, after demolition of existing rear extension and erection of a new part 4/part 2 storey rear extension",,,8,,,,Permission 161332,2019-12-16,2019-12-16
http://opendatacommunities.org/doc/unitary-authority/reading,Reading Borough Council,BL1052,,"""Battle Inn PH, 2 Bedford Road, Reading""",https://www.reading.gov.uk/media/8109/Brownfield-Register-Maps-BL1001-1052/pdf/Brownfield_Land_Register_Maps_2019_1001_to_1052.pdf,OSGB36,470743,173409,0.03,not owned by a public authority,yes,permissioned,full planning permission,2019-07-25,,,6,"Demolition of public house (A4 use class) and erection of a part five/part four/part two storey building containing a single A1/A2/A3 use class unit at ground floor and 6 self-contained flats (C3 use class) above (3 x 1 bed, 2 x 2 bed and 1 x 1 bed units)",106 sq m retail unit,,6,,,,Permission 180876 granted on appeal,2019-12-16,2019-12-16
http://opendatacommunities.org/doc/unitary-authority/reading,Reading Borough Council,BL2002a,BL2002,"""211-221 Oxford Road, Reading""",https://www.reading.gov.uk/media/8107/Brownfield-Register-Maps-BL2001-2051/pdf/Brownfield_Land_Register_Maps_2019_2001_to_2051.pdf,OSGB36,470510,173400,0.16,not owned by a public authority,,not permissioned,,,,,5,"Development for residential with district centre uses on ground floor Oxford Road frontage, continuing the existing Oxford Road building line.",Ground floor retail use,,5,,,https://www.reading.gov.uk/media/10410/Reading-Borough-Council-Local-Plan/pdf/Local_Plan_Adopted_November_2019.pdf,"Allocation WR3g in Local Plan.  Development on part of the site already complete and/or permissioned, only remainder of dwellings shown",2017-12-15,2019-12-16
http://opendatacommunities.org/doc/unitary-authority/reading,Reading Borough Council,BL2002b,BL2002,"""Rear of 8 Prospect Street, Reading""",https://www.reading.gov.uk/media/8107/Brownfield-Register-Maps-BL2001-2051/pdf/Brownfield_Land_Register_Maps_2019_2001_to_2051.pdf,OSGB36,470500,173370,0.03,not owned by a public authority,yes,permissioned,full planning permission,2019-07-04,,,5,Change of use from light industrial (B1©) to dwelling houses (C3) for 5 dwellings.,,,5,,,,Prior approval 190782,2019-12-16,2019-12-16
http://opendatacommunities.org/doc/unitary-authority/reading,Reading Borough Council,BL2003,,"""57 Baker Street, Reading""",https://www.reading.gov.uk/media/8107/Brownfield-Register-Maps-BL2001-2051/pdf/Brownfield_Land_Register_Maps_2019_2001_to_2051.pdf,OSGB36,470831,173136,0.17,not owned by a public authority,yes,permissioned,full planning permission,2019-02-06,,,9,"Erection of two 2/3 storey buildings to provide 9 (2x2-bed and 7x3-bed) residential units (Class C3), 9 parking spaces, landscaping and associated works",,,9,,,,Permission 180624.,2017-12-15,2019-12-16
http://opendatacommunities.org/doc/unitary-authority/reading,Reading Borough Council,BL2004,,"""Yeomanry House, Castle Hill, Reading""",https://www.reading.gov.uk/media/8107/Brownfield-Register-Maps-BL2001-2051/pdf/Brownfield_Land_Register_Maps_2019_2001_to_2051.pdf,OSGB36,470870,172930,0.44,owned by a public authority,,not permissioned,,,,,10,Change of use of listed building to residential use or to potential office or restaurant use.,Potential alternative use of office or restaurant,,10,14.0,,https://www.reading.gov.uk/media/10410/Reading-Borough-Council-Local-Plan/pdf/Local_Plan_Adopted_November_2019.pdf,Allocation WR3e in Local Plan,2017-12-15,2019-12-16
http://opendatacommunities.org/doc/unitary-authority/reading,Reading Borough Council,BL2006,,"""4 Berkeley Avenue, Reading""",https://www.reading.gov.uk/media/8107/Brownfield-Register-Maps-BL2001-2051/pdf/Brownfield_Land_Register_Maps_2019_2001_to_2051.pdf,OSGB36,471040,172610,0.06,not owned by a public authority,,not permissioned,,,,,10,Development for residential,,,10,14.0,,https://www.reading.gov.uk/media/10410/Reading-Borough-Council-Local-Plan/pdf/Local_Plan_Adopted_November_2019.pdf,Allocation WR3f in Local Plan,2017-12-15,2019-12-16
http://opendatacommunities.org/doc/unitary-authority/reading,Reading Borough Council,BL2007,,"""Central Club, London Street, Reading""",https://www.reading.gov.uk/media/8107/Brownfield-Register-Maps-BL2001-2051/pdf/Brownfield_Land_Register_Maps_2019_2001_to_2051.pdf,OSGB36,471760,173150,0.05,owned by a public authority,,not permissioned,,,,,8,Development for residential with potential for ground floor community provision.,Ground floor community provision,,8,12.0,,https://www.reading.gov.uk/media/10410/Reading-Borough-Council-Local-Plan/pdf/Local_Plan_Adopted_November_2019.pdf,Allocation CR14h in Local Plan,2017-12-15,2019-12-16
http://opendatacommunities.org/doc/unitary-authority/reading,Reading Borough Council,BL2008,,"""5-9 Berkeley Avenue, Reading""",https://www.reading.gov.uk/media/8107/Brownfield-Register-Maps-BL2001-2051/pdf/Brownfield_Land_Register_Maps_2019_2001_to_2051.pdf,OSGB36,471379,172580,0.63,not owned by a public authority,yes,permissioned,full planning permission,2011-11-16,,,112,Redevelopment of storage premises for 112 flats,,,112,,,,"Original permission 070256, allowed on appeal.  101656 is extension of time.  Development under construction.",2017-12-15,2019-12-16
http://opendatacommunities.org/doc/unitary-authority/reading,Reading Borough Council,BL2009,,"""Pulleyn Park, Rose Kiln Lane, Reading""",https://www.reading.gov.uk/media/8107/Brownfield-Register-Maps-BL2001-2051/pdf/Brownfield_Land_Register_Maps_2019_2001_to_2051.pdf,OSGB36,471420,172360,1.29,not owned by a public authority,,not permissioned,,,,,70,"Redevelopment of builders merchant and car dealerships for residential, with potential for on-site retail facilities to serve the site.",On-site retail at scale to serve the site.,,70,100.0,,https://www.reading.gov.uk/media/10410/Reading-Borough-Council-Local-Plan/pdf/Local_Plan_Adopted_November_2019.pdf,Allocation SR4a in Local Plan,2017-12-15,2019-12-16
http://opendatacommunities.org/doc/unitary-authority/reading,Reading Borough Council,BL2015,,"""187-189 Kings Road, Reading""",https://www.reading.gov.uk/media/8107/Brownfield-Register-Maps-BL2001-2051/pdf/Brownfield_Land_Register_Maps_2019_2001_to_2051.pdf,OSGB36,472580,173300,0.1,not owned by a public authority,,not permissioned,,,,,22,Change of use of listed buildings from offices to residential or student accommodation,,,22,33.0,,https://www.reading.gov.uk/media/10410/Reading-Borough-Council-Local-Plan/pdf/Local_Plan_Adopted_November_2019.pdf,Allocation CR14l in Local Plan.  Application for more extensive development (161205) refused.,2017-12-15,2019-12-16
http://opendatacommunities.org/doc/unitary-authority/reading,Reading Borough Council,BL2017,,"""Princes House, 73A London Road, Reading""",https://www.reading.gov.uk/media/8107/Brownfield-Register-Maps-BL2001-2051/pdf/Brownfield_Land_Register_Maps_2019_2001_to_2051.pdf,OSGB36,472373,173036,0.16,owned by a public authority,,not permissioned,,,,,26,Change of use of existing building from Class B1(a) (offices) to C3 (dwellinghouses) to comprise 18 x 1 bed flats and 8 x 2 bedroom flats.,,,26,,,,Prior approval 150685 now expired.,2017-12-15,2019-12-16
http://opendatacommunities.org/doc/unitary-authority/reading,Reading Borough Council,BL2018,,"""Dingley House, 3-5 Craven Road, Reading""",https://www.reading.gov.uk/media/8107/Brownfield-Register-Maps-BL2001-2051/pdf/Brownfield_Land_Register_Maps_2019_2001_to_2051.pdf,OSGB36,472580,172910,0.33,owned by a public authority,,not permissioned,,,,,15,Retention and change of use of locally listed building for residential with limited additional development.,,,15,22.0,,https://www.reading.gov.uk/media/10410/Reading-Borough-Council-Local-Plan/pdf/Local_Plan_Adopted_November_2019.pdf,Allocation ER1b in Local Plan.,2017-12-15,2019-12-16
http://opendatacommunities.org/doc/unitary-authority/reading,Reading Borough Council,BL2019,,"""3-4 Wesley Gate, Queens Road, Reading""",https://www.reading.gov.uk/media/8107/Brownfield-Register-Maps-BL2001-2051/pdf/Brownfield_Land_Register_Maps_2019_2001_to_2051.pdf,OSGB36,472182,173224,0.07,not owned by a public authority,yes,permissioned,full planning permission,2017-04-12,,,18,Change of use of office building from Class B1(a) (offices) to C3 (dwelling houses) to comprise 11 X 1-bed and 3 X 2-bed flats.  Roof extension for additional four flats.,,,18,,,,Prior approval 170314 for conversion under construction. Planning permission 172162 for roof extension.,2017-12-15,2019-12-16
http://opendatacommunities.org/doc/unitary-authority/reading,Reading Borough Council,BL2020,,"""Havell House, 62-66 Queens Road, Reading""",https://www.reading.gov.uk/media/8107/Brownfield-Register-Maps-BL2001-2051/pdf/Brownfield_Land_Register_Maps_2019_2001_to_2051.pdf,OSGB36,472142,173215,0.06,not owned by a public authority,yes,permissioned,full planning permission,2018-10-04,,,13,Change of use from offices to 13 dwellings,,,13,,,,"Prior approvals reference 181464, 181466, 181467, 181468",2017-12-15,2019-12-16
http://opendatacommunities.org/doc/unitary-authority/reading,Reading Borough Council,BL2021,,"""60 Queens Road, Reading""",https://www.reading.gov.uk/media/8107/Brownfield-Register-Maps-BL2001-2051/pdf/Brownfield_Land_Register_Maps_2019_2001_to_2051.pdf,OSGB36,472110,173200,0.22,not owned by a public authority,,not permissioned,,,,,30,Change of use of office to 30 dwellings.,,,30,,,,"Prior approval 141834 has expired, and offices now refurbished.",2017-12-15,2019-12-16
http://opendatacommunities.org/doc/unitary-authority/reading,Reading Borough Council,BL2025,,"""Clarendon House, 59-75 Queens Road, Reading""",https://www.reading.gov.uk/media/8107/Brownfield-Register-Maps-BL2001-2051/pdf/Brownfield_Land_Register_Maps_2019_2001_to_2051.pdf,OSGB36,472192,173267,0.21,not owned by a public authority,yes,permissioned,full planning permission,2017-07-31,,,92,Change of use of building from Class B1(a)(offices) to C3 (dwelling houses) to comprise 49 residential units.  Roof and rear extension for additional 43 dwellings.,,,92,,,,"Prior approval 180722 and 180156 for conversion, under construction.  Permission 180909 for extension, not started.",2017-12-15,2019-12-16
http://opendatacommunities.org/doc/unitary-authority/reading,Reading Borough Council,BL2027,,"""100 Kings Road, Reading""",https://www.reading.gov.uk/media/8107/Brownfield-Register-Maps-BL2001-2051/pdf/Brownfield_Land_Register_Maps_2019_2001_to_2051.pdf,OSGB36,472061,173353,0.19,not owned by a public authority,yes,permissioned,full planning permission,2017-01-23,,,9,"Change of use at fourth and fifth floors from 9 apart-hotel suites (Class C1) to 9 (2xstudio, 1x1, 3x2 & 3x3-bed) residential units (Class C3)",,,9,,,,Permission 161449,2017-12-15,2019-12-16
http://opendatacommunities.org/doc/unitary-authority/reading,Reading Borough Council,BL2029,,"""83-85 London Street, Reading""",https://www.reading.gov.uk/media/8107/Brownfield-Register-Maps-BL2001-2051/pdf/Brownfield_Land_Register_Maps_2019_2001_to_2051.pdf,OSGB36,471851,173006,0.06,not owned by a public authority,,permissioned,full planning permission,2018-12-21,,,18,Change of use from Class B1(a) (offices) to C3 (dwelling houses) to comprise 18 X 1-bed dwellings,,,18,,,,Prior approval 181880,2017-12-15,2019-12-16
http://opendatacommunities.org/doc/unitary-authority/reading,Reading Borough Council,BL2031,,"""Enterprise House, 89-97 London Street, Reading""",https://www.reading.gov.uk/media/8107/Brownfield-Register-Maps-BL2001-2051/pdf/Brownfield_Land_Register_Maps_2019_2001_to_2051.pdf,OSGB36,471870,172990,0.15,not owned by a public authority,,not permissioned,,,,,8,Change of use of listed building from offices to residential,,,8,12.0,,https://www.reading.gov.uk/media/10410/Reading-Borough-Council-Local-Plan/pdf/Local_Plan_Adopted_November_2019.pdf,"Allocation CR14i in Local Plan.  Planning permission previously granted for conversion to 10 dwellings (111087), now expired",2017-12-15,2019-12-16
http://opendatacommunities.org/doc/unitary-authority/reading,Reading Borough Council,BL2033,,"""Aspen House, 300 Kings Road, Reading""",https://www.reading.gov.uk/media/8107/Brownfield-Register-Maps-BL2001-2051/pdf/Brownfield_Land_Register_Maps_2019_2001_to_2051.pdf,OSGB36,472803,173202,0.07,not owned by a public authority,yes,permissioned,full planning permission,2019-02-13,,,14,Part five part three storey building of 14 residential apartments (C3) and associated undercroft car parking,,,14,,,,Permission 180683,2017-12-15,2019-12-16
http://opendatacommunities.org/doc/unitary-authority/reading,Reading Borough Council,BL2034,,"""Alexander House, 205-207 Kings Road, Reading""",https://www.reading.gov.uk/media/8107/Brownfield-Register-Maps-BL2001-2051/pdf/Brownfield_Land_Register_Maps_2019_2001_to_2051.pdf,OSGB36,472935,173241,0.16,not owned by a public authority,yes,permissioned,full planning permission,2017-05-10,,,56,"Erection of basement and 4 - 7 storey building comprising 56 (30x1, 18x2 & 8x3-bed) residential units (Class C3) with associated parking and landscaping, following demolition of existing basement and 2 storey office building (Class B1a)",,,56,,,https://www.reading.gov.uk/media/10410/Reading-Borough-Council-Local-Plan/pdf/Local_Plan_Adopted_November_2019.pdf,Permission 162057.  Also included as allocation in Local Plan (ER1g).  Application 190160 for student accommodation refused.,2017-12-15,2019-12-16
http://opendatacommunities.org/doc/unitary-authority/reading,Reading Borough Council,BL2035,,"""Arthur Hill Swimming Pool, 221-225 Kings Road, Reading""",https://www.reading.gov.uk/media/8107/Brownfield-Register-Maps-BL2001-2051/pdf/Brownfield_Land_Register_Maps_2019_2001_to_2051.pdf,OSGB36,473040,173250,0.11,owned by a public authority,,not permissioned,,,,,6,Development for residential whilst retaining the frontage of the building where possible.,,,6,10.0,,https://www.reading.gov.uk/media/10410/Reading-Borough-Council-Local-Plan/pdf/Local_Plan_Adopted_November_2019.pdf,Allocation ER1h in Local Plan,2017-12-15,2019-12-16
http://opendatacommunities.org/doc/unitary-authority/reading,Reading Borough Council,BL2036,,"""Gas Holder, Kenavon Drive, Reading""",https://www.reading.gov.uk/media/8107/Brownfield-Register-Maps-BL2001-2051/pdf/Brownfield_Land_Register_Maps_2019_2001_to_2051.pdf,OSGB36,472900,173690,0.71,not owned by a public authority,,pending decision,,,,,130,"Demolition of existing buildings and Gas Holder and the erection of new buildings ranging between 2 and 9 storeys in height, providing 130 residential units (Class C3) with associated access, car parking, landscaping and open space.",,,130,,,https://www.reading.gov.uk/media/10410/Reading-Borough-Council-Local-Plan/pdf/Local_Plan_Adopted_November_2019.pdf,Application 190627 has resolution to grant permission subject to Section 106. Allocation CR13d in Local Plan,2017-12-15,2019-12-16
http://opendatacommunities.org/doc/unitary-authority/reading,Reading Borough Council,BL2037,,"""261-275 London Road, Reading""",https://www.reading.gov.uk/media/8107/Brownfield-Register-Maps-BL2001-2051/pdf/Brownfield_Land_Register_Maps_2019_2001_to_2051.pdf,OSGB36,473320,173310,0.16,not owned by a public authority,,not permissioned,,,,,10,Development for residential with district centre uses on the ground floor.,Ground floor retail or related use (360-440 sq m),,10,16.0,,https://www.reading.gov.uk/media/10410/Reading-Borough-Council-Local-Plan/pdf/Local_Plan_Adopted_November_2019.pdf,Allocation ER1i in Local Plan,2017-12-15,2019-12-16
http://opendatacommunities.org/doc/unitary-authority/reading,Reading Borough Council,BL2038,,"""28 Wokingham Road, Reading""",https://www.reading.gov.uk/media/8107/Brownfield-Register-Maps-BL2001-2051/pdf/Brownfield_Land_Register_Maps_2019_2001_to_2051.pdf,OSGB36,473279,173122,0.07,not owned by a public authority,yes,permissioned,full planning permission,2016-05-03,,,7,Erection of seven new flats: 4 x 2 bed flats and 3 x 1 bed flat,,,7,,,,Permission 150325,2017-12-15,2019-12-16
http://opendatacommunities.org/doc/unitary-authority/reading,Reading Borough Council,BL2039,,"""1-2 Wesley Gate, Queens Road, Reading""",https://www.reading.gov.uk/media/8107/Brownfield-Register-Maps-BL2001-2051/pdf/Brownfield_Land_Register_Maps_2019_2001_to_2051.pdf,OSGB36,472162,173209,0.08,not owned by a public authority,yes,permissioned,full planning permission,2018-09-27,,,15,Change of use of office building from Class B1(a) (offices) to C3 (dwelling houses) to comprise 15 dwelling units.,,,15,,,,Prior approval 181321 and 191520,2018-12-16,2019-12-16
http://opendatacommunities.org/doc/unitary-authority/reading,Reading Borough Council,BL2040,,"""54 Queens Road, Reading""",https://www.reading.gov.uk/media/8107/Brownfield-Register-Maps-BL2001-2051/pdf/Brownfield_Land_Register_Maps_2019_2001_to_2051.pdf,OSGB36,472033,173184,0.16,not owned by a public authority,yes,permissioned,full planning permission,2018-07-31,,,20,Change of use of building from Class B1(a) (offices) to C3 (dwelling houses) to comprise 20 residential flats including 4 x 2 bedroom and 16 x 1 bedroom flats.,,,20,,,,Prior approval 180982,2018-12-16,2019-12-16
http://opendatacommunities.org/doc/unitary-authority/reading,Reading Borough Council,BL2041,,"""108 London Street, Reading""",https://www.reading.gov.uk/media/8107/Brownfield-Register-Maps-BL2001-2051/pdf/Brownfield_Land_Register_Maps_2019_2001_to_2051.pdf,OSGB36,471829,172952,0.04,not owned by a public authority,yes,permissioned,full planning permission,2018-09-17,,,7,"Change of use and conversion from offices (Class B1a) to 7 (4x1 & 3x2-bed) residential apartments (Class C3) with associated parking, refuse storage and associated works.",,,7,,,,Planning permission 181218,2018-12-16,2019-12-16
http://opendatacommunities.org/doc/unitary-authority/reading,Reading Borough Council,BL2042,,"""Addington House, 73 London Street, Reading""",https://www.reading.gov.uk/media/8107/Brownfield-Register-Maps-BL2001-2051/pdf/Brownfield_Land_Register_Maps_2019_2001_to_2051.pdf,OSGB36,471832,173046,0.03,not owned by a public authority,yes,permissioned,full planning permission,2018-10-12,,,8,"Conversion of basement and 3 storey office building to 8 (1x studio, 4x1 & 3x2-bed flats) residential units (Class C3) and associated works.",,,8,,,,Planning permission 180758,2018-12-16,2019-12-16
http://opendatacommunities.org/doc/unitary-authority/reading,Reading Borough Council,BL2043,,"""Cadogan House, Rose Kiln Lane, Reading""",https://www.reading.gov.uk/media/8107/Brownfield-Register-Maps-BL2001-2051/pdf/Brownfield_Land_Register_Maps_2019_2001_to_2051.pdf,OSGB36,471267,172263,0.23,not owned by a public authority,yes,permissioned,full planning permission,2018-11-09,,,19,Prior approval for change of use of ground & first floors from Class B1(a) (offices) to C3 (dwelling houses) to comprise  39 residential units.,,,19,39.0,,,"Prior approvals 181643 (39 units), 172277 (19 units) and 182166 (24 units)",2018-12-16,2019-12-16
http://opendatacommunities.org/doc/unitary-authority/reading,Reading Borough Council,BL2044,,"""42 Queens Road, Reading""",https://www.reading.gov.uk/media/8107/Brownfield-Register-Maps-BL2001-2051/pdf/Brownfield_Land_Register_Maps_2019_2001_to_2051.pdf,OSGB36,471991,173189,0.03,not owned by a public authority,yes,permissioned,full planning permission,2018-12-18,,,5,"Change of use from employment agency (A2) to 5 self-contained apartments with associated internal alterations, enlarged external basement light well with new windows and new roof lights to existing single storey rear extension.",,,5,,,,Permission 181579.,2019-12-16,2019-12-16
http://opendatacommunities.org/doc/unitary-authority/reading,Reading Borough Council,BL2045,,"""Mulberry House, 1a Eldon Road, Reading""",https://www.reading.gov.uk/media/8107/Brownfield-Register-Maps-BL2001-2051/pdf/Brownfield_Land_Register_Maps_2019_2001_to_2051.pdf,OSGB36,472491,173214,0.08,not owned by a public authority,yes,permissioned,full planning permission,2019-03-27,,,7,"Demolish Mulberry House (D1) and erect part 3, part 5 storey building for 7 (3x1 & 4x2-bed) dwellings, 5 parking spaces.",,,7,,,,Alternative permission 171521 is for demolition for landscaping.,2019-12-16,2019-12-16
http://opendatacommunities.org/doc/unitary-authority/reading,Reading Borough Council,BL2046,,"""Dukesbridge House, 23 Duke Street, Reading""",https://www.reading.gov.uk/media/8107/Brownfield-Register-Maps-BL2001-2051/pdf/Brownfield_Land_Register_Maps_2019_2001_to_2051.pdf,OSGB36,471795,173333,0.19,not owned by a public authority,yes,permissioned,full planning permission,2019-06-06,,,77,"Change of use of part lower ground floor, part ground floor, first, second, third and loft floors from Class B1(a)(offices) to Class C3 (dwelling houses) to comprise  77 dwellings (26 x studio, 49 x 1 bed, 2 x 2 bed).",,,77,,,,Prior approval 190602,2019-12-16,2019-12-16
http://opendatacommunities.org/doc/unitary-authority/reading,Reading Borough Council,BL2047,,"""149 London Road, Reading""",https://www.reading.gov.uk/media/8107/Brownfield-Register-Maps-BL2001-2051/pdf/Brownfield_Land_Register_Maps_2019_2001_to_2051.pdf,OSGB36,472977,173176,0.11,not owned by a public authority,yes,permissioned,full planning permission,2019-06-18,,,6,Conversion of vacant A3 restaurant into 6 flats,,,6,,,,"Permission 161303, under construction.",2019-12-16,2019-12-16
http://opendatacommunities.org/doc/unitary-authority/reading,Reading Borough Council,BL2048,,"""36 Queens Road, Reading""",https://www.reading.gov.uk/media/8107/Brownfield-Register-Maps-BL2001-2051/pdf/Brownfield_Land_Register_Maps_2019_2001_to_2051.pdf,OSGB36,471972,173184,0.03,not owned by a public authority,yes,permissioned,full planning permission,2019-07-05,,,5,"Change of use from office to 5x1 bed flats, ground floor enlargement to rear and rooflights",,,5,,,,Permission 181908,2019-12-16,2019-12-16
http://opendatacommunities.org/doc/unitary-authority/reading,Reading Borough Council,BL2049,,"""10 Southern Court, South Street, Reading""",https://www.reading.gov.uk/media/8107/Brownfield-Register-Maps-BL2001-2051/pdf/Brownfield_Land_Register_Maps_2019_2001_to_2051.pdf,OSGB36,471949,173081,0.02,not owned by a public authority,yes,permissioned,full planning permission,2019-08-09,,,16,Prior approval for change of use from Class B1(a) (offices) to C3 (dwelling houses) to comprise 16 residential units.,,,16,,,,Prior approvals 182027 and 190965,2019-12-16,2019-12-16
http://opendatacommunities.org/doc/unitary-authority/reading,Reading Borough Council,BL2050,,"""Dukesbridge Chambers, 1 Duke Street, Reading""",https://www.reading.gov.uk/media/8107/Brownfield-Register-Maps-BL2001-2051/pdf/Brownfield_Land_Register_Maps_2019_2001_to_2051.pdf,OSGB36,471750,173377,0.03,not owned by a public authority,yes,permissioned,full planning permission,2019-09-19,,,25,"Change of use of part ground floor and first to fourth floors from Class B1(a) (Offices) to Class C3(Dwellinghouses) to comprise 25 dwellings (13 x Studio, 11 x 1 bed and 1 x 2 bed).",,,25,,,,Prior approval 191221,2019-12-16,2019-12-16
http://opendatacommunities.org/doc/unitary-authority/reading,Reading Borough Council,BL2051,,"""27 Hamilton Road, Reading""",https://www.reading.gov.uk/media/8107/Brownfield-Register-Maps-BL2001-2051/pdf/Brownfield_Land_Register_Maps_2019_2001_to_2051.pdf,OSGB36,473382,172997,0.09,not owned by a public authority,yes,permissioned,full planning permission,2019-11-01,,,9,Single storey side and two storey rear extensions and conversion of existing 12 bedroom HMO to 7 one bedroom flats and 2 two bedroom flats,,,9,,,,Permission 161779,2019-12-16,2019-12-16
http://opendatacommunities.org/doc/unitary-authority/reading,Reading Borough Council,BL3001,,"""131 Wokingham Road, Reading""",https://www.reading.gov.uk/media/8106/Brownfield-Register-Maps-BL3001-3026/pdf/Brownfield_Land_Register_Maps_2019_3001_to_3026.pdf,OSGB36,474080,172590,0.15,not owned by a public authority,,not permissioned,,,,,8,Development for residential with ground floor local centre uses.,Ground floor retail or related use (400-500 sq m),,8,12.0,,https://www.reading.gov.uk/media/10410/Reading-Borough-Council-Local-Plan/pdf/Local_Plan_Adopted_November_2019.pdf,Allocation ER1k in Local Plan.,2017-12-15,2019-12-16
http://opendatacommunities.org/doc/unitary-authority/reading,Reading Borough Council,BL3002,,"""Hamilton Centre, Bulmershe Road, Reading""",https://www.reading.gov.uk/media/8106/Brownfield-Register-Maps-BL3001-3026/pdf/Brownfield_Land_Register_Maps_2019_3001_to_3026.pdf,OSGB36,473770,172450,0.35,owned by a public authority,,not permissioned,,,,,13,Development for residential,,,13,19.0,,https://www.reading.gov.uk/media/10410/Reading-Borough-Council-Local-Plan/pdf/Local_Plan_Adopted_November_2019.pdf,Allocation ER1f in Local Plan,2017-12-15,2019-12-16
http://opendatacommunities.org/doc/unitary-authority/reading,Reading Borough Council,BL3005,,"""Land adjacent to 40 Redlands Road, Reading""",https://www.reading.gov.uk/media/8106/Brownfield-Register-Maps-BL3001-3026/pdf/Brownfield_Land_Register_Maps_2019_3001_to_3026.pdf,OSGB36,472490,172440,0.43,not owned by a public authority,yes,not permissioned,,,,,23,Development for residential.,,,23,35.0,,https://www.reading.gov.uk/media/10410/Reading-Borough-Council-Local-Plan/pdf/Local_Plan_Adopted_November_2019.pdf,Allocation ER1d in Local Plan,2017-12-15,2019-12-16
http://opendatacommunities.org/doc/unitary-authority/reading,Reading Borough Council,BL3006,,"""The Woodley Arms PH, Waldeck Street, Reading""",https://www.reading.gov.uk/media/8106/Brownfield-Register-Maps-BL3001-3026/pdf/Brownfield_Land_Register_Maps_2019_3001_to_3026.pdf,OSGB36,471850,172440,0.09,not owned by a public authority,yes,not permissioned,,,,,26,"Development for residential, with potential for student accommodation.",,,26,38.0,,https://www.reading.gov.uk/media/10410/Reading-Borough-Council-Local-Plan/pdf/Local_Plan_Adopted_November_2019.pdf,Allocation ER1a in Local Plan.  Planning permission for student accommodation 171893 granted on appeal 10/10/2018,2017-12-15,2019-12-16
http://opendatacommunities.org/doc/unitary-authority/reading,Reading Borough Council,BL3007,,"""92-96 Southampton Street, Reading""",https://www.reading.gov.uk/media/8106/Brownfield-Register-Maps-BL3001-3026/pdf/Brownfield_Land_Register_Maps_2019_3001_to_3026.pdf,OSGB36,471685,172804,0.04,not owned by a public authority,yes,permissioned,full planning permission,2017-08-07,,,7,"The erection of a building containing 7 dwellings to the rear of 92-96 Southampton Street, including altered access off Pell Street and landscaping/Listed building consent for works to the boundary wall to number 92 along Pell Street.",,,7,,,,"Permission 160571, under construction at 31/03/2019",2017-12-15,2019-12-16
http://opendatacommunities.org/doc/unitary-authority/reading,Reading Borough Council,BL3008,,"""Corner of Crown Street and Southampton Street, Reading""",https://www.reading.gov.uk/media/8106/Brownfield-Register-Maps-BL3001-3026/pdf/Brownfield_Land_Register_Maps_2019_3001_to_3026.pdf,OSGB36,471710,172820,0.08,owned by a public authority,yes,not permissioned,,,,,13,Development for residential,,,13,19.0,,https://www.reading.gov.uk/media/10410/Reading-Borough-Council-Local-Plan/pdf/Local_Plan_Adopted_November_2019.pdf,Allocation CR14j in Local Plan,2017-12-15,2019-12-16
http://opendatacommunities.org/doc/unitary-authority/reading,Reading Borough Council,BL3010,,"""13-21 Crown Street and 27 Silver Street, Reading""",https://www.reading.gov.uk/media/8106/Brownfield-Register-Maps-BL3001-3026/pdf/Brownfield_Land_Register_Maps_2019_3001_to_3026.pdf,OSGB36,471864,172841,0.33,not owned by a public authority,yes,permissioned,full planning permission,2017-10-12,,,80,Residential development consisting of 80 no. dwellings (Class C3) with associated access and landscaping works. Demolition of existing buildings,"Alternative permission for 84 C2 assisted living units, superseded by residential permission.",,80,,,https://www.reading.gov.uk/media/10410/Reading-Borough-Council-Local-Plan/pdf/Local_Plan_Adopted_November_2019.pdf,"Permission 170794, under construction.  Allocation in Local Plan (CR14k).",2017-12-15,2019-12-16
http://opendatacommunities.org/doc/unitary-authority/reading,Reading Borough Council,BL3011,,"""40 Silver Street, Reading""",https://www.reading.gov.uk/media/8106/Brownfield-Register-Maps-BL3001-3026/pdf/Brownfield_Land_Register_Maps_2019_3001_to_3026.pdf,OSGB36,471891,172729,0.11,not owned by a public authority,,not permissioned,,,,,14,Redevelopment for 14 flats (8x2bed & 6x1 bed) including 14 parking spaces and landscaping.,,,14,,,,Permission 150885 expired March 2019,2017-12-15,2019-12-16
http://opendatacommunities.org/doc/unitary-authority/reading,Reading Borough Council,BL3013,,"""South of Elgar Road, Reading""",https://www.reading.gov.uk/media/8106/Brownfield-Register-Maps-BL3001-3026/pdf/Brownfield_Land_Register_Maps_2019_3001_to_3026.pdf,OSGB36,471600,171760,5.38,not owned by a public authority,,not permissioned,,,,,330,"Development of the South of Elgar Road site will be for residential (330-500 dwellings), with potential for supporting community uses. The potential for commercial uses to be part of any future mixed-use development hinges on whether a layout can be created that allows the relationship between residential and commercial to be effectively managed.",Potential inclusion of commercial uses,,330,500.0,,https://www.reading.gov.uk/media/10410/Reading-Borough-Council-Local-Plan/pdf/Local_Plan_Adopted_November_2019.pdf,Allocation SR3 in Local Plan,2017-12-15,2019-12-16
http://opendatacommunities.org/doc/unitary-authority/reading,Reading Borough Council,BL3014,,"""35 Christchurch Road, Reading""",https://www.reading.gov.uk/media/8106/Brownfield-Register-Maps-BL3001-3026/pdf/Brownfield_Land_Register_Maps_2019_3001_to_3026.pdf,OSGB36,472215,172232,0.08,not owned by a public authority,yes,permissioned,full planning permission,2016-11-01,,,10,"Conversion of 12 Bedroom HMO into 10 self-contained units comprising 7 x 1 bed studios, 1 x 2 bed apartment and 2 x 1 bed apartment.",,,10,,,,Permission 151034,2017-12-15,2019-12-16
http://opendatacommunities.org/doc/unitary-authority/reading,Reading Borough Council,BL3015,,"""Warwick House, 1 Warwick Road, Reading""",https://www.reading.gov.uk/media/8106/Brownfield-Register-Maps-BL3001-3026/pdf/Brownfield_Land_Register_Maps_2019_3001_to_3026.pdf,OSGB36,472223,171972,0.15,not owned by a public authority,yes,permissioned,full planning permission,2018-04-17,,,10,"A single building comprising 10 flats on 2 floors on land adjacent to Warwick House, Warwick Road Reading.",,,10,,,,Permission 151407.,2017-12-15,2019-12-16
http://opendatacommunities.org/doc/unitary-authority/reading,Reading Borough Council,BL3017,,"""Land North of Manor Farm Road, Reading""",https://www.reading.gov.uk/media/8106/Brownfield-Register-Maps-BL3001-3026/pdf/Brownfield_Land_Register_Maps_2019_3001_to_3026.pdf,OSGB36,471600,170900,13.69,mixed ownership,,not permissioned,,,,,680,"Redevelopment of the Manor Farm Road site will primarily be for housing (between 680-1,020 dwellings), an extension to the Whitley District Centre, school provision and open space and public realm improvements, but also include small employment units to replace the Micro Centre, community uses, in addition to a limited amount of employment uses.","Potential net gain in retail and leisure, primary school.",,680,1020.0,,https://www.reading.gov.uk/media/10410/Reading-Borough-Council-Local-Plan/pdf/Local_Plan_Adopted_November_2019.pdf,Allocation SR2 in Local Plan.,2017-12-15,2019-12-16
http://opendatacommunities.org/doc/unitary-authority/reading,Reading Borough Council,BL3018,,"""Land at the Madejski Stadium, Shooters Way, Reading""",https://www.reading.gov.uk/media/8106/Brownfield-Register-Maps-BL3001-3026/pdf/Brownfield_Land_Register_Maps_2019_3001_to_3026.pdf,OSGB36,470835,169751,19.0,not owned by a public authority,,permissioned,,,,,618,"Residential development (Blocks 1-6 only) to provide up to 422 residential units, comprising predominantly 1 and 2 bedroom apartments (Use Class C3) along with associated landscaping and car parking. Residential and mixed usedevelopment comprising: 196 residential units, convention centre andice rink, 246 bedroom hotel and up to 102 serviced apartments, deckedcar parking within convention centre, flexible ancillary retail space, multi storey car park, public open space, associated access, landscaping, cycle parking, transport interchange and related infrastructure/engineering works, ancillary facilities etc","Office (1,972 sq m), retail and related uses (1,928 sq m), lesiure (25,831 sq m), hotel/serviced apartments (23,605 sq m), other floorspace (17,300 sq m)",,618,,,,"Application 160199 is a hybrid, with 196 residential units and non-residential elements in detail, and 422 units in outline.  Permitted November 2018",2017-12-15,2019-12-16
http://opendatacommunities.org/doc/unitary-authority/reading,Reading Borough Council,BL3019,,"""Worton Grange, Imperial Way, Reading""",https://www.reading.gov.uk/media/8106/Brownfield-Register-Maps-BL3001-3026/pdf/Brownfield_Land_Register_Maps_2019_3001_to_3026.pdf,OSGB36,471500,169300,6.17,not owned by a public authority,yes,permissioned,reserved matters approval,2016-04-14,,,76,"Development for 175 homes,12 commercial units (B1c, B2, B8), car showrooms, retail, 120 bed hotel, pub, coffee shop, restaurant, bank.  33 dwellings completed at 31/03/2018, remainder shown here.","A1 retail (4,692 sq m), A2 bank (557 sq m), A3 food and drink (270 sq m), A4 public house (741 sq m), B1/2/8 commercial units (2452 sq m), C1 hotel (4,134 sq m), car showroom (2510 sq m)",,76,,,,"Permission 151944 was hybrid - detailed for commercial development, and outline for residential.  Permission 161496 was reserved matters for residential.  Commercial development complete and residential development under construction at 31/03/2019.",2017-12-15,2018-12-16
http://opendatacommunities.org/doc/unitary-authority/reading,Reading Borough Council,BL3020,,"""Land at corner of Newark Street and Crown Street, Reading""",https://www.reading.gov.uk/media/8106/Brownfield-Register-Maps-BL3001-3026/pdf/Brownfield_Land_Register_Maps_2019_3001_to_3026.pdf,OSGB36,471818,172831,0.03,not owned by a public authority,yes,permissioned,full planning permission,2018-07-20,,,9,Residential development comprising 9 flats (Class C3).,,,9,,,,Permission 180417.  Part of allocation CR14k in Local Plan.,2018-12-16,2019-12-16
http://opendatacommunities.org/doc/unitary-authority/reading,Reading Borough Council,BL3021,,"""125 Highgrove Street, Reading""",https://www.reading.gov.uk/media/8106/Brownfield-Register-Maps-BL3001-3026/pdf/Brownfield_Land_Register_Maps_2019_3001_to_3026.pdf,OSGB36,472109,172247,0.13,not owned by a public authority,yes,permissioned,full planning permission,2018-06-12,,,8,Erection of 8 new dwellings (Use Class C3) including landscaping. Demolition of existing buildings within site.,,,8,,,,Permission 171477,2018-12-16,2019-12-16
http://opendatacommunities.org/doc/unitary-authority/reading,Reading Borough Council,BL3022,,"""14 Arkwright Road, Reading""",https://www.reading.gov.uk/media/8106/Brownfield-Register-Maps-BL3001-3026/pdf/Brownfield_Land_Register_Maps_2019_3001_to_3026.pdf,OSGB36,471643,171358,0.33,not owned by a public authority,yes,permissioned,full planning permission,2018-06-13,,,37,Change of use of office building from Class B1(a) (offices) to C3 (dwelling houses) to comprise 37 dwelling units.,,,37,,,,Prior approval 180654.  Site is within Core Employment Area and therefore application involving loss of employment would be contrary to policy.,2018-12-16,2019-12-16
http://opendatacommunities.org/doc/unitary-authority/reading,Reading Borough Council,BL3023,,"""85-87 Basingstoke Road, Reading""",https://www.reading.gov.uk/media/8106/Brownfield-Register-Maps-BL3001-3026/pdf/Brownfield_Land_Register_Maps_2019_3001_to_3026.pdf,OSGB36,471889,171632,0.06,not owned by a public authority,yes,permissioned,full planning permission,2019-04-30,,,17,"Prior approvals for change of use of part ground, first and second floors from Class B1(a) (offices) to C3 (dwelling houses) to comprise of 17 or 23 flats.",,,17,23.0,,,Prior approval 182091 (17 flats) and 190358 (23 flats),2019-12-16,2019-12-16
http://opendatacommunities.org/doc/unitary-authority/reading,Reading Borough Council,BL3024,,"""34-38 Southampton Street, Reading""",https://www.reading.gov.uk/media/8106/Brownfield-Register-Maps-BL3001-3026/pdf/Brownfield_Land_Register_Maps_2019_3001_to_3026.pdf,OSGB36,471591,172948,0.03,not owned by a public authority,yes,permissioned,full planning permission,2019-08-12,,,11,"Erection of a basement and 4-storey building to provide 11 (1x studio, 8x1-bed & 2x2-bed) residential units and associated works following the demolition of the existing buildings (basement & 3- storey public house and 2-storey residential building)",,,11,,,,Permission 181117,2019-12-16,2019-12-16
http://opendatacommunities.org/doc/unitary-authority/reading,Reading Borough Council,BL3025,BL3016,"""Former Sales and Marketing Suites, Drake Way, Reading""",https://www.reading.gov.uk/media/8106/Brownfield-Register-Maps-BL3001-3026/pdf/Brownfield_Land_Register_Maps_2019_3001_to_3026.pdf,OSGB36,471256,170666,0.24,not owned by a public authority,yes,permissioned,full planning permission,2019-09-23,,,12,"Proposed construction of 12 apartments ( 1 x 1 bed, 11 x 2 bed) with associated car parking, landscaping and open space, and infrastructure provision.",,,12,,,,Permission 180543,2019-12-16,2019-12-16
http://opendatacommunities.org/doc/unitary-authority/reading,Reading Borough Council,BL3026,,"""1 St Giles Court, Southampton Street, Reading""",https://www.reading.gov.uk/media/8106/Brownfield-Register-Maps-BL3001-3026/pdf/Brownfield_Land_Register_Maps_2019_3001_to_3026.pdf,OSGB36,471569,172946,0.03,not owned by a public authority,yes,permissioned,full planning permission,2019-11-15,,,5,Change of use of building from Class B1(a) (offices) to C3 (dwelling houses) to comprise 5 x 1-bedroom flats.,,,5,,,,Prior approval 191513,2019-12-16,2019-12-16
http://opendatacommunities.org/doc/unitary-authority/reading,Reading Borough Council,BL4001,,"""169-173 Basingstoke Road, Reading""",https://www.reading.gov.uk/media/8108/Brownfield-Register-Maps-BL4001-4025/pdf/Brownfield_Land_Register_Maps_2019_4001_to_4025.pdf,OSGB36,471880,171450,0.8,not owned by a public authority,,not permissioned,,,,,50,Redevelopment of industrial and warehousing for residential,,,50,80.0,,https://www.reading.gov.uk/media/10410/Reading-Borough-Council-Local-Plan/pdf/Local_Plan_Adopted_November_2019.pdf,Allocation SR4c in Local Plan,2017-12-15,2019-12-16
http://opendatacommunities.org/doc/unitary-authority/reading,Reading Borough Council,BL4005,,"""Alice Burrows Home, Dwyer Road, Reading""",https://www.reading.gov.uk/media/8108/Brownfield-Register-Maps-BL4001-4025/pdf/Brownfield_Land_Register_Maps_2019_4001_to_4025.pdf,OSGB36,468230,171880,0.48,owned by a public authority,yes,not permissioned,,,,,18,Development for residential and/or residential care.,,,18,27.0,,https://www.reading.gov.uk/media/10410/Reading-Borough-Council-Local-Plan/pdf/Local_Plan_Adopted_November_2019.pdf,Allocation WR3p in Local Plan.,2017-12-15,2019-12-16
http://opendatacommunities.org/doc/unitary-authority/reading,Reading Borough Council,BL4006,,"""Land at Conwy Close, Tilehurst, Reading""",https://www.reading.gov.uk/media/8108/Brownfield-Register-Maps-BL4001-4025/pdf/Brownfield_Land_Register_Maps_2019_4001_to_4025.pdf,OSGB36,467703,172997,1.04,owned by a public authority,yes,permissioned,full planning permission,2016-12-15,,,44,"Residential development comprising 57 dwellings, vehicular, cycle and pedestrian access, parking, and hard and soft landscaping and open space at land off Conwy Close.",,,44,,,,Permission 161390 under construction at 31/03/2019,2017-12-15,2019-12-16
http://opendatacommunities.org/doc/unitary-authority/reading,Reading Borough Council,BL4007,,"""5 Westcote Road, Reading""",https://www.reading.gov.uk/media/8108/Brownfield-Register-Maps-BL4001-4025/pdf/Brownfield_Land_Register_Maps_2019_4001_to_4025.pdf,OSGB36,469853,172805,0.97,not owned by a public authority,yes,permissioned,full planning permission,2018-01-11,,,7,"Demolition of existing dwelling and erection of a part one, part two storey building comprising 2 x 1-bed and 6 x 2-bed flats, with associated parking, refuse store, and cycle store.",,,7,,,,Permission 160246 under construction,2017-12-15,2019-12-16
http://opendatacommunities.org/doc/unitary-authority/reading,Reading Borough Council,BL4008,,"""Amethyst Lane, Reading""",https://www.reading.gov.uk/media/8108/Brownfield-Register-Maps-BL4001-4025/pdf/Brownfield_Land_Register_Maps_2019_4001_to_4025.pdf,OSGB36,469480,172660,0.57,owned by a public authority,,not permissioned,,,,,32,Development for residential,,,32,48.0,,https://www.reading.gov.uk/media/10410/Reading-Borough-Council-Local-Plan/pdf/Local_Plan_Adopted_November_2019.pdf,Allocation WR3n in Local Plan.,2017-12-15,2019-12-16
http://opendatacommunities.org/doc/unitary-authority/reading,Reading Borough Council,BL4009,,"""62-79 Armadale Court, Westcote Road, Reading""",https://www.reading.gov.uk/media/8108/Brownfield-Register-Maps-BL4001-4025/pdf/Brownfield_Land_Register_Maps_2019_4001_to_4025.pdf,OSGB36,469740,172590,0.38,not owned by a public authority,yes,not permissioned,,,,,8,Erection of 6 x 2 bedroom flats and 2 x 3 bedroom flats above the existing building.,,,8,,,,Permission 131528 now expired.,2017-12-15,2019-12-16
http://opendatacommunities.org/doc/unitary-authority/reading,Reading Borough Council,BL4011,,"""Former Elvian School Site, Bath Road, Reading""",https://www.reading.gov.uk/media/8108/Brownfield-Register-Maps-BL4001-4025/pdf/Brownfield_Land_Register_Maps_2019_4001_to_4025.pdf,OSGB36,469627,172441,5.0,not owned by a public authority,yes,permissioned,full planning permission,2016-04-04,,,10,"Hybrid application - outline for a new 6 form entry secondary school and detailed permission for 118 dwellings, following the demolition of the existing buildings.  35 dwellings completed at 31/03/2018, remainder shown here.","New secondary school of 9,000 sq m",,10,,,,Permission 151175.  161877 is reserved matters for school. School and most of residential development complete and remainder under construction at 31/03/2019.,2017-12-15,2019-12-16
http://opendatacommunities.org/doc/unitary-authority/reading,Reading Borough Council,BL4012,,"""Phase 3, Dee Park Estate, Spey Road, Reading""",https://www.reading.gov.uk/media/8108/Brownfield-Register-Maps-BL4001-4025/pdf/Brownfield_Land_Register_Maps_2019_4001_to_4025.pdf,OSGB36,468331,173531,16.4,mixed ownership,yes,permissioned,outline planning permission,2009-12-23,,,108,"Demolish flats, centre, school, pub. Erect dwellings, community uses, retail, primary school. Demolition of 363 dwellings, and construct 705 dwellings (net gain of 342). Phase 3 involves demolition of 112 homes and construction of 190 homes (78 net gain), of which 30 dwellings demolished at 31/03/2018.","Redevelopment of primary school for new primary school (6,000 sq m approx)",,108,,,,Outline permission 091606.  Phases 1 and 2 already complete,2017-12-15,2019-12-16
http://opendatacommunities.org/doc/unitary-authority/reading,Reading Borough Council,BL4013,,"""103 Dee Road, Reading""",https://www.reading.gov.uk/media/8108/Brownfield-Register-Maps-BL4001-4025/pdf/Brownfield_Land_Register_Maps_2019_4001_to_4025.pdf,OSGB36,468520,173340,0.85,owned by a public authority,,not permissioned,,,,,34,Development for residential subject to the fire station being surplus to requirements.,,,34,50.0,,https://www.reading.gov.uk/media/10410/Reading-Borough-Council-Local-Plan/pdf/Local_Plan_Adopted_November_2019.pdf,"Allocation WR3m in Local Plan.  Previously permitted for redevelopment for 42 dwellings (100126), now expired.",2017-12-15,2019-12-16
http://opendatacommunities.org/doc/unitary-authority/reading,Reading Borough Council,BL4015,,"""1025-1027 Oxford Road, Tilehurst, Reading""",https://www.reading.gov.uk/media/8108/Brownfield-Register-Maps-BL4001-4025/pdf/Brownfield_Land_Register_Maps_2019_4001_to_4025.pdf,OSGB36,467250,175250,0.19,not owned by a public authority,,permissioned,reserved matters approval,2007-10-11,,,12,Demolish existing dwellings and erect 2 no. buildings containing 12 no. apartments.,,,12,,,,061080 was original outline permission.  070937 is reserved matters permission.  Existing dwellings on site have been demolished.,2017-12-15,2019-12-16
http://opendatacommunities.org/doc/unitary-authority/reading,Reading Borough Council,BL4016,,"""Charters Car Sales, Oxford Road, Reading""",https://www.reading.gov.uk/media/8108/Brownfield-Register-Maps-BL4001-4025/pdf/Brownfield_Land_Register_Maps_2019_4001_to_4025.pdf,OSGB36,467250,175320,0.33,not owned by a public authority,,not permissioned,,,,,12,Development for residential.,,,12,18.0,,https://www.reading.gov.uk/media/10410/Reading-Borough-Council-Local-Plan/pdf/Local_Plan_Adopted_November_2019.pdf,Allocation WR3r in Local Plan,2017-12-15,2019-12-16
http://opendatacommunities.org/doc/unitary-authority/reading,Reading Borough Council,BL4018,,"""Norcot Community Centre, Lyndhurst Road, Reading""",https://www.reading.gov.uk/media/8108/Brownfield-Register-Maps-BL4001-4025/pdf/Brownfield_Land_Register_Maps_2019_4001_to_4025.pdf,OSGB36,467880,174500,0.13,owned by a public authority,yes,not permissioned,,,,,18,"Erection of a three storey building comprising 18 (8x1 and 10x2 bed) residential units (Use Class C3) with associated bin and cycle storage, a 96.4sqm (NIA) building for community use (Use Class D1), vehicle parking, landscaping and associated works.",Replacement of community centre,,18,,,https://www.reading.gov.uk/media/10410/Reading-Borough-Council-Local-Plan/pdf/Local_Plan_Adopted_November_2019.pdf,Application 181377 has resolution to grant permission subject to Section 106. Allocation WR3q in Local Plan,2017-12-15,2019-12-16
http://opendatacommunities.org/doc/unitary-authority/reading,Reading Borough Council,BL4019,,"""816 Oxford Road, Reading""",https://www.reading.gov.uk/media/8108/Brownfield-Register-Maps-BL4001-4025/pdf/Brownfield_Land_Register_Maps_2019_4001_to_4025.pdf,OSGB36,468800,174090,0.23,not owned by a public authority,,not permissioned,,,,,13,Development for residential,,,13,20.0,,https://www.reading.gov.uk/media/10410/Reading-Borough-Council-Local-Plan/pdf/Local_Plan_Adopted_November_2019.pdf,Allocation WR3l in Local Plan.,2017-12-15,2019-12-16
http://opendatacommunities.org/doc/unitary-authority/reading,Reading Borough Council,BL4020,,"""784-794 Oxford Road, Reading""",https://www.reading.gov.uk/media/8108/Brownfield-Register-Maps-BL4001-4025/pdf/Brownfield_Land_Register_Maps_2019_4001_to_4025.pdf,OSGB36,468870,174030,0.22,not owned by a public authority,,not permissioned,,,,,14,Development for residential,,,14,22.0,,https://www.reading.gov.uk/media/10410/Reading-Borough-Council-Local-Plan/pdf/Local_Plan_Adopted_November_2019.pdf,Allocation WR3k in Local Plan.,2017-12-15,2019-12-16
http://opendatacommunities.org/doc/unitary-authority/reading,Reading Borough Council,BL4021,,"""750 & 752 Oxford Road, Tilehurst, Reading""",https://www.reading.gov.uk/media/8108/Brownfield-Register-Maps-BL4001-4025/pdf/Brownfield_Land_Register_Maps_2019_4001_to_4025.pdf,OSGB36,468955,173958,0.07,not owned by a public authority,yes,permissioned,full planning permission,2017-02-21,,,8,"COU from ground floor betting shop (sui generis) and shop/showroom (A1) with first floor office (B1) changing to 8 no. residential flats (C3).  Construction of an additional roof storey, and provision of parking, bin and cycle storage.",,,8,,,,Permission 160938,2017-12-15,2019-12-16
http://opendatacommunities.org/doc/unitary-authority/reading,Reading Borough Council,BL4022,,"""St George's Hall, St George's Road, Reading""",https://www.reading.gov.uk/media/8108/Brownfield-Register-Maps-BL4001-4025/pdf/Brownfield_Land_Register_Maps_2019_4001_to_4025.pdf,OSGB36,469038,173643,0.31,not owned by a public authority,yes,permissioned,full planning permission,2017-03-23,,,12,"Church extension of 88sqm with dedicated parking area, core access road and construction of 12 affordable housing units with associated parking and amenity space",Church extension (88 sq m),,12,,,,Permission 152301 under construction at 31/03/2019,2017-12-15,2019-12-16
http://opendatacommunities.org/doc/unitary-authority/reading,Reading Borough Council,BL4023,,"""1a Elm Park Road, Reading""",https://www.reading.gov.uk/media/8108/Brownfield-Register-Maps-BL4001-4025/pdf/Brownfield_Land_Register_Maps_2019_4001_to_4025.pdf,OSGB36,469853,173533,0.02,not owned by a public authority,yes,permissioned,full planning permission,2018-06-12,,,5,"Part demolition, extensions and alterations to form 5 self-contained flats.",,,5,,,,Permission 171226 under construction at 31/03/2019,2018-12-16,2019-12-16
http://opendatacommunities.org/doc/unitary-authority/reading,Reading Borough Council,BL4024,,"""The Pond House PH, 738 Oxford Road, Reading""",https://www.reading.gov.uk/media/8108/Brownfield-Register-Maps-BL4001-4025/pdf/Brownfield_Land_Register_Maps_2019_4001_to_4025.pdf,OSGB36,468987,173970,0.08,not owned by a public authority,yes,permissioned,full planning permission,2018-06-27,,,6,"Erection of new building containing 3 x 2 bed  and 3 x 1 bed flats, with associated private shared amenity space and car parking.",,,6,,,,Planning permission 171127 under construction at 31/03/2019.  Permission 150539 is an alternative development for 3 houses.,2018-12-16,2019-12-16
http://opendatacommunities.org/doc/unitary-authority/reading,Reading Borough Council,BL4025,,"""2-6 Water Road and 158 Dee Road""",https://www.reading.gov.uk/media/8108/Brownfield-Register-Maps-BL4001-4025/pdf/Brownfield_Land_Register_Maps_2019_4001_to_4025.pdf,OSGB36,468674,173325,0.21,not owned by a public authority,yes,permissioned,outline planning permission,2019-01-18,,,7,"Demolition of 4 existing dwelling houses 2,4,6 Water Road and 158 Dee Road and erection of 6 no.4 bedroom and 5 no. 3 bedroom dwellings and car parking.",,,7,,,,Outline planning permission 161507,2018-12-16,2019-12-16
http://opendatacommunities.org/doc/unitary-authority/reading,Reading Borough Council,BL5001,,"""Land at Moulsford Mews, Reading""",https://www.reading.gov.uk/media/8110/Brownfield-Register-Maps-BL5001-5012/pdf/Brownfield_Land_Register_Maps_2019_5001_to_5012.pdf,OSGB36,469720,173680,0.16,owned by a public authority,,not permissioned,,,,,10,Development for residential.,,,10,16.0,,https://www.reading.gov.uk/media/10410/Reading-Borough-Council-Local-Plan/pdf/Local_Plan_Adopted_November_2019.pdf,"Allocation WR3j in Local Plan. Originally permitted as health clinic as part of Battle Hospital development, but this part of the development was not delivered.",2017-12-15,2019-12-16
http://opendatacommunities.org/doc/unitary-authority/reading,Reading Borough Council,BL5002,,"""Part of Former Battle Hospital, Portman Road, Reading""",https://www.reading.gov.uk/media/8110/Brownfield-Register-Maps-BL5001-5012/pdf/Brownfield_Land_Register_Maps_2019_5001_to_5012.pdf,OSGB36,469900,173900,2.77,owned by a public authority,yes,permissioned,full planning permission,2018-10-29,,,184,"Application for 211 dwellings with associated access, cycle path provision, parking, landscaping and open space provision, following demolition of existing buildings (including 28 dwellings).",,,184,,,https://www.reading.gov.uk/media/10410/Reading-Borough-Council-Local-Plan/pdf/Local_Plan_Adopted_November_2019.pdf,"Permission 180319, for which demolition underway at 31/03/2019.  Allocation WR3i in Local Plan.  ",2017-12-15,2019-12-16
http://opendatacommunities.org/doc/unitary-authority/reading,Reading Borough Council,BL5003,,"""Reading University Boat Club, Thames Promenade, Caversham, Reading""",https://www.reading.gov.uk/media/8110/Brownfield-Register-Maps-BL5001-5012/pdf/Brownfield_Land_Register_Maps_2019_5001_to_5012.pdf,OSGB36,471310,174600,0.56,not owned by a public authority,yes,not permissioned,,,,,16,"Development for residential, subject to relocation or retention of the boat club.",,,16,25.0,,https://www.reading.gov.uk/media/10410/Reading-Borough-Council-Local-Plan/pdf/Local_Plan_Adopted_November_2019.pdf,Allocation CA1a in Local Plan,2017-12-15,2019-12-16
http://opendatacommunities.org/doc/unitary-authority/reading,Reading Borough Council,BL5004,,"""St Martin's Precinct, Church Street, Caversham, Reading""",https://www.reading.gov.uk/media/8110/Brownfield-Register-Maps-BL5001-5012/pdf/Brownfield_Land_Register_Maps_2019_5001_to_5012.pdf,OSGB36,471395,174747,1.71,not owned by a public authority,,permissioned,full planning permission,2015-03-31,,,40,"Erection of new and extended retail floorspace, new restaurant, new leisure floorspace, residential apartments, car park works and associated landscaping, surfacing, public realm and shopfront improvement works.","A1 Retail (501 sq m net increase), A3 restaurants (524 sq m increase), lesiure (652 sq m increase)",,40,,,,Permission 140997,2017-12-15,2019-12-16
http://opendatacommunities.org/doc/unitary-authority/reading,Reading Borough Council,BL5006,,"""458-478 Oxford Road and 1-3 Chester Street, Reading""",https://www.reading.gov.uk/media/8110/Brownfield-Register-Maps-BL5001-5012/pdf/Brownfield_Land_Register_Maps_2019_5001_to_5012.pdf,OSGB36,469519,173724,0.1,not owned by a public authority,,permissioned,full planning permission,2018-12-20,,,5,Development for residential,A1 Retail (132 sq m),,5,,,,Permission for a retail unit and nine dwellings (162355).,2017-12-15,2019-12-16
http://opendatacommunities.org/doc/unitary-authority/reading,Reading Borough Council,BL5007,,"""361-363 Oxford Road, Reading""",https://www.reading.gov.uk/media/8110/Brownfield-Register-Maps-BL5001-5012/pdf/Brownfield_Land_Register_Maps_2019_5001_to_5012.pdf,OSGB36,469972,173502,0.27,not owned by a public authority,yes,permissioned,full planning permission,2017-07-19,,,6,Proposed roof extension and alterations to form an A1 retail unit and four residential flats at ground and first floor level and two residential flats at 2nd floor level.,Retail unit at ground floor,,6,,,,Permission 170530 under construction at 31/03/2019,2017-12-15,2019-12-16
http://opendatacommunities.org/doc/unitary-authority/reading,Reading Borough Council,BL5008,,"""Rear of 303-315 Oxford Road, Reading""",https://www.reading.gov.uk/media/8110/Brownfield-Register-Maps-BL5001-5012/pdf/Brownfield_Land_Register_Maps_2019_5001_to_5012.pdf,OSGB36,470140,173410,0.22,not owned by a public authority,,not permissioned,,,,,14,Development for residential.,,,14,20.0,,https://www.reading.gov.uk/media/10410/Reading-Borough-Council-Local-Plan/pdf/Local_Plan_Adopted_November_2019.pdf,Allocation WR3h in Local Plan.,2017-12-15,2019-12-16
http://opendatacommunities.org/doc/unitary-authority/reading,Reading Borough Council,BL5009,,"""307-311 Gosbrook Road, Caversham, Reading""",https://www.reading.gov.uk/media/8110/Brownfield-Register-Maps-BL5001-5012/pdf/Brownfield_Land_Register_Maps_2019_5001_to_5012.pdf,OSGB36,472100,174550,0.05,not owned by a public authority,yes,permissioned,full planning permission,2006-12-07,,,5,Demolition of existing printing works and erection of 4 apartments and 1 garden flat.,,,5,,,,Permission 060683. Under construction at 31/03/2019.,2017-12-15,2019-12-16
http://opendatacommunities.org/doc/unitary-authority/reading,Reading Borough Council,BL5010,,"""Land at Lowfield Road, Caversham, Reading""",https://www.reading.gov.uk/media/8110/Brownfield-Register-Maps-BL5001-5012/pdf/Brownfield_Land_Register_Maps_2019_5001_to_5012.pdf,OSGB36,473030,175880,0.93,owned by a public authority,,not permissioned,,,,,24,Development for residential,,,24,36.0,,https://www.reading.gov.uk/media/10410/Reading-Borough-Council-Local-Plan/pdf/Local_Plan_Adopted_November_2019.pdf,Allocation CA1c in Local Plan.  Current temporary planning permission for temporary accommodation.,2017-12-15,2019-12-16
http://opendatacommunities.org/doc/unitary-authority/reading,Reading Borough Council,BL5011,,"""Caversham Park House, Caversham, Reading""",https://www.reading.gov.uk/media/8110/Brownfield-Register-Maps-BL5001-5012/pdf/Brownfield_Land_Register_Maps_2019_5001_to_5012.pdf,OSGB36,472460,176280,0.74,owned by a public authority,,not permissioned,,,,,40,Potential conversion of the listed house only from offices to residential,,,40,45.0,,https://www.reading.gov.uk/media/10410/Reading-Borough-Council-Local-Plan/pdf/Local_Plan_Adopted_November_2019.pdf,Allocation CA2 in Local Plan,2017-12-15,2019-12-16
http://opendatacommunities.org/doc/unitary-authority/reading,Reading Borough Council,BL5012,,"""2 Priory Avenue, Caversham, Reading""",https://www.reading.gov.uk/media/8110/Brownfield-Register-Maps-BL5001-5012/pdf/Brownfield_Land_Register_Maps_2019_5001_to_5012.pdf,OSGB36,471223,174807,0.03,not owned by a public authority,yes,permissioned,full planning permission,2019-05-09,,,6,Change of use and conversion of the building from doctors surgery to residential in the form of 4 x 1-bed flats and 2 x 2-bed flats including provision of bin and cycle storage.,,,6,,,,Permission 181716,2019-12-16,2019-12-16
